2025-12-29 10:24:24,001 - INFO - Login to BRAIN successfully.
2025-12-29 10:24:24,001 - INFO - No one is in active simulation now
2025-12-29 10:24:24,030 - INFO - Loading new alpha...
2025-12-29 10:24:24,030 - INFO - Starting simulation for alpha: ts_corr(model62, current_account, 60) with settings: {"instrumentType": "EQUITY", "region": "IND", "universe": "TOP2000", "delay": 1, "decay": 6, "neutralization": "subindustry", "truncation": 0.01, "pasteurization": "ON", "unitHandling": "VERIFY", "nanHandling": "ON", "language": "FASTEXPR", "visualization": false}
2025-12-29 10:24:24,333 - ERROR - Error in sending simulation request: 400 Client Error: Bad Request for url: https://api.worldquantbrain.com/simulations
2025-12-29 10:24:24,333 - ERROR - Error in sending simulation request. Retrying after 5s...
2025-12-29 10:24:29,635 - ERROR - Error in sending simulation request: 400 Client Error: Bad Request for url: https://api.worldquantbrain.com/simulations
2025-12-29 10:24:29,635 - ERROR - Error in sending simulation request. Retrying after 5s...
2025-12-29 10:24:34,944 - ERROR - Error in sending simulation request: 400 Client Error: Bad Request for url: https://api.worldquantbrain.com/simulations
2025-12-29 10:24:34,944 - ERROR - Error in sending simulation request. Retrying after 5s...
2025-12-29 10:24:40,248 - ERROR - Error in sending simulation request: 400 Client Error: Bad Request for url: https://api.worldquantbrain.com/simulations
2025-12-29 10:24:40,248 - ERROR - Error in sending simulation request. Retrying after 5s...
2025-12-29 10:24:45,561 - ERROR - Error in sending simulation request: 400 Client Error: Bad Request for url: https://api.worldquantbrain.com/simulations
2025-12-29 10:24:45,561 - ERROR - Error in sending simulation request. Retrying after 5s...
2025-12-29 10:24:50,907 - ERROR - Error in sending simulation request: 400 Client Error: Bad Request for url: https://api.worldquantbrain.com/simulations
2025-12-29 10:24:50,908 - ERROR - Error in sending simulation request. Retrying after 5s...
2025-12-29 10:24:56,259 - ERROR - Error in sending simulation request: 400 Client Error: Bad Request for url: https://api.worldquantbrain.com/simulations
2025-12-29 10:24:56,259 - ERROR - Error in sending simulation request. Retrying after 5s...
2025-12-29 10:25:01,899 - ERROR - Error in sending simulation request: 400 Client Error: Bad Request for url: https://api.worldquantbrain.com/simulations
2025-12-29 10:25:01,900 - ERROR - Error in sending simulation request. Retrying after 5s...
2025-12-29 10:25:07,199 - ERROR - Error in sending simulation request: 400 Client Error: Bad Request for url: https://api.worldquantbrain.com/simulations
2025-12-29 10:25:07,200 - ERROR - Error in sending simulation request. Retrying after 5s...
2025-12-29 10:25:12,514 - ERROR - Error in sending simulation request: 400 Client Error: Bad Request for url: https://api.worldquantbrain.com/simulations
2025-12-29 10:25:12,514 - ERROR - Error in sending simulation request. Retrying after 5s...
2025-12-29 10:25:17,820 - ERROR - Error in sending simulation request: 400 Client Error: Bad Request for url: https://api.worldquantbrain.com/simulations
2025-12-29 10:25:17,820 - ERROR - Error in sending simulation request. Retrying after 5s...
2025-12-29 10:25:23,468 - ERROR - Error in sending simulation request: 400 Client Error: Bad Request for url: https://api.worldquantbrain.com/simulations
2025-12-29 10:25:23,468 - ERROR - Error in sending simulation request. Retrying after 5s...
2025-12-29 10:25:28,781 - ERROR - Error in sending simulation request: 400 Client Error: Bad Request for url: https://api.worldquantbrain.com/simulations
2025-12-29 10:25:28,781 - ERROR - Error in sending simulation request. Retrying after 5s...
2025-12-29 10:25:34,088 - ERROR - Error in sending simulation request: 400 Client Error: Bad Request for url: https://api.worldquantbrain.com/simulations
2025-12-29 10:25:34,088 - ERROR - Error in sending simulation request. Retrying after 5s...
2025-12-29 10:25:39,396 - ERROR - Error in sending simulation request: 400 Client Error: Bad Request for url: https://api.worldquantbrain.com/simulations
2025-12-29 10:25:39,397 - ERROR - Error in sending simulation request. Retrying after 5s...
2025-12-29 10:25:44,697 - ERROR - Error in sending simulation request: 400 Client Error: Bad Request for url: https://api.worldquantbrain.com/simulations
2025-12-29 10:25:44,698 - ERROR - Error in sending simulation request. Retrying after 5s...
2025-12-29 10:25:50,037 - ERROR - Error in sending simulation request: 400 Client Error: Bad Request for url: https://api.worldquantbrain.com/simulations
2025-12-29 10:25:50,037 - ERROR - Error in sending simulation request. Retrying after 5s...
2025-12-29 10:25:55,342 - ERROR - Error in sending simulation request: 400 Client Error: Bad Request for url: https://api.worldquantbrain.com/simulations
2025-12-29 10:25:55,342 - ERROR - Error in sending simulation request. Retrying after 5s...
2025-12-29 10:26:00,648 - ERROR - Error in sending simulation request: 400 Client Error: Bad Request for url: https://api.worldquantbrain.com/simulations
2025-12-29 10:26:00,648 - ERROR - Error in sending simulation request. Retrying after 5s...
2025-12-29 10:26:06,284 - ERROR - Error in sending simulation request: 400 Client Error: Bad Request for url: https://api.worldquantbrain.com/simulations
2025-12-29 10:26:06,284 - ERROR - Error in sending simulation request. Retrying after 5s...
2025-12-29 10:26:11,591 - ERROR - Error in sending simulation request: 400 Client Error: Bad Request for url: https://api.worldquantbrain.com/simulations
2025-12-29 10:26:11,591 - ERROR - Error in sending simulation request. Retrying after 5s...
2025-12-29 10:26:16,958 - ERROR - Error in sending simulation request: 400 Client Error: Bad Request for url: https://api.worldquantbrain.com/simulations
2025-12-29 10:26:16,958 - ERROR - Error in sending simulation request. Retrying after 5s...
2025-12-29 10:26:22,265 - ERROR - Error in sending simulation request: 400 Client Error: Bad Request for url: https://api.worldquantbrain.com/simulations
2025-12-29 10:26:22,265 - ERROR - Error in sending simulation request. Retrying after 5s...
2025-12-29 10:26:27,569 - ERROR - Error in sending simulation request: 400 Client Error: Bad Request for url: https://api.worldquantbrain.com/simulations
2025-12-29 10:26:27,569 - ERROR - Error in sending simulation request. Retrying after 5s...
2025-12-29 10:26:32,871 - ERROR - Error in sending simulation request: 400 Client Error: Bad Request for url: https://api.worldquantbrain.com/simulations
2025-12-29 10:26:32,871 - ERROR - Error in sending simulation request. Retrying after 5s...
2025-12-29 10:26:38,177 - ERROR - Error in sending simulation request: 400 Client Error: Bad Request for url: https://api.worldquantbrain.com/simulations
2025-12-29 10:26:38,177 - ERROR - Error in sending simulation request. Retrying after 5s...
2025-12-29 10:26:43,504 - ERROR - Error in sending simulation request: 400 Client Error: Bad Request for url: https://api.worldquantbrain.com/simulations
2025-12-29 10:26:43,504 - ERROR - Error in sending simulation request. Retrying after 5s...
2025-12-29 10:26:48,854 - ERROR - Error in sending simulation request: 400 Client Error: Bad Request for url: https://api.worldquantbrain.com/simulations
2025-12-29 10:26:48,854 - ERROR - Error in sending simulation request. Retrying after 5s...
2025-12-29 10:26:54,508 - ERROR - Error in sending simulation request: 400 Client Error: Bad Request for url: https://api.worldquantbrain.com/simulations
2025-12-29 10:26:54,508 - ERROR - Error in sending simulation request. Retrying after 5s...
2025-12-29 10:26:59,873 - ERROR - Error in sending simulation request: 400 Client Error: Bad Request for url: https://api.worldquantbrain.com/simulations
2025-12-29 10:26:59,873 - ERROR - Error in sending simulation request. Retrying after 5s...
2025-12-29 10:27:05,177 - ERROR - Error in sending simulation request: 400 Client Error: Bad Request for url: https://api.worldquantbrain.com/simulations
2025-12-29 10:27:05,177 - ERROR - Error in sending simulation request. Retrying after 5s...
2025-12-29 10:27:10,828 - ERROR - Error in sending simulation request: 400 Client Error: Bad Request for url: https://api.worldquantbrain.com/simulations
2025-12-29 10:27:10,829 - ERROR - Error in sending simulation request. Retrying after 5s...
2025-12-29 10:27:16,131 - ERROR - Error in sending simulation request: 400 Client Error: Bad Request for url: https://api.worldquantbrain.com/simulations
2025-12-29 10:27:16,131 - ERROR - Error in sending simulation request. Retrying after 5s...
2025-12-29 10:27:21,437 - ERROR - Error in sending simulation request: 400 Client Error: Bad Request for url: https://api.worldquantbrain.com/simulations
2025-12-29 10:27:21,437 - ERROR - Error in sending simulation request. Retrying after 5s...
2025-12-29 10:27:26,915 - ERROR - Error in sending simulation request: 400 Client Error: Bad Request for url: https://api.worldquantbrain.com/simulations
2025-12-29 10:27:26,915 - ERROR - Error in sending simulation request. Retrying after 5s...
2025-12-29 10:27:32,222 - ERROR - Error in sending simulation request: 400 Client Error: Bad Request for url: https://api.worldquantbrain.com/simulations
2025-12-29 10:27:32,222 - ERROR - Error in sending simulation request. Retrying after 5s...
2025-12-29 10:27:37,529 - ERROR - Error in sending simulation request: 400 Client Error: Bad Request for url: https://api.worldquantbrain.com/simulations
2025-12-29 10:27:40,563 - INFO - Login to BRAIN successfully.
2025-12-29 10:27:40,564 - ERROR - Error occurred too many times, skipping this alpha and re-logging in.
2025-12-29 10:27:40,564 - ERROR - Simulation request failed after 36 attempts.
2025-12-29 10:27:43,569 - INFO - No one is in active simulation now
2025-12-29 10:27:43,570 - INFO - Loading new alpha...
2025-12-29 10:27:43,570 - INFO - Starting simulation for alpha: group_neutralize(rank(model68), industry) with settings: {"instrumentType": "EQUITY", "region": "IND", "universe": "TOP2000", "delay": 1, "decay": 5, "neutralization": "exchange", "truncation": 0.01, "pasteurization": "ON", "unitHandling": "VERIFY", "nanHandling": "ON", "language": "FASTEXPR", "visualization": false}
2025-12-29 10:27:43,862 - ERROR - Error in sending simulation request: 400 Client Error: Bad Request for url: https://api.worldquantbrain.com/simulations
2025-12-29 10:27:43,862 - ERROR - Error in sending simulation request. Retrying after 5s...
2025-12-29 10:27:49,160 - ERROR - Error in sending simulation request: 400 Client Error: Bad Request for url: https://api.worldquantbrain.com/simulations
2025-12-29 10:27:49,160 - ERROR - Error in sending simulation request. Retrying after 5s...
2025-12-29 10:27:54,457 - ERROR - Error in sending simulation request: 400 Client Error: Bad Request for url: https://api.worldquantbrain.com/simulations
2025-12-29 10:27:54,457 - ERROR - Error in sending simulation request. Retrying after 5s...
2025-12-29 10:28:00,166 - ERROR - Error in sending simulation request: 400 Client Error: Bad Request for url: https://api.worldquantbrain.com/simulations
2025-12-29 10:28:00,166 - ERROR - Error in sending simulation request. Retrying after 5s...
2025-12-29 10:28:05,486 - ERROR - Error in sending simulation request: 400 Client Error: Bad Request for url: https://api.worldquantbrain.com/simulations
2025-12-29 10:28:05,486 - ERROR - Error in sending simulation request. Retrying after 5s...
2025-12-29 10:28:10,780 - ERROR - Error in sending simulation request: 400 Client Error: Bad Request for url: https://api.worldquantbrain.com/simulations
2025-12-29 10:28:10,780 - ERROR - Error in sending simulation request. Retrying after 5s...
2025-12-29 10:28:16,073 - ERROR - Error in sending simulation request: 400 Client Error: Bad Request for url: https://api.worldquantbrain.com/simulations
2025-12-29 10:28:16,073 - ERROR - Error in sending simulation request. Retrying after 5s...
2025-12-29 10:28:21,364 - ERROR - Error in sending simulation request: 400 Client Error: Bad Request for url: https://api.worldquantbrain.com/simulations
2025-12-29 10:28:21,364 - ERROR - Error in sending simulation request. Retrying after 5s...
2025-12-29 10:28:26,704 - ERROR - Error in sending simulation request: 400 Client Error: Bad Request for url: https://api.worldquantbrain.com/simulations
2025-12-29 10:28:26,704 - ERROR - Error in sending simulation request. Retrying after 5s...
2025-12-29 10:28:31,995 - ERROR - Error in sending simulation request: 400 Client Error: Bad Request for url: https://api.worldquantbrain.com/simulations
2025-12-29 10:28:31,995 - ERROR - Error in sending simulation request. Retrying after 5s...
2025-12-29 10:28:37,287 - ERROR - Error in sending simulation request: 400 Client Error: Bad Request for url: https://api.worldquantbrain.com/simulations
2025-12-29 10:28:37,287 - ERROR - Error in sending simulation request. Retrying after 5s...
2025-12-29 10:28:42,928 - ERROR - Error in sending simulation request: 400 Client Error: Bad Request for url: https://api.worldquantbrain.com/simulations
2025-12-29 10:28:42,928 - ERROR - Error in sending simulation request. Retrying after 5s...
2025-12-29 10:28:48,565 - ERROR - Error in sending simulation request: 400 Client Error: Bad Request for url: https://api.worldquantbrain.com/simulations
2025-12-29 10:28:48,565 - ERROR - Error in sending simulation request. Retrying after 5s...
2025-12-29 10:29:05,790 - INFO - Login to BRAIN successfully.
2025-12-29 10:29:05,790 - INFO - No one is in active simulation now
2025-12-29 10:29:05,822 - INFO - Loading new alpha...
2025-12-29 10:29:05,822 - INFO - Starting simulation for alpha: ts_rank(ts_delta(model25, 2), 40) with settings: {'instrumentType': 'EQUITY', 'region': 'IND', 'universe': 'TOP2000', 'delay': 1, 'decay': 8, 'neutralization': 'sector', 'truncation': 0.01, 'pasteurization': 'ON', 'unitHandling': 'VERIFY', 'nanHandling': 'ON', 'language': 'FASTEXPR', 'visualization': False}
2025-12-29 10:29:06,125 - ERROR - Error in sending simulation request: 400 Client Error: Bad Request for url: https://api.worldquantbrain.com/simulations
2025-12-29 10:29:06,125 - ERROR - Error in sending simulation request. Retrying after 5s...
2025-12-29 10:29:11,427 - ERROR - Error in sending simulation request: 400 Client Error: Bad Request for url: https://api.worldquantbrain.com/simulations
2025-12-29 10:29:11,427 - ERROR - Error in sending simulation request. Retrying after 5s...
2025-12-29 10:29:16,747 - ERROR - Error in sending simulation request: 400 Client Error: Bad Request for url: https://api.worldquantbrain.com/simulations
2025-12-29 10:29:16,747 - ERROR - Error in sending simulation request. Retrying after 5s...
2025-12-29 10:29:22,054 - ERROR - Error in sending simulation request: 400 Client Error: Bad Request for url: https://api.worldquantbrain.com/simulations
2025-12-29 10:29:22,055 - ERROR - Error in sending simulation request. Retrying after 5s...
2025-12-29 10:29:29,460 - INFO - Login to BRAIN successfully.
2025-12-29 10:29:29,460 - INFO - No one is in active simulation now
2025-12-29 10:29:29,488 - INFO - Loading new alpha...
2025-12-29 10:29:29,488 - INFO - Starting simulation for alpha: ts_decay_linear(rank(exchange_rate), 40) with settings: {'instrumentType': 'EQUITY', 'region': 'IND', 'universe': 'TOP2000', 'delay': 1, 'decay': 5, 'neutralization': 'market', 'truncation': 0.01, 'pasteurization': 'ON', 'unitHandling': 'VERIFY', 'nanHandling': 'ON', 'language': 'FASTEXPR', 'visualization': False}
2025-12-29 10:29:29,840 - ERROR - Error in sending simulation request: 400 Client Error: Bad Request for url: https://api.worldquantbrain.com/simulations
2025-12-29 10:29:29,840 - ERROR - Error in sending simulation request. Retrying after 5s...
2025-12-29 10:29:35,162 - ERROR - Error in sending simulation request: 400 Client Error: Bad Request for url: https://api.worldquantbrain.com/simulations
2025-12-29 10:29:35,162 - ERROR - Error in sending simulation request. Retrying after 5s...
2025-12-29 10:29:40,471 - ERROR - Error in sending simulation request: 400 Client Error: Bad Request for url: https://api.worldquantbrain.com/simulations
2025-12-29 10:29:40,471 - ERROR - Error in sending simulation request. Retrying after 5s...
2025-12-29 10:29:45,831 - ERROR - Error in sending simulation request: 400 Client Error: Bad Request for url: https://api.worldquantbrain.com/simulations
2025-12-29 10:29:45,831 - ERROR - Error in sending simulation request. Retrying after 5s...
2025-12-29 10:29:51,159 - ERROR - Error in sending simulation request: 400 Client Error: Bad Request for url: https://api.worldquantbrain.com/simulations
2025-12-29 10:29:51,159 - ERROR - Error in sending simulation request. Retrying after 5s...
2025-12-29 10:29:56,474 - ERROR - Error in sending simulation request: 400 Client Error: Bad Request for url: https://api.worldquantbrain.com/simulations
2025-12-29 10:29:56,474 - ERROR - Error in sending simulation request. Retrying after 5s...
2025-12-29 10:30:02,137 - ERROR - Error in sending simulation request: 400 Client Error: Bad Request for url: https://api.worldquantbrain.com/simulations
2025-12-29 10:30:02,137 - ERROR - Error in sending simulation request. Retrying after 5s...
2025-12-29 10:30:07,463 - ERROR - Error in sending simulation request: 400 Client Error: Bad Request for url: https://api.worldquantbrain.com/simulations
2025-12-29 10:30:07,463 - ERROR - Error in sending simulation request. Retrying after 5s...
2025-12-29 10:30:12,769 - ERROR - Error in sending simulation request: 400 Client Error: Bad Request for url: https://api.worldquantbrain.com/simulations
2025-12-29 10:30:12,769 - ERROR - Error in sending simulation request. Retrying after 5s...
2025-12-29 10:30:18,084 - ERROR - Error in sending simulation request: 400 Client Error: Bad Request for url: https://api.worldquantbrain.com/simulations
2025-12-29 10:30:18,084 - ERROR - Error in sending simulation request. Retrying after 5s...
2025-12-29 10:30:23,400 - ERROR - Error in sending simulation request: 400 Client Error: Bad Request for url: https://api.worldquantbrain.com/simulations
2025-12-29 10:30:23,400 - ERROR - Error in sending simulation request. Retrying after 5s...
2025-12-29 10:30:28,713 - ERROR - Error in sending simulation request: 400 Client Error: Bad Request for url: https://api.worldquantbrain.com/simulations
2025-12-29 10:30:28,713 - ERROR - Error in sending simulation request. Retrying after 5s...
2025-12-29 10:30:37,158 - ERROR - Error in sending simulation request: 400 Client Error: Bad Request for url: https://api.worldquantbrain.com/simulations
2025-12-29 10:30:37,158 - ERROR - Error in sending simulation request. Retrying after 5s...
2025-12-29 10:30:42,800 - ERROR - Error in sending simulation request: 400 Client Error: Bad Request for url: https://api.worldquantbrain.com/simulations
2025-12-29 10:30:42,801 - ERROR - Error in sending simulation request. Retrying after 5s...
2025-12-29 10:30:48,124 - ERROR - Error in sending simulation request: 400 Client Error: Bad Request for url: https://api.worldquantbrain.com/simulations
2025-12-29 10:30:48,125 - ERROR - Error in sending simulation request. Retrying after 5s...
2025-12-29 10:30:53,780 - ERROR - Error in sending simulation request: 400 Client Error: Bad Request for url: https://api.worldquantbrain.com/simulations
2025-12-29 10:30:53,781 - ERROR - Error in sending simulation request. Retrying after 5s...
2025-12-29 10:30:59,109 - ERROR - Error in sending simulation request: 400 Client Error: Bad Request for url: https://api.worldquantbrain.com/simulations
2025-12-29 10:30:59,109 - ERROR - Error in sending simulation request. Retrying after 5s...
2025-12-29 10:31:04,426 - ERROR - Error in sending simulation request: 400 Client Error: Bad Request for url: https://api.worldquantbrain.com/simulations
2025-12-29 10:31:04,426 - ERROR - Error in sending simulation request. Retrying after 5s...
2025-12-29 10:31:09,737 - ERROR - Error in sending simulation request: 400 Client Error: Bad Request for url: https://api.worldquantbrain.com/simulations
2025-12-29 10:31:09,737 - ERROR - Error in sending simulation request. Retrying after 5s...
2025-12-29 10:31:15,063 - ERROR - Error in sending simulation request: 400 Client Error: Bad Request for url: https://api.worldquantbrain.com/simulations
2025-12-29 10:31:15,063 - ERROR - Error in sending simulation request. Retrying after 5s...
2025-12-29 10:31:20,724 - ERROR - Error in sending simulation request: 400 Client Error: Bad Request for url: https://api.worldquantbrain.com/simulations
2025-12-29 10:31:20,724 - ERROR - Error in sending simulation request. Retrying after 5s...
2025-12-29 10:31:26,376 - ERROR - Error in sending simulation request: 400 Client Error: Bad Request for url: https://api.worldquantbrain.com/simulations
2025-12-29 10:31:26,377 - ERROR - Error in sending simulation request. Retrying after 5s...
2025-12-29 10:31:31,690 - ERROR - Error in sending simulation request: 400 Client Error: Bad Request for url: https://api.worldquantbrain.com/simulations
2025-12-29 10:31:31,690 - ERROR - Error in sending simulation request. Retrying after 5s...
2025-12-29 10:31:37,329 - ERROR - Error in sending simulation request: 400 Client Error: Bad Request for url: https://api.worldquantbrain.com/simulations
2025-12-29 10:31:37,329 - ERROR - Error in sending simulation request. Retrying after 5s...
2025-12-29 10:31:43,009 - ERROR - Error in sending simulation request: 400 Client Error: Bad Request for url: https://api.worldquantbrain.com/simulations
2025-12-29 10:31:43,009 - ERROR - Error in sending simulation request. Retrying after 5s...
2025-12-29 10:31:49,021 - ERROR - Error in sending simulation request: 400 Client Error: Bad Request for url: https://api.worldquantbrain.com/simulations
2025-12-29 10:31:49,021 - ERROR - Error in sending simulation request. Retrying after 5s...
2025-12-29 10:31:54,339 - ERROR - Error in sending simulation request: 400 Client Error: Bad Request for url: https://api.worldquantbrain.com/simulations
2025-12-29 10:31:54,341 - ERROR - Error in sending simulation request. Retrying after 5s...
2025-12-29 10:31:59,657 - ERROR - Error in sending simulation request: 400 Client Error: Bad Request for url: https://api.worldquantbrain.com/simulations
2025-12-29 10:31:59,657 - ERROR - Error in sending simulation request. Retrying after 5s...
2025-12-29 10:32:05,044 - ERROR - Error in sending simulation request: 400 Client Error: Bad Request for url: https://api.worldquantbrain.com/simulations
2025-12-29 10:32:05,045 - ERROR - Error in sending simulation request. Retrying after 5s...
2025-12-29 10:32:10,372 - ERROR - Error in sending simulation request: 400 Client Error: Bad Request for url: https://api.worldquantbrain.com/simulations
2025-12-29 10:32:10,372 - ERROR - Error in sending simulation request. Retrying after 5s...
2025-12-29 10:32:16,054 - ERROR - Error in sending simulation request: 400 Client Error: Bad Request for url: https://api.worldquantbrain.com/simulations
2025-12-29 10:32:16,054 - ERROR - Error in sending simulation request. Retrying after 5s...
2025-12-29 10:32:21,370 - ERROR - Error in sending simulation request: 400 Client Error: Bad Request for url: https://api.worldquantbrain.com/simulations
2025-12-29 10:32:21,370 - ERROR - Error in sending simulation request. Retrying after 5s...
2025-12-29 10:32:26,691 - ERROR - Error in sending simulation request: 400 Client Error: Bad Request for url: https://api.worldquantbrain.com/simulations
2025-12-29 10:32:26,691 - ERROR - Error in sending simulation request. Retrying after 5s...
2025-12-29 10:32:32,349 - ERROR - Error in sending simulation request: 400 Client Error: Bad Request for url: https://api.worldquantbrain.com/simulations
2025-12-29 10:32:32,349 - ERROR - Error in sending simulation request. Retrying after 5s...
2025-12-29 10:32:37,657 - ERROR - Error in sending simulation request: 400 Client Error: Bad Request for url: https://api.worldquantbrain.com/simulations
2025-12-29 10:32:37,657 - ERROR - Error in sending simulation request. Retrying after 5s...
2025-12-29 10:32:43,379 - ERROR - Error in sending simulation request: 400 Client Error: Bad Request for url: https://api.worldquantbrain.com/simulations
2025-12-29 10:32:43,379 - ERROR - Error in sending simulation request. Retrying after 5s...
2025-12-29 10:32:48,699 - ERROR - Error in sending simulation request: 400 Client Error: Bad Request for url: https://api.worldquantbrain.com/simulations
2025-12-29 10:32:50,723 - INFO - Login to BRAIN successfully.
2025-12-29 10:32:50,723 - ERROR - Error occurred too many times, skipping this alpha and re-logging in.
2025-12-29 10:32:50,723 - ERROR - Simulation request failed after 36 attempts.
2025-12-29 10:32:53,730 - INFO - No one is in active simulation now
2025-12-29 10:32:53,730 - INFO - Loading new alpha...
2025-12-29 10:32:53,730 - INFO - Starting simulation for alpha: ts_mean(industrial_production, 40) with settings: {'instrumentType': 'EQUITY', 'region': 'IND', 'universe': 'TOP2000', 'delay': 1, 'decay': 6, 'neutralization': 'exchange', 'truncation': 0.01, 'pasteurization': 'ON', 'unitHandling': 'VERIFY', 'nanHandling': 'ON', 'language': 'FASTEXPR', 'visualization': False}
2025-12-29 10:32:54,030 - ERROR - Error in sending simulation request: 400 Client Error: Bad Request for url: https://api.worldquantbrain.com/simulations
2025-12-29 10:32:54,030 - ERROR - Error in sending simulation request. Retrying after 5s...
2025-12-29 10:32:59,331 - ERROR - Error in sending simulation request: 400 Client Error: Bad Request for url: https://api.worldquantbrain.com/simulations
2025-12-29 10:32:59,331 - ERROR - Error in sending simulation request. Retrying after 5s...
2025-12-29 10:33:04,633 - ERROR - Error in sending simulation request: 400 Client Error: Bad Request for url: https://api.worldquantbrain.com/simulations
2025-12-29 10:33:04,634 - ERROR - Error in sending simulation request. Retrying after 5s...
2025-12-29 10:33:09,968 - ERROR - Error in sending simulation request: 400 Client Error: Bad Request for url: https://api.worldquantbrain.com/simulations
2025-12-29 10:33:09,968 - ERROR - Error in sending simulation request. Retrying after 5s...
2025-12-29 10:33:15,272 - ERROR - Error in sending simulation request: 400 Client Error: Bad Request for url: https://api.worldquantbrain.com/simulations
2025-12-29 10:33:15,272 - ERROR - Error in sending simulation request. Retrying after 5s...
2025-12-29 10:33:20,624 - ERROR - Error in sending simulation request: 400 Client Error: Bad Request for url: https://api.worldquantbrain.com/simulations
2025-12-29 10:33:20,624 - ERROR - Error in sending simulation request. Retrying after 5s...
2025-12-29 10:33:25,926 - ERROR - Error in sending simulation request: 400 Client Error: Bad Request for url: https://api.worldquantbrain.com/simulations
2025-12-29 10:33:25,926 - ERROR - Error in sending simulation request. Retrying after 5s...
2025-12-29 10:33:31,226 - ERROR - Error in sending simulation request: 400 Client Error: Bad Request for url: https://api.worldquantbrain.com/simulations
2025-12-29 10:33:31,226 - ERROR - Error in sending simulation request. Retrying after 5s...
2025-12-29 10:33:36,867 - ERROR - Error in sending simulation request: 400 Client Error: Bad Request for url: https://api.worldquantbrain.com/simulations
2025-12-29 10:33:36,867 - ERROR - Error in sending simulation request. Retrying after 5s...
2025-12-29 10:33:42,160 - ERROR - Error in sending simulation request: 400 Client Error: Bad Request for url: https://api.worldquantbrain.com/simulations
2025-12-29 10:33:42,160 - ERROR - Error in sending simulation request. Retrying after 5s...
2025-12-29 10:33:47,459 - ERROR - Error in sending simulation request: 400 Client Error: Bad Request for url: https://api.worldquantbrain.com/simulations
2025-12-29 10:33:47,459 - ERROR - Error in sending simulation request. Retrying after 5s...
2025-12-29 10:33:52,761 - ERROR - Error in sending simulation request: 400 Client Error: Bad Request for url: https://api.worldquantbrain.com/simulations
2025-12-29 10:33:52,761 - ERROR - Error in sending simulation request. Retrying after 5s...
2025-12-29 10:33:58,054 - ERROR - Error in sending simulation request: 400 Client Error: Bad Request for url: https://api.worldquantbrain.com/simulations
2025-12-29 10:33:58,054 - ERROR - Error in sending simulation request. Retrying after 5s...
2025-12-29 10:34:03,685 - ERROR - Error in sending simulation request: 400 Client Error: Bad Request for url: https://api.worldquantbrain.com/simulations
2025-12-29 10:34:03,686 - ERROR - Error in sending simulation request. Retrying after 5s...
2025-12-29 10:34:08,989 - ERROR - Error in sending simulation request: 400 Client Error: Bad Request for url: https://api.worldquantbrain.com/simulations
2025-12-29 10:34:08,989 - ERROR - Error in sending simulation request. Retrying after 5s...
2025-12-29 10:34:14,304 - ERROR - Error in sending simulation request: 400 Client Error: Bad Request for url: https://api.worldquantbrain.com/simulations
2025-12-29 10:34:14,304 - ERROR - Error in sending simulation request. Retrying after 5s...
2025-12-29 10:34:19,604 - ERROR - Error in sending simulation request: 400 Client Error: Bad Request for url: https://api.worldquantbrain.com/simulations
2025-12-29 10:34:19,604 - ERROR - Error in sending simulation request. Retrying after 5s...
2025-12-29 10:34:25,986 - ERROR - Error in sending simulation request: 400 Client Error: Bad Request for url: https://api.worldquantbrain.com/simulations
2025-12-29 10:34:25,986 - ERROR - Error in sending simulation request. Retrying after 5s...
2025-12-29 10:34:31,285 - ERROR - Error in sending simulation request: 400 Client Error: Bad Request for url: https://api.worldquantbrain.com/simulations
2025-12-29 10:34:31,285 - ERROR - Error in sending simulation request. Retrying after 5s...
2025-12-29 10:34:36,586 - ERROR - Error in sending simulation request: 400 Client Error: Bad Request for url: https://api.worldquantbrain.com/simulations
2025-12-29 10:34:36,586 - ERROR - Error in sending simulation request. Retrying after 5s...
2025-12-29 10:34:41,884 - ERROR - Error in sending simulation request: 400 Client Error: Bad Request for url: https://api.worldquantbrain.com/simulations
2025-12-29 10:34:41,885 - ERROR - Error in sending simulation request. Retrying after 5s...
2025-12-29 10:34:47,188 - ERROR - Error in sending simulation request: 400 Client Error: Bad Request for url: https://api.worldquantbrain.com/simulations
2025-12-29 10:34:47,188 - ERROR - Error in sending simulation request. Retrying after 5s...
2025-12-29 10:34:52,490 - ERROR - Error in sending simulation request: 400 Client Error: Bad Request for url: https://api.worldquantbrain.com/simulations
2025-12-29 10:34:52,490 - ERROR - Error in sending simulation request. Retrying after 5s...
2025-12-29 10:34:57,807 - ERROR - Error in sending simulation request: 400 Client Error: Bad Request for url: https://api.worldquantbrain.com/simulations
2025-12-29 10:34:57,807 - ERROR - Error in sending simulation request. Retrying after 5s...
2025-12-29 10:35:03,108 - ERROR - Error in sending simulation request: 400 Client Error: Bad Request for url: https://api.worldquantbrain.com/simulations
2025-12-29 10:35:03,108 - ERROR - Error in sending simulation request. Retrying after 5s...
2025-12-29 10:35:08,407 - ERROR - Error in sending simulation request: 400 Client Error: Bad Request for url: https://api.worldquantbrain.com/simulations
2025-12-29 10:35:08,407 - ERROR - Error in sending simulation request. Retrying after 5s...
2025-12-29 10:35:13,710 - ERROR - Error in sending simulation request: 400 Client Error: Bad Request for url: https://api.worldquantbrain.com/simulations
2025-12-29 10:35:13,711 - ERROR - Error in sending simulation request. Retrying after 5s...
2025-12-29 10:35:19,012 - ERROR - Error in sending simulation request: 400 Client Error: Bad Request for url: https://api.worldquantbrain.com/simulations
2025-12-29 10:35:19,012 - ERROR - Error in sending simulation request. Retrying after 5s...
2025-12-29 10:35:24,309 - ERROR - Error in sending simulation request: 400 Client Error: Bad Request for url: https://api.worldquantbrain.com/simulations
2025-12-29 10:35:24,309 - ERROR - Error in sending simulation request. Retrying after 5s...
2025-12-29 10:35:29,922 - ERROR - Error in sending simulation request: 400 Client Error: Bad Request for url: https://api.worldquantbrain.com/simulations
2025-12-29 10:35:29,922 - ERROR - Error in sending simulation request. Retrying after 5s...
2025-12-29 10:35:35,562 - ERROR - Error in sending simulation request: 400 Client Error: Bad Request for url: https://api.worldquantbrain.com/simulations
2025-12-29 10:35:35,562 - ERROR - Error in sending simulation request. Retrying after 5s...
2025-12-29 10:35:40,865 - ERROR - Error in sending simulation request: 400 Client Error: Bad Request for url: https://api.worldquantbrain.com/simulations
2025-12-29 10:35:40,865 - ERROR - Error in sending simulation request. Retrying after 5s...
2025-12-29 10:35:46,163 - ERROR - Error in sending simulation request: 400 Client Error: Bad Request for url: https://api.worldquantbrain.com/simulations
2025-12-29 10:35:46,164 - ERROR - Error in sending simulation request. Retrying after 5s...
2025-12-29 10:35:51,474 - ERROR - Error in sending simulation request: 400 Client Error: Bad Request for url: https://api.worldquantbrain.com/simulations
2025-12-29 10:35:51,474 - ERROR - Error in sending simulation request. Retrying after 5s...
2025-12-29 10:35:56,778 - ERROR - Error in sending simulation request: 400 Client Error: Bad Request for url: https://api.worldquantbrain.com/simulations
2025-12-29 10:35:56,778 - ERROR - Error in sending simulation request. Retrying after 5s...
2025-12-29 10:36:02,407 - ERROR - Error in sending simulation request: 400 Client Error: Bad Request for url: https://api.worldquantbrain.com/simulations
2025-12-29 10:36:02,408 - ERROR - Error in sending simulation request. Retrying after 5s...
2025-12-29 10:36:07,707 - ERROR - Error in sending simulation request: 400 Client Error: Bad Request for url: https://api.worldquantbrain.com/simulations
2025-12-29 10:36:23,670 - INFO - Login to BRAIN successfully.
2025-12-29 10:36:23,671 - ERROR - Error occurred too many times, skipping this alpha and re-logging in.
2025-12-29 10:36:23,671 - ERROR - Simulation request failed after 36 attempts.
2025-12-29 10:36:26,673 - INFO - No one is in active simulation now
2025-12-29 10:36:26,673 - INFO - Loading new alpha...
2025-12-29 10:36:26,673 - INFO - Starting simulation for alpha: ts_decay_linear(rank(cpi), 40) with settings: {'instrumentType': 'EQUITY', 'region': 'IND', 'universe': 'TOP2000', 'delay': 1, 'decay': 7, 'neutralization': 'market', 'truncation': 0.01, 'pasteurization': 'ON', 'unitHandling': 'VERIFY', 'nanHandling': 'ON', 'language': 'FASTEXPR', 'visualization': False}
2025-12-29 10:36:27,396 - ERROR - Error in sending simulation request: 400 Client Error: Bad Request for url: https://api.worldquantbrain.com/simulations
2025-12-29 10:36:27,396 - ERROR - Error in sending simulation request. Retrying after 5s...
2025-12-29 10:36:32,704 - ERROR - Error in sending simulation request: 400 Client Error: Bad Request for url: https://api.worldquantbrain.com/simulations
2025-12-29 10:36:32,704 - ERROR - Error in sending simulation request. Retrying after 5s...
2025-12-29 10:36:38,372 - ERROR - Error in sending simulation request: 400 Client Error: Bad Request for url: https://api.worldquantbrain.com/simulations
2025-12-29 10:36:38,373 - ERROR - Error in sending simulation request. Retrying after 5s...
2025-12-29 10:36:43,672 - ERROR - Error in sending simulation request: 400 Client Error: Bad Request for url: https://api.worldquantbrain.com/simulations
2025-12-29 10:36:43,672 - ERROR - Error in sending simulation request. Retrying after 5s...
2025-12-29 10:36:48,976 - ERROR - Error in sending simulation request: 400 Client Error: Bad Request for url: https://api.worldquantbrain.com/simulations
2025-12-29 10:36:48,976 - ERROR - Error in sending simulation request. Retrying after 5s...
2025-12-29 10:36:55,252 - ERROR - Error in sending simulation request: 400 Client Error: Bad Request for url: https://api.worldquantbrain.com/simulations
2025-12-29 10:36:55,253 - ERROR - Error in sending simulation request. Retrying after 5s...
2025-12-29 10:37:00,554 - ERROR - Error in sending simulation request: 400 Client Error: Bad Request for url: https://api.worldquantbrain.com/simulations
2025-12-29 10:37:00,554 - ERROR - Error in sending simulation request. Retrying after 5s...
2025-12-29 10:37:05,852 - ERROR - Error in sending simulation request: 400 Client Error: Bad Request for url: https://api.worldquantbrain.com/simulations
2025-12-29 10:37:05,853 - ERROR - Error in sending simulation request. Retrying after 5s...
2025-12-29 10:37:11,492 - ERROR - Error in sending simulation request: 400 Client Error: Bad Request for url: https://api.worldquantbrain.com/simulations
2025-12-29 10:37:11,492 - ERROR - Error in sending simulation request. Retrying after 5s...
2025-12-29 10:37:17,095 - ERROR - Error in sending simulation request: 400 Client Error: Bad Request for url: https://api.worldquantbrain.com/simulations
2025-12-29 10:37:17,095 - ERROR - Error in sending simulation request. Retrying after 5s...
2025-12-29 10:37:22,726 - ERROR - Error in sending simulation request: 400 Client Error: Bad Request for url: https://api.worldquantbrain.com/simulations
2025-12-29 10:37:22,726 - ERROR - Error in sending simulation request. Retrying after 5s...
2025-12-29 10:37:28,055 - ERROR - Error in sending simulation request: 400 Client Error: Bad Request for url: https://api.worldquantbrain.com/simulations
2025-12-29 10:37:28,055 - ERROR - Error in sending simulation request. Retrying after 5s...
2025-12-29 10:37:33,359 - ERROR - Error in sending simulation request: 400 Client Error: Bad Request for url: https://api.worldquantbrain.com/simulations
2025-12-29 10:37:33,360 - ERROR - Error in sending simulation request. Retrying after 5s...
2025-12-29 10:37:38,657 - ERROR - Error in sending simulation request: 400 Client Error: Bad Request for url: https://api.worldquantbrain.com/simulations
2025-12-29 10:37:38,658 - ERROR - Error in sending simulation request. Retrying after 5s...
2025-12-29 10:37:44,293 - ERROR - Error in sending simulation request: 400 Client Error: Bad Request for url: https://api.worldquantbrain.com/simulations
2025-12-29 10:37:44,293 - ERROR - Error in sending simulation request. Retrying after 5s...
2025-12-29 10:37:49,602 - ERROR - Error in sending simulation request: 400 Client Error: Bad Request for url: https://api.worldquantbrain.com/simulations
2025-12-29 10:37:49,603 - ERROR - Error in sending simulation request. Retrying after 5s...
2025-12-29 10:37:54,896 - ERROR - Error in sending simulation request: 400 Client Error: Bad Request for url: https://api.worldquantbrain.com/simulations
2025-12-29 10:37:54,896 - ERROR - Error in sending simulation request. Retrying after 5s...
2025-12-29 10:38:00,205 - ERROR - Error in sending simulation request: 400 Client Error: Bad Request for url: https://api.worldquantbrain.com/simulations
2025-12-29 10:38:00,205 - ERROR - Error in sending simulation request. Retrying after 5s...
2025-12-29 10:38:05,829 - ERROR - Error in sending simulation request: 400 Client Error: Bad Request for url: https://api.worldquantbrain.com/simulations
2025-12-29 10:38:05,829 - ERROR - Error in sending simulation request. Retrying after 5s...
2025-12-29 10:38:11,898 - INFO - Login to BRAIN successfully.
2025-12-29 10:38:11,898 - INFO - No one is in active simulation now
2025-12-29 10:38:11,929 - INFO - Loading new alpha...
2025-12-29 10:38:11,929 - INFO - Starting simulation for alpha: -1 * ts_zscore(industrial_production, 30) with settings: {'instrumentType': 'EQUITY', 'region': 'IND', 'universe': 'TOP2000', 'delay': 1, 'decay': 6, 'neutralization': 'country', 'truncation': 0.01, 'pasteurization': 'ON', 'unitHandling': 'VERIFY', 'nanHandling': 'ON', 'language': 'FASTEXPR', 'visualization': False}
2025-12-29 10:38:12,136 - ERROR - Error in sending simulation request: 400 Client Error: Bad Request for url: https://api.worldquantbrain.com/simulations
2025-12-29 10:38:12,136 - ERROR - Error in sending simulation request. Retrying after 5s...
2025-12-29 10:38:12,242 - ERROR - Error in sending simulation request: 400 Client Error: Bad Request for url: https://api.worldquantbrain.com/simulations
2025-12-29 10:38:12,242 - ERROR - Error in sending simulation request. Retrying after 5s...
2025-12-29 10:38:17,436 - ERROR - Error in sending simulation request: 400 Client Error: Bad Request for url: https://api.worldquantbrain.com/simulations
2025-12-29 10:38:17,437 - ERROR - Error in sending simulation request. Retrying after 5s...
2025-12-29 10:38:17,551 - ERROR - Error in sending simulation request: 400 Client Error: Bad Request for url: https://api.worldquantbrain.com/simulations
2025-12-29 10:38:17,551 - ERROR - Error in sending simulation request. Retrying after 5s...
2025-12-29 10:38:22,735 - ERROR - Error in sending simulation request: 400 Client Error: Bad Request for url: https://api.worldquantbrain.com/simulations
2025-12-29 10:38:22,736 - ERROR - Error in sending simulation request. Retrying after 5s...
2025-12-29 10:38:23,215 - ERROR - Error in sending simulation request: 400 Client Error: Bad Request for url: https://api.worldquantbrain.com/simulations
2025-12-29 10:38:23,215 - ERROR - Error in sending simulation request. Retrying after 5s...
2025-12-29 10:38:28,038 - ERROR - Error in sending simulation request: 400 Client Error: Bad Request for url: https://api.worldquantbrain.com/simulations
2025-12-29 10:38:28,038 - ERROR - Error in sending simulation request. Retrying after 5s...
2025-12-29 10:38:28,518 - ERROR - Error in sending simulation request: 400 Client Error: Bad Request for url: https://api.worldquantbrain.com/simulations
2025-12-29 10:38:28,518 - ERROR - Error in sending simulation request. Retrying after 5s...
2025-12-29 10:38:33,336 - ERROR - Error in sending simulation request: 400 Client Error: Bad Request for url: https://api.worldquantbrain.com/simulations
2025-12-29 10:38:33,336 - ERROR - Error in sending simulation request. Retrying after 5s...
2025-12-29 10:38:37,157 - ERROR - Error in sending simulation request: 400 Client Error: Bad Request for url: https://api.worldquantbrain.com/simulations
2025-12-29 10:38:37,157 - ERROR - Error in sending simulation request. Retrying after 5s...
2025-12-29 10:38:38,637 - ERROR - Error in sending simulation request: 400 Client Error: Bad Request for url: https://api.worldquantbrain.com/simulations
2025-12-29 10:38:38,637 - ERROR - Error in sending simulation request. Retrying after 5s...
2025-12-29 10:38:42,494 - ERROR - Error in sending simulation request: 400 Client Error: Bad Request for url: https://api.worldquantbrain.com/simulations
2025-12-29 10:38:42,494 - ERROR - Error in sending simulation request. Retrying after 5s...
2025-12-29 10:38:43,940 - ERROR - Error in sending simulation request: 400 Client Error: Bad Request for url: https://api.worldquantbrain.com/simulations
2025-12-29 10:38:43,940 - ERROR - Error in sending simulation request. Retrying after 5s...
2025-12-29 10:38:48,145 - ERROR - Error in sending simulation request: 400 Client Error: Bad Request for url: https://api.worldquantbrain.com/simulations
2025-12-29 10:38:48,146 - ERROR - Error in sending simulation request. Retrying after 5s...
2025-12-29 10:38:49,255 - ERROR - Error in sending simulation request: 400 Client Error: Bad Request for url: https://api.worldquantbrain.com/simulations
2025-12-29 10:38:49,255 - ERROR - Error in sending simulation request. Retrying after 5s...
2025-12-29 10:38:54,558 - ERROR - Error in sending simulation request: 400 Client Error: Bad Request for url: https://api.worldquantbrain.com/simulations
2025-12-29 10:38:54,559 - ERROR - Error in sending simulation request. Retrying after 5s...
2025-12-29 10:38:59,878 - ERROR - Error in sending simulation request: 400 Client Error: Bad Request for url: https://api.worldquantbrain.com/simulations
2025-12-29 10:38:59,878 - ERROR - Error in sending simulation request. Retrying after 5s...
2025-12-29 10:39:05,210 - ERROR - Error in sending simulation request: 400 Client Error: Bad Request for url: https://api.worldquantbrain.com/simulations
2025-12-29 10:39:05,210 - ERROR - Error in sending simulation request. Retrying after 5s...
2025-12-29 10:39:11,139 - ERROR - Error in sending simulation request: 400 Client Error: Bad Request for url: https://api.worldquantbrain.com/simulations
2025-12-29 10:39:11,139 - ERROR - Error in sending simulation request. Retrying after 5s...
2025-12-29 10:39:16,391 - ERROR - Error in sending simulation request: 400 Client Error: Bad Request for url: https://api.worldquantbrain.com/simulations
2025-12-29 10:39:16,392 - ERROR - Error in sending simulation request. Retrying after 5s...
2025-12-29 10:39:21,642 - ERROR - Error in sending simulation request: 400 Client Error: Bad Request for url: https://api.worldquantbrain.com/simulations
2025-12-29 10:39:21,642 - ERROR - Error in sending simulation request. Retrying after 5s...
2025-12-29 10:39:27,432 - ERROR - Error in sending simulation request: 400 Client Error: Bad Request for url: https://api.worldquantbrain.com/simulations
2025-12-29 10:39:27,432 - ERROR - Error in sending simulation request. Retrying after 5s...
2025-12-29 10:39:32,679 - ERROR - Error in sending simulation request: 400 Client Error: Bad Request for url: https://api.worldquantbrain.com/simulations
2025-12-29 10:39:32,679 - ERROR - Error in sending simulation request. Retrying after 5s...
2025-12-29 10:39:37,926 - ERROR - Error in sending simulation request: 400 Client Error: Bad Request for url: https://api.worldquantbrain.com/simulations
2025-12-29 10:39:37,926 - ERROR - Error in sending simulation request. Retrying after 5s...
2025-12-29 10:39:43,171 - ERROR - Error in sending simulation request: 400 Client Error: Bad Request for url: https://api.worldquantbrain.com/simulations
2025-12-29 10:39:44,126 - INFO - Login to BRAIN successfully.
2025-12-29 10:39:44,126 - ERROR - Error occurred too many times, skipping this alpha and re-logging in.
2025-12-29 10:39:44,126 - ERROR - Simulation request failed after 36 attempts.
2025-12-29 10:39:47,134 - INFO - No one is in active simulation now
2025-12-29 10:39:47,134 - INFO - Loading new alpha...
2025-12-29 10:39:47,134 - INFO - Starting simulation for alpha: -1 * ts_zscore(housing_starts, 60) with settings: {'instrumentType': 'EQUITY', 'region': 'IND', 'universe': 'TOP2000', 'delay': 1, 'decay': 5, 'neutralization': 'country', 'truncation': 0.01, 'pasteurization': 'ON', 'unitHandling': 'VERIFY', 'nanHandling': 'ON', 'language': 'FASTEXPR', 'visualization': False}
2025-12-29 10:39:47,373 - ERROR - Error in sending simulation request: 400 Client Error: Bad Request for url: https://api.worldquantbrain.com/simulations
2025-12-29 10:39:47,373 - ERROR - Error in sending simulation request. Retrying after 5s...
2025-12-29 10:39:52,618 - ERROR - Error in sending simulation request: 400 Client Error: Bad Request for url: https://api.worldquantbrain.com/simulations
2025-12-29 10:39:52,618 - ERROR - Error in sending simulation request. Retrying after 5s...
2025-12-29 10:39:57,866 - ERROR - Error in sending simulation request: 400 Client Error: Bad Request for url: https://api.worldquantbrain.com/simulations
2025-12-29 10:39:57,866 - ERROR - Error in sending simulation request. Retrying after 5s...
2025-12-29 10:40:05,321 - ERROR - Error in sending simulation request: 400 Client Error: Bad Request for url: https://api.worldquantbrain.com/simulations
2025-12-29 10:40:05,322 - ERROR - Error in sending simulation request. Retrying after 5s...
2025-12-29 10:40:10,568 - ERROR - Error in sending simulation request: 400 Client Error: Bad Request for url: https://api.worldquantbrain.com/simulations
2025-12-29 10:40:10,568 - ERROR - Error in sending simulation request. Retrying after 5s...
2025-12-29 10:40:15,814 - ERROR - Error in sending simulation request: 400 Client Error: Bad Request for url: https://api.worldquantbrain.com/simulations
2025-12-29 10:40:15,814 - ERROR - Error in sending simulation request. Retrying after 5s...
2025-12-29 10:40:21,059 - ERROR - Error in sending simulation request: 400 Client Error: Bad Request for url: https://api.worldquantbrain.com/simulations
2025-12-29 10:40:21,059 - ERROR - Error in sending simulation request. Retrying after 5s...
2025-12-29 10:40:26,307 - ERROR - Error in sending simulation request: 400 Client Error: Bad Request for url: https://api.worldquantbrain.com/simulations
2025-12-29 10:40:26,307 - ERROR - Error in sending simulation request. Retrying after 5s...
2025-12-29 10:40:31,577 - ERROR - Error in sending simulation request: 400 Client Error: Bad Request for url: https://api.worldquantbrain.com/simulations
2025-12-29 10:40:31,577 - ERROR - Error in sending simulation request. Retrying after 5s...
2025-12-29 10:40:36,830 - ERROR - Error in sending simulation request: 400 Client Error: Bad Request for url: https://api.worldquantbrain.com/simulations
2025-12-29 10:40:36,830 - ERROR - Error in sending simulation request. Retrying after 5s...
2025-12-29 10:40:42,079 - ERROR - Error in sending simulation request: 400 Client Error: Bad Request for url: https://api.worldquantbrain.com/simulations
2025-12-29 10:40:42,079 - ERROR - Error in sending simulation request. Retrying after 5s...
2025-12-29 10:40:47,816 - ERROR - Error in sending simulation request: 400 Client Error: Bad Request for url: https://api.worldquantbrain.com/simulations
2025-12-29 10:40:47,817 - ERROR - Error in sending simulation request. Retrying after 5s...
2025-12-29 10:40:53,062 - ERROR - Error in sending simulation request: 400 Client Error: Bad Request for url: https://api.worldquantbrain.com/simulations
2025-12-29 10:40:53,063 - ERROR - Error in sending simulation request. Retrying after 5s...
2025-12-29 10:40:58,316 - ERROR - Error in sending simulation request: 400 Client Error: Bad Request for url: https://api.worldquantbrain.com/simulations
2025-12-29 10:40:58,316 - ERROR - Error in sending simulation request. Retrying after 5s...
2025-12-29 10:41:03,564 - ERROR - Error in sending simulation request: 400 Client Error: Bad Request for url: https://api.worldquantbrain.com/simulations
2025-12-29 10:41:03,565 - ERROR - Error in sending simulation request. Retrying after 5s...
2025-12-29 10:41:08,813 - ERROR - Error in sending simulation request: 400 Client Error: Bad Request for url: https://api.worldquantbrain.com/simulations
2025-12-29 10:41:08,813 - ERROR - Error in sending simulation request. Retrying after 5s...
2025-12-29 10:41:14,062 - ERROR - Error in sending simulation request: 400 Client Error: Bad Request for url: https://api.worldquantbrain.com/simulations
2025-12-29 10:41:14,062 - ERROR - Error in sending simulation request. Retrying after 5s...
2025-12-29 10:41:19,320 - ERROR - Error in sending simulation request: 400 Client Error: Bad Request for url: https://api.worldquantbrain.com/simulations
2025-12-29 10:41:19,320 - ERROR - Error in sending simulation request. Retrying after 5s...
2025-12-29 10:41:24,565 - ERROR - Error in sending simulation request: 400 Client Error: Bad Request for url: https://api.worldquantbrain.com/simulations
2025-12-29 10:41:24,566 - ERROR - Error in sending simulation request. Retrying after 5s...
2025-12-29 10:41:29,828 - ERROR - Error in sending simulation request: 400 Client Error: Bad Request for url: https://api.worldquantbrain.com/simulations
2025-12-29 10:41:29,828 - ERROR - Error in sending simulation request. Retrying after 5s...
2025-12-29 10:41:35,079 - ERROR - Error in sending simulation request: 400 Client Error: Bad Request for url: https://api.worldquantbrain.com/simulations
2025-12-29 10:41:35,080 - ERROR - Error in sending simulation request. Retrying after 5s...
2025-12-29 10:41:40,321 - ERROR - Error in sending simulation request: 400 Client Error: Bad Request for url: https://api.worldquantbrain.com/simulations
2025-12-29 10:41:40,321 - ERROR - Error in sending simulation request. Retrying after 5s...
2025-12-29 10:41:45,566 - ERROR - Error in sending simulation request: 400 Client Error: Bad Request for url: https://api.worldquantbrain.com/simulations
2025-12-29 10:41:45,566 - ERROR - Error in sending simulation request. Retrying after 5s...
2025-12-29 10:41:50,824 - ERROR - Error in sending simulation request: 400 Client Error: Bad Request for url: https://api.worldquantbrain.com/simulations
2025-12-29 10:41:50,824 - ERROR - Error in sending simulation request. Retrying after 5s...
2025-12-29 10:41:56,067 - ERROR - Error in sending simulation request: 400 Client Error: Bad Request for url: https://api.worldquantbrain.com/simulations
2025-12-29 10:41:56,067 - ERROR - Error in sending simulation request. Retrying after 5s...
2025-12-29 10:42:01,368 - ERROR - Error in sending simulation request: 400 Client Error: Bad Request for url: https://api.worldquantbrain.com/simulations
2025-12-29 10:42:01,369 - ERROR - Error in sending simulation request. Retrying after 5s...
2025-12-29 10:42:06,619 - ERROR - Error in sending simulation request: 400 Client Error: Bad Request for url: https://api.worldquantbrain.com/simulations
2025-12-29 10:42:06,619 - ERROR - Error in sending simulation request. Retrying after 5s...
2025-12-29 10:42:11,868 - ERROR - Error in sending simulation request: 400 Client Error: Bad Request for url: https://api.worldquantbrain.com/simulations
2025-12-29 10:42:11,869 - ERROR - Error in sending simulation request. Retrying after 5s...
2025-12-29 10:42:17,117 - ERROR - Error in sending simulation request: 400 Client Error: Bad Request for url: https://api.worldquantbrain.com/simulations
2025-12-29 10:42:17,117 - ERROR - Error in sending simulation request. Retrying after 5s...
2025-12-29 10:42:22,377 - ERROR - Error in sending simulation request: 400 Client Error: Bad Request for url: https://api.worldquantbrain.com/simulations
2025-12-29 10:42:22,379 - ERROR - Error in sending simulation request. Retrying after 5s...
2025-12-29 10:42:27,628 - ERROR - Error in sending simulation request: 400 Client Error: Bad Request for url: https://api.worldquantbrain.com/simulations
2025-12-29 10:42:27,628 - ERROR - Error in sending simulation request. Retrying after 5s...
2025-12-29 10:42:32,883 - ERROR - Error in sending simulation request: 400 Client Error: Bad Request for url: https://api.worldquantbrain.com/simulations
2025-12-29 10:42:32,884 - ERROR - Error in sending simulation request. Retrying after 5s...
2025-12-29 10:42:38,149 - ERROR - Error in sending simulation request: 400 Client Error: Bad Request for url: https://api.worldquantbrain.com/simulations
2025-12-29 10:42:38,149 - ERROR - Error in sending simulation request. Retrying after 5s...
2025-12-29 10:42:43,394 - ERROR - Error in sending simulation request: 400 Client Error: Bad Request for url: https://api.worldquantbrain.com/simulations
2025-12-29 10:42:43,394 - ERROR - Error in sending simulation request. Retrying after 5s...
2025-12-29 10:42:48,640 - ERROR - Error in sending simulation request: 400 Client Error: Bad Request for url: https://api.worldquantbrain.com/simulations
2025-12-29 10:42:48,640 - ERROR - Error in sending simulation request. Retrying after 5s...
2025-12-29 10:42:53,884 - ERROR - Error in sending simulation request: 400 Client Error: Bad Request for url: https://api.worldquantbrain.com/simulations
2025-12-29 10:42:53,884 - ERROR - Error in sending simulation request. Retrying after 5s...
2025-12-29 10:42:59,131 - ERROR - Error in sending simulation request: 400 Client Error: Bad Request for url: https://api.worldquantbrain.com/simulations
2025-12-29 10:43:00,111 - INFO - Login to BRAIN successfully.
2025-12-29 10:43:00,111 - ERROR - Error occurred too many times, skipping this alpha and re-logging in.
2025-12-29 10:43:00,111 - ERROR - Simulation request failed after 36 attempts.
2025-12-29 10:43:03,117 - INFO - No one is in active simulation now
2025-12-29 10:43:03,117 - INFO - Loading new alpha...
2025-12-29 10:43:03,117 - INFO - Starting simulation for alpha: ts_scale(government_debt, 60) * ts_rank(government_debt, 60) with settings: {'instrumentType': 'EQUITY', 'region': 'IND', 'universe': 'TOP2000', 'delay': 1, 'decay': 8, 'neutralization': 'market', 'truncation': 0.01, 'pasteurization': 'ON', 'unitHandling': 'VERIFY', 'nanHandling': 'ON', 'language': 'FASTEXPR', 'visualization': False}
2025-12-29 10:43:03,361 - ERROR - Error in sending simulation request: 400 Client Error: Bad Request for url: https://api.worldquantbrain.com/simulations
2025-12-29 10:43:03,361 - ERROR - Error in sending simulation request. Retrying after 5s...
2025-12-29 10:43:08,615 - ERROR - Error in sending simulation request: 400 Client Error: Bad Request for url: https://api.worldquantbrain.com/simulations
2025-12-29 10:43:08,615 - ERROR - Error in sending simulation request. Retrying after 5s...
2025-12-29 10:43:13,921 - ERROR - Error in sending simulation request: 400 Client Error: Bad Request for url: https://api.worldquantbrain.com/simulations
2025-12-29 10:43:13,921 - ERROR - Error in sending simulation request. Retrying after 5s...
2025-12-29 10:43:19,176 - ERROR - Error in sending simulation request: 400 Client Error: Bad Request for url: https://api.worldquantbrain.com/simulations
2025-12-29 10:43:19,176 - ERROR - Error in sending simulation request. Retrying after 5s...
2025-12-29 10:43:24,462 - ERROR - Error in sending simulation request: 400 Client Error: Bad Request for url: https://api.worldquantbrain.com/simulations
2025-12-29 10:43:24,462 - ERROR - Error in sending simulation request. Retrying after 5s...
2025-12-29 10:43:29,715 - ERROR - Error in sending simulation request: 400 Client Error: Bad Request for url: https://api.worldquantbrain.com/simulations
2025-12-29 10:43:29,715 - ERROR - Error in sending simulation request. Retrying after 5s...
2025-12-29 10:43:34,981 - ERROR - Error in sending simulation request: 400 Client Error: Bad Request for url: https://api.worldquantbrain.com/simulations
2025-12-29 10:43:34,981 - ERROR - Error in sending simulation request. Retrying after 5s...
2025-12-29 10:43:40,286 - ERROR - Error in sending simulation request: 400 Client Error: Bad Request for url: https://api.worldquantbrain.com/simulations
2025-12-29 10:43:40,286 - ERROR - Error in sending simulation request. Retrying after 5s...
2025-12-29 10:43:45,531 - ERROR - Error in sending simulation request: 400 Client Error: Bad Request for url: https://api.worldquantbrain.com/simulations
2025-12-29 10:43:45,531 - ERROR - Error in sending simulation request. Retrying after 5s...
2025-12-29 10:43:50,777 - ERROR - Error in sending simulation request: 400 Client Error: Bad Request for url: https://api.worldquantbrain.com/simulations
2025-12-29 10:43:50,777 - ERROR - Error in sending simulation request. Retrying after 5s...
2025-12-29 10:43:56,036 - ERROR - Error in sending simulation request: 400 Client Error: Bad Request for url: https://api.worldquantbrain.com/simulations
2025-12-29 10:43:56,037 - ERROR - Error in sending simulation request. Retrying after 5s...
2025-12-29 10:44:01,288 - ERROR - Error in sending simulation request: 400 Client Error: Bad Request for url: https://api.worldquantbrain.com/simulations
2025-12-29 10:44:01,288 - ERROR - Error in sending simulation request. Retrying after 5s...
2025-12-29 10:44:06,536 - ERROR - Error in sending simulation request: 400 Client Error: Bad Request for url: https://api.worldquantbrain.com/simulations
2025-12-29 10:44:06,537 - ERROR - Error in sending simulation request. Retrying after 5s...
2025-12-29 10:44:11,788 - ERROR - Error in sending simulation request: 400 Client Error: Bad Request for url: https://api.worldquantbrain.com/simulations
2025-12-29 10:44:11,788 - ERROR - Error in sending simulation request. Retrying after 5s...
2025-12-29 10:44:17,037 - ERROR - Error in sending simulation request: 400 Client Error: Bad Request for url: https://api.worldquantbrain.com/simulations
2025-12-29 10:44:17,037 - ERROR - Error in sending simulation request. Retrying after 5s...
2025-12-29 10:44:22,289 - ERROR - Error in sending simulation request: 400 Client Error: Bad Request for url: https://api.worldquantbrain.com/simulations
2025-12-29 10:44:22,289 - ERROR - Error in sending simulation request. Retrying after 5s...
2025-12-29 10:44:27,551 - ERROR - Error in sending simulation request: 400 Client Error: Bad Request for url: https://api.worldquantbrain.com/simulations
2025-12-29 10:44:27,551 - ERROR - Error in sending simulation request. Retrying after 5s...
2025-12-29 10:44:32,793 - ERROR - Error in sending simulation request: 400 Client Error: Bad Request for url: https://api.worldquantbrain.com/simulations
2025-12-29 10:44:32,794 - ERROR - Error in sending simulation request. Retrying after 5s...
2025-12-29 10:44:38,091 - ERROR - Error in sending simulation request: 400 Client Error: Bad Request for url: https://api.worldquantbrain.com/simulations
2025-12-29 10:44:38,091 - ERROR - Error in sending simulation request. Retrying after 5s...
2025-12-29 10:44:43,325 - ERROR - Error in sending simulation request: 400 Client Error: Bad Request for url: https://api.worldquantbrain.com/simulations
2025-12-29 10:44:43,325 - ERROR - Error in sending simulation request. Retrying after 5s...
2025-12-29 10:44:48,571 - ERROR - Error in sending simulation request: 400 Client Error: Bad Request for url: https://api.worldquantbrain.com/simulations
2025-12-29 10:44:48,572 - ERROR - Error in sending simulation request. Retrying after 5s...
2025-12-29 10:44:53,824 - ERROR - Error in sending simulation request: 400 Client Error: Bad Request for url: https://api.worldquantbrain.com/simulations
2025-12-29 10:44:53,825 - ERROR - Error in sending simulation request. Retrying after 5s...
2025-12-29 10:44:59,066 - ERROR - Error in sending simulation request: 400 Client Error: Bad Request for url: https://api.worldquantbrain.com/simulations
2025-12-29 10:44:59,066 - ERROR - Error in sending simulation request. Retrying after 5s...
2025-12-29 10:45:04,307 - ERROR - Error in sending simulation request: 400 Client Error: Bad Request for url: https://api.worldquantbrain.com/simulations
2025-12-29 10:45:04,308 - ERROR - Error in sending simulation request. Retrying after 5s...
2025-12-29 10:45:09,550 - ERROR - Error in sending simulation request: 400 Client Error: Bad Request for url: https://api.worldquantbrain.com/simulations
2025-12-29 10:45:09,550 - ERROR - Error in sending simulation request. Retrying after 5s...
2025-12-29 10:45:14,791 - ERROR - Error in sending simulation request: 400 Client Error: Bad Request for url: https://api.worldquantbrain.com/simulations
2025-12-29 10:45:14,791 - ERROR - Error in sending simulation request. Retrying after 5s...
2025-12-29 10:45:20,033 - ERROR - Error in sending simulation request: 400 Client Error: Bad Request for url: https://api.worldquantbrain.com/simulations
2025-12-29 10:45:20,034 - ERROR - Error in sending simulation request. Retrying after 5s...
2025-12-29 10:45:25,276 - ERROR - Error in sending simulation request: 400 Client Error: Bad Request for url: https://api.worldquantbrain.com/simulations
2025-12-29 10:45:25,277 - ERROR - Error in sending simulation request. Retrying after 5s...
2025-12-29 10:45:30,518 - ERROR - Error in sending simulation request: 400 Client Error: Bad Request for url: https://api.worldquantbrain.com/simulations
2025-12-29 10:45:30,519 - ERROR - Error in sending simulation request. Retrying after 5s...
2025-12-29 10:45:37,752 - ERROR - Error in sending simulation request: 400 Client Error: Bad Request for url: https://api.worldquantbrain.com/simulations
2025-12-29 10:45:37,752 - ERROR - Error in sending simulation request. Retrying after 5s...
2025-12-29 10:45:42,993 - ERROR - Error in sending simulation request: 400 Client Error: Bad Request for url: https://api.worldquantbrain.com/simulations
2025-12-29 10:45:42,993 - ERROR - Error in sending simulation request. Retrying after 5s...
2025-12-29 10:45:48,240 - ERROR - Error in sending simulation request: 400 Client Error: Bad Request for url: https://api.worldquantbrain.com/simulations
2025-12-29 10:45:48,240 - ERROR - Error in sending simulation request. Retrying after 5s...
2025-12-29 10:45:53,536 - ERROR - Error in sending simulation request: 400 Client Error: Bad Request for url: https://api.worldquantbrain.com/simulations
2025-12-29 10:45:53,536 - ERROR - Error in sending simulation request. Retrying after 5s...
2025-12-29 10:45:58,781 - ERROR - Error in sending simulation request: 400 Client Error: Bad Request for url: https://api.worldquantbrain.com/simulations
2025-12-29 10:45:58,782 - ERROR - Error in sending simulation request. Retrying after 5s...
2025-12-29 10:46:04,029 - ERROR - Error in sending simulation request: 400 Client Error: Bad Request for url: https://api.worldquantbrain.com/simulations
2025-12-29 10:46:04,029 - ERROR - Error in sending simulation request. Retrying after 5s...
2025-12-29 10:46:09,274 - ERROR - Error in sending simulation request: 400 Client Error: Bad Request for url: https://api.worldquantbrain.com/simulations
2025-12-29 10:46:09,274 - ERROR - Error in sending simulation request. Retrying after 5s...
2025-12-29 10:46:14,517 - ERROR - Error in sending simulation request: 400 Client Error: Bad Request for url: https://api.worldquantbrain.com/simulations
2025-12-29 10:46:15,500 - INFO - Login to BRAIN successfully.
2025-12-29 10:46:15,500 - ERROR - Error occurred too many times, skipping this alpha and re-logging in.
2025-12-29 10:46:15,500 - ERROR - Simulation request failed after 36 attempts.
2025-12-29 10:46:18,506 - INFO - No one is in active simulation now
2025-12-29 10:46:18,506 - INFO - Loading new alpha...
2025-12-29 10:46:18,506 - INFO - Starting simulation for alpha: group_neutralize(model37 / gdp_growth, country) with settings: {'instrumentType': 'EQUITY', 'region': 'IND', 'universe': 'TOP2000', 'delay': 1, 'decay': 5, 'neutralization': 'subindustry', 'truncation': 0.01, 'pasteurization': 'ON', 'unitHandling': 'VERIFY', 'nanHandling': 'ON', 'language': 'FASTEXPR', 'visualization': False}
2025-12-29 10:46:18,749 - ERROR - Error in sending simulation request: 400 Client Error: Bad Request for url: https://api.worldquantbrain.com/simulations
2025-12-29 10:46:18,749 - ERROR - Error in sending simulation request. Retrying after 5s...
2025-12-29 10:46:24,003 - ERROR - Error in sending simulation request: 400 Client Error: Bad Request for url: https://api.worldquantbrain.com/simulations
2025-12-29 10:46:24,003 - ERROR - Error in sending simulation request. Retrying after 5s...
2025-12-29 10:46:29,246 - ERROR - Error in sending simulation request: 400 Client Error: Bad Request for url: https://api.worldquantbrain.com/simulations
2025-12-29 10:46:29,247 - ERROR - Error in sending simulation request. Retrying after 5s...
2025-12-29 10:46:34,494 - ERROR - Error in sending simulation request: 400 Client Error: Bad Request for url: https://api.worldquantbrain.com/simulations
2025-12-29 10:46:34,494 - ERROR - Error in sending simulation request. Retrying after 5s...
2025-12-29 10:46:39,758 - ERROR - Error in sending simulation request: 400 Client Error: Bad Request for url: https://api.worldquantbrain.com/simulations
2025-12-29 10:46:39,758 - ERROR - Error in sending simulation request. Retrying after 5s...
2025-12-29 10:46:45,006 - ERROR - Error in sending simulation request: 400 Client Error: Bad Request for url: https://api.worldquantbrain.com/simulations
2025-12-29 10:46:45,006 - ERROR - Error in sending simulation request. Retrying after 5s...
2025-12-29 10:46:50,257 - ERROR - Error in sending simulation request: 400 Client Error: Bad Request for url: https://api.worldquantbrain.com/simulations
2025-12-29 10:46:50,257 - ERROR - Error in sending simulation request. Retrying after 5s...
2025-12-29 10:46:55,498 - ERROR - Error in sending simulation request: 400 Client Error: Bad Request for url: https://api.worldquantbrain.com/simulations
2025-12-29 10:46:55,498 - ERROR - Error in sending simulation request. Retrying after 5s...
2025-12-29 10:47:00,742 - ERROR - Error in sending simulation request: 400 Client Error: Bad Request for url: https://api.worldquantbrain.com/simulations
2025-12-29 10:47:00,743 - ERROR - Error in sending simulation request. Retrying after 5s...
2025-12-29 10:47:05,991 - ERROR - Error in sending simulation request: 400 Client Error: Bad Request for url: https://api.worldquantbrain.com/simulations
2025-12-29 10:47:05,991 - ERROR - Error in sending simulation request. Retrying after 5s...
2025-12-29 10:47:11,246 - ERROR - Error in sending simulation request: 400 Client Error: Bad Request for url: https://api.worldquantbrain.com/simulations
2025-12-29 10:47:11,246 - ERROR - Error in sending simulation request. Retrying after 5s...
2025-12-29 10:47:16,490 - ERROR - Error in sending simulation request: 400 Client Error: Bad Request for url: https://api.worldquantbrain.com/simulations
2025-12-29 10:47:16,490 - ERROR - Error in sending simulation request. Retrying after 5s...
2025-12-29 10:47:21,731 - ERROR - Error in sending simulation request: 400 Client Error: Bad Request for url: https://api.worldquantbrain.com/simulations
2025-12-29 10:47:21,732 - ERROR - Error in sending simulation request. Retrying after 5s...
2025-12-29 10:47:26,978 - ERROR - Error in sending simulation request: 400 Client Error: Bad Request for url: https://api.worldquantbrain.com/simulations
2025-12-29 10:47:26,978 - ERROR - Error in sending simulation request. Retrying after 5s...
2025-12-29 10:47:32,216 - ERROR - Error in sending simulation request: 400 Client Error: Bad Request for url: https://api.worldquantbrain.com/simulations
2025-12-29 10:47:32,217 - ERROR - Error in sending simulation request. Retrying after 5s...
2025-12-29 10:47:37,529 - ERROR - Error in sending simulation request: 400 Client Error: Bad Request for url: https://api.worldquantbrain.com/simulations
2025-12-29 10:47:37,529 - ERROR - Error in sending simulation request. Retrying after 5s...
2025-12-29 10:47:42,768 - ERROR - Error in sending simulation request: 400 Client Error: Bad Request for url: https://api.worldquantbrain.com/simulations
2025-12-29 10:47:42,769 - ERROR - Error in sending simulation request. Retrying after 5s...
2025-12-29 10:47:48,017 - ERROR - Error in sending simulation request: 400 Client Error: Bad Request for url: https://api.worldquantbrain.com/simulations
2025-12-29 10:47:48,017 - ERROR - Error in sending simulation request. Retrying after 5s...
2025-12-29 10:47:53,267 - ERROR - Error in sending simulation request: 400 Client Error: Bad Request for url: https://api.worldquantbrain.com/simulations
2025-12-29 10:47:53,267 - ERROR - Error in sending simulation request. Retrying after 5s...
2025-12-29 10:48:01,213 - ERROR - Error in sending simulation request: 400 Client Error: Bad Request for url: https://api.worldquantbrain.com/simulations
2025-12-29 10:48:01,214 - ERROR - Error in sending simulation request. Retrying after 5s...
2025-12-29 10:48:06,502 - ERROR - Error in sending simulation request: 400 Client Error: Bad Request for url: https://api.worldquantbrain.com/simulations
2025-12-29 10:48:06,502 - ERROR - Error in sending simulation request. Retrying after 5s...
2025-12-29 10:48:11,751 - ERROR - Error in sending simulation request: 400 Client Error: Bad Request for url: https://api.worldquantbrain.com/simulations
2025-12-29 10:48:11,751 - ERROR - Error in sending simulation request. Retrying after 5s...
2025-12-29 10:48:17,000 - ERROR - Error in sending simulation request: 400 Client Error: Bad Request for url: https://api.worldquantbrain.com/simulations
2025-12-29 10:48:17,000 - ERROR - Error in sending simulation request. Retrying after 5s...
2025-12-29 10:48:22,249 - ERROR - Error in sending simulation request: 400 Client Error: Bad Request for url: https://api.worldquantbrain.com/simulations
2025-12-29 10:48:22,250 - ERROR - Error in sending simulation request. Retrying after 5s...
2025-12-29 10:48:27,494 - ERROR - Error in sending simulation request: 400 Client Error: Bad Request for url: https://api.worldquantbrain.com/simulations
2025-12-29 10:48:27,494 - ERROR - Error in sending simulation request. Retrying after 5s...
2025-12-29 10:48:32,738 - ERROR - Error in sending simulation request: 400 Client Error: Bad Request for url: https://api.worldquantbrain.com/simulations
2025-12-29 10:48:32,738 - ERROR - Error in sending simulation request. Retrying after 5s...
2025-12-29 10:48:37,979 - ERROR - Error in sending simulation request: 400 Client Error: Bad Request for url: https://api.worldquantbrain.com/simulations
2025-12-29 10:48:37,979 - ERROR - Error in sending simulation request. Retrying after 5s...
2025-12-29 10:48:43,220 - ERROR - Error in sending simulation request: 400 Client Error: Bad Request for url: https://api.worldquantbrain.com/simulations
2025-12-29 10:48:43,221 - ERROR - Error in sending simulation request. Retrying after 5s...
2025-12-29 10:48:48,470 - ERROR - Error in sending simulation request: 400 Client Error: Bad Request for url: https://api.worldquantbrain.com/simulations
2025-12-29 10:48:48,470 - ERROR - Error in sending simulation request. Retrying after 5s...
2025-12-29 10:48:53,725 - ERROR - Error in sending simulation request: 400 Client Error: Bad Request for url: https://api.worldquantbrain.com/simulations
2025-12-29 10:48:53,725 - ERROR - Error in sending simulation request. Retrying after 5s...
2025-12-29 10:48:59,034 - ERROR - Error in sending simulation request: 400 Client Error: Bad Request for url: https://api.worldquantbrain.com/simulations
2025-12-29 10:48:59,034 - ERROR - Error in sending simulation request. Retrying after 5s...
2025-12-29 10:49:04,328 - ERROR - Error in sending simulation request: 400 Client Error: Bad Request for url: https://api.worldquantbrain.com/simulations
2025-12-29 10:49:04,328 - ERROR - Error in sending simulation request. Retrying after 5s...
2025-12-29 10:49:09,575 - ERROR - Error in sending simulation request: 400 Client Error: Bad Request for url: https://api.worldquantbrain.com/simulations
2025-12-29 10:49:09,575 - ERROR - Error in sending simulation request. Retrying after 5s...
2025-12-29 10:49:17,595 - ERROR - Error in sending simulation request: 400 Client Error: Bad Request for url: https://api.worldquantbrain.com/simulations
2025-12-29 10:49:17,597 - ERROR - Error in sending simulation request. Retrying after 5s...
2025-12-29 10:49:22,841 - ERROR - Error in sending simulation request: 400 Client Error: Bad Request for url: https://api.worldquantbrain.com/simulations
2025-12-29 10:49:22,842 - ERROR - Error in sending simulation request. Retrying after 5s...
2025-12-29 10:49:28,089 - ERROR - Error in sending simulation request: 400 Client Error: Bad Request for url: https://api.worldquantbrain.com/simulations
2025-12-29 10:49:28,090 - ERROR - Error in sending simulation request. Retrying after 5s...
2025-12-29 10:49:33,336 - ERROR - Error in sending simulation request: 400 Client Error: Bad Request for url: https://api.worldquantbrain.com/simulations
2025-12-29 10:49:34,282 - INFO - Login to BRAIN successfully.
2025-12-29 10:49:34,282 - ERROR - Error occurred too many times, skipping this alpha and re-logging in.
2025-12-29 10:49:34,282 - ERROR - Simulation request failed after 36 attempts.
2025-12-29 10:49:37,283 - INFO - No one is in active simulation now
2025-12-29 10:49:37,283 - INFO - Loading new alpha...
2025-12-29 10:49:37,283 - INFO - Starting simulation for alpha: group_neutralize(rank(model70), sector) with settings: {'instrumentType': 'EQUITY', 'region': 'IND', 'universe': 'TOP2000', 'delay': 1, 'decay': 5, 'neutralization': 'exchange', 'truncation': 0.01, 'pasteurization': 'ON', 'unitHandling': 'VERIFY', 'nanHandling': 'ON', 'language': 'FASTEXPR', 'visualization': False}
2025-12-29 10:49:37,528 - ERROR - Error in sending simulation request: 400 Client Error: Bad Request for url: https://api.worldquantbrain.com/simulations
2025-12-29 10:49:37,528 - ERROR - Error in sending simulation request. Retrying after 5s...
2025-12-29 10:49:42,779 - ERROR - Error in sending simulation request: 400 Client Error: Bad Request for url: https://api.worldquantbrain.com/simulations
2025-12-29 10:49:42,779 - ERROR - Error in sending simulation request. Retrying after 5s...
2025-12-29 10:49:48,021 - ERROR - Error in sending simulation request: 400 Client Error: Bad Request for url: https://api.worldquantbrain.com/simulations
2025-12-29 10:49:48,021 - ERROR - Error in sending simulation request. Retrying after 5s...
2025-12-29 10:49:53,269 - ERROR - Error in sending simulation request: 400 Client Error: Bad Request for url: https://api.worldquantbrain.com/simulations
2025-12-29 10:49:53,269 - ERROR - Error in sending simulation request. Retrying after 5s...
2025-12-29 10:49:58,516 - ERROR - Error in sending simulation request: 400 Client Error: Bad Request for url: https://api.worldquantbrain.com/simulations
2025-12-29 10:49:58,516 - ERROR - Error in sending simulation request. Retrying after 5s...
2025-12-29 10:50:03,801 - ERROR - Error in sending simulation request: 400 Client Error: Bad Request for url: https://api.worldquantbrain.com/simulations
2025-12-29 10:50:03,802 - ERROR - Error in sending simulation request. Retrying after 5s...
2025-12-29 10:50:09,050 - ERROR - Error in sending simulation request: 400 Client Error: Bad Request for url: https://api.worldquantbrain.com/simulations
2025-12-29 10:50:09,051 - ERROR - Error in sending simulation request. Retrying after 5s...
2025-12-29 10:50:14,295 - ERROR - Error in sending simulation request: 400 Client Error: Bad Request for url: https://api.worldquantbrain.com/simulations
2025-12-29 10:50:14,296 - ERROR - Error in sending simulation request. Retrying after 5s...
2025-12-29 10:50:19,543 - ERROR - Error in sending simulation request: 400 Client Error: Bad Request for url: https://api.worldquantbrain.com/simulations
2025-12-29 10:50:19,543 - ERROR - Error in sending simulation request. Retrying after 5s...
2025-12-29 10:50:24,787 - ERROR - Error in sending simulation request: 400 Client Error: Bad Request for url: https://api.worldquantbrain.com/simulations
2025-12-29 10:50:24,787 - ERROR - Error in sending simulation request. Retrying after 5s...
2025-12-29 10:50:30,032 - ERROR - Error in sending simulation request: 400 Client Error: Bad Request for url: https://api.worldquantbrain.com/simulations
2025-12-29 10:50:30,032 - ERROR - Error in sending simulation request. Retrying after 5s...
2025-12-29 10:50:35,283 - ERROR - Error in sending simulation request: 400 Client Error: Bad Request for url: https://api.worldquantbrain.com/simulations
2025-12-29 10:50:35,283 - ERROR - Error in sending simulation request. Retrying after 5s...
2025-12-29 10:50:40,530 - ERROR - Error in sending simulation request: 400 Client Error: Bad Request for url: https://api.worldquantbrain.com/simulations
2025-12-29 10:50:40,531 - ERROR - Error in sending simulation request. Retrying after 5s...
2025-12-29 10:50:45,773 - ERROR - Error in sending simulation request: 400 Client Error: Bad Request for url: https://api.worldquantbrain.com/simulations
2025-12-29 10:50:45,773 - ERROR - Error in sending simulation request. Retrying after 5s...
2025-12-29 10:50:51,015 - ERROR - Error in sending simulation request: 400 Client Error: Bad Request for url: https://api.worldquantbrain.com/simulations
2025-12-29 10:50:51,015 - ERROR - Error in sending simulation request. Retrying after 5s...
2025-12-29 10:50:56,265 - ERROR - Error in sending simulation request: 400 Client Error: Bad Request for url: https://api.worldquantbrain.com/simulations
2025-12-29 10:50:56,265 - ERROR - Error in sending simulation request. Retrying after 5s...
2025-12-29 10:51:01,510 - ERROR - Error in sending simulation request: 400 Client Error: Bad Request for url: https://api.worldquantbrain.com/simulations
2025-12-29 10:51:01,510 - ERROR - Error in sending simulation request. Retrying after 5s...
2025-12-29 10:51:06,752 - ERROR - Error in sending simulation request: 400 Client Error: Bad Request for url: https://api.worldquantbrain.com/simulations
2025-12-29 10:51:06,753 - ERROR - Error in sending simulation request. Retrying after 5s...
2025-12-29 10:51:11,991 - ERROR - Error in sending simulation request: 400 Client Error: Bad Request for url: https://api.worldquantbrain.com/simulations
2025-12-29 10:51:11,991 - ERROR - Error in sending simulation request. Retrying after 5s...
2025-12-29 10:51:17,236 - ERROR - Error in sending simulation request: 400 Client Error: Bad Request for url: https://api.worldquantbrain.com/simulations
2025-12-29 10:51:17,237 - ERROR - Error in sending simulation request. Retrying after 5s...
2025-12-29 10:51:22,485 - ERROR - Error in sending simulation request: 400 Client Error: Bad Request for url: https://api.worldquantbrain.com/simulations
2025-12-29 10:51:22,485 - ERROR - Error in sending simulation request. Retrying after 5s...
2025-12-29 10:51:27,732 - ERROR - Error in sending simulation request: 400 Client Error: Bad Request for url: https://api.worldquantbrain.com/simulations
2025-12-29 10:51:27,733 - ERROR - Error in sending simulation request. Retrying after 5s...
2025-12-29 10:51:33,036 - ERROR - Error in sending simulation request: 400 Client Error: Bad Request for url: https://api.worldquantbrain.com/simulations
2025-12-29 10:51:33,036 - ERROR - Error in sending simulation request. Retrying after 5s...
2025-12-29 10:51:38,336 - ERROR - Error in sending simulation request: 400 Client Error: Bad Request for url: https://api.worldquantbrain.com/simulations
2025-12-29 10:51:38,336 - ERROR - Error in sending simulation request. Retrying after 5s...
2025-12-29 10:51:43,638 - ERROR - Error in sending simulation request: 400 Client Error: Bad Request for url: https://api.worldquantbrain.com/simulations
2025-12-29 10:51:43,638 - ERROR - Error in sending simulation request. Retrying after 5s...
2025-12-29 10:51:48,886 - ERROR - Error in sending simulation request: 400 Client Error: Bad Request for url: https://api.worldquantbrain.com/simulations
2025-12-29 10:51:48,886 - ERROR - Error in sending simulation request. Retrying after 5s...
2025-12-29 10:51:54,137 - ERROR - Error in sending simulation request: 400 Client Error: Bad Request for url: https://api.worldquantbrain.com/simulations
2025-12-29 10:51:54,138 - ERROR - Error in sending simulation request. Retrying after 5s...
2025-12-29 10:51:59,385 - ERROR - Error in sending simulation request: 400 Client Error: Bad Request for url: https://api.worldquantbrain.com/simulations
2025-12-29 10:51:59,387 - ERROR - Error in sending simulation request. Retrying after 5s...
2025-12-29 10:52:04,633 - ERROR - Error in sending simulation request: 400 Client Error: Bad Request for url: https://api.worldquantbrain.com/simulations
2025-12-29 10:52:04,633 - ERROR - Error in sending simulation request. Retrying after 5s...
2025-12-29 10:52:09,879 - ERROR - Error in sending simulation request: 400 Client Error: Bad Request for url: https://api.worldquantbrain.com/simulations
2025-12-29 10:52:09,879 - ERROR - Error in sending simulation request. Retrying after 5s...
2025-12-29 10:52:17,991 - ERROR - Error in sending simulation request: 400 Client Error: Bad Request for url: https://api.worldquantbrain.com/simulations
2025-12-29 10:52:17,992 - ERROR - Error in sending simulation request. Retrying after 5s...
2025-12-29 10:52:23,238 - ERROR - Error in sending simulation request: 400 Client Error: Bad Request for url: https://api.worldquantbrain.com/simulations
2025-12-29 10:52:23,238 - ERROR - Error in sending simulation request. Retrying after 5s...
2025-12-29 10:52:28,482 - ERROR - Error in sending simulation request: 400 Client Error: Bad Request for url: https://api.worldquantbrain.com/simulations
2025-12-29 10:52:28,483 - ERROR - Error in sending simulation request. Retrying after 5s...
2025-12-29 10:52:33,727 - ERROR - Error in sending simulation request: 400 Client Error: Bad Request for url: https://api.worldquantbrain.com/simulations
2025-12-29 10:52:33,727 - ERROR - Error in sending simulation request. Retrying after 5s...
2025-12-29 10:52:38,983 - ERROR - Error in sending simulation request: 400 Client Error: Bad Request for url: https://api.worldquantbrain.com/simulations
2025-12-29 10:52:38,983 - ERROR - Error in sending simulation request. Retrying after 5s...
2025-12-29 10:52:48,284 - ERROR - Error in sending simulation request: 400 Client Error: Bad Request for url: https://api.worldquantbrain.com/simulations
2025-12-29 10:52:48,284 - ERROR - Error in sending simulation request. Retrying after 5s...
2025-12-29 10:52:53,541 - ERROR - Error in sending simulation request: 400 Client Error: Bad Request for url: https://api.worldquantbrain.com/simulations
2025-12-29 10:52:54,565 - INFO - Login to BRAIN successfully.
2025-12-29 10:52:54,565 - ERROR - Error occurred too many times, skipping this alpha and re-logging in.
2025-12-29 10:52:54,565 - ERROR - Simulation request failed after 36 attempts.
2025-12-29 10:52:57,572 - INFO - No one is in active simulation now
2025-12-29 10:52:57,572 - INFO - Loading new alpha...
2025-12-29 10:52:57,572 - INFO - Starting simulation for alpha: ts_decay_linear(rank(housing_starts), 40) with settings: {'instrumentType': 'EQUITY', 'region': 'IND', 'universe': 'TOP2000', 'delay': 1, 'decay': 7, 'neutralization': 'country', 'truncation': 0.01, 'pasteurization': 'ON', 'unitHandling': 'VERIFY', 'nanHandling': 'ON', 'language': 'FASTEXPR', 'visualization': False}
2025-12-29 10:52:57,815 - ERROR - Error in sending simulation request: 400 Client Error: Bad Request for url: https://api.worldquantbrain.com/simulations
2025-12-29 10:52:57,815 - ERROR - Error in sending simulation request. Retrying after 5s...
2025-12-29 10:53:03,068 - ERROR - Error in sending simulation request: 400 Client Error: Bad Request for url: https://api.worldquantbrain.com/simulations
2025-12-29 10:53:03,068 - ERROR - Error in sending simulation request. Retrying after 5s...
2025-12-29 10:53:08,316 - ERROR - Error in sending simulation request: 400 Client Error: Bad Request for url: https://api.worldquantbrain.com/simulations
2025-12-29 10:53:08,317 - ERROR - Error in sending simulation request. Retrying after 5s...
2025-12-29 10:53:13,561 - ERROR - Error in sending simulation request: 400 Client Error: Bad Request for url: https://api.worldquantbrain.com/simulations
2025-12-29 10:53:13,561 - ERROR - Error in sending simulation request. Retrying after 5s...
2025-12-29 10:53:18,805 - ERROR - Error in sending simulation request: 400 Client Error: Bad Request for url: https://api.worldquantbrain.com/simulations
2025-12-29 10:53:18,805 - ERROR - Error in sending simulation request. Retrying after 5s...
2025-12-29 10:53:24,048 - ERROR - Error in sending simulation request: 400 Client Error: Bad Request for url: https://api.worldquantbrain.com/simulations
2025-12-29 10:53:24,048 - ERROR - Error in sending simulation request. Retrying after 5s...
2025-12-29 10:53:29,296 - ERROR - Error in sending simulation request: 400 Client Error: Bad Request for url: https://api.worldquantbrain.com/simulations
2025-12-29 10:53:29,297 - ERROR - Error in sending simulation request. Retrying after 5s...
2025-12-29 10:53:34,544 - ERROR - Error in sending simulation request: 400 Client Error: Bad Request for url: https://api.worldquantbrain.com/simulations
2025-12-29 10:53:34,544 - ERROR - Error in sending simulation request. Retrying after 5s...
2025-12-29 10:53:39,789 - ERROR - Error in sending simulation request: 400 Client Error: Bad Request for url: https://api.worldquantbrain.com/simulations
2025-12-29 10:53:39,790 - ERROR - Error in sending simulation request. Retrying after 5s...
2025-12-29 10:53:45,041 - ERROR - Error in sending simulation request: 400 Client Error: Bad Request for url: https://api.worldquantbrain.com/simulations
2025-12-29 10:53:45,041 - ERROR - Error in sending simulation request. Retrying after 5s...
2025-12-29 10:53:50,286 - ERROR - Error in sending simulation request: 400 Client Error: Bad Request for url: https://api.worldquantbrain.com/simulations
2025-12-29 10:53:50,286 - ERROR - Error in sending simulation request. Retrying after 5s...
2025-12-29 10:53:55,531 - ERROR - Error in sending simulation request: 400 Client Error: Bad Request for url: https://api.worldquantbrain.com/simulations
2025-12-29 10:53:55,531 - ERROR - Error in sending simulation request. Retrying after 5s...
2025-12-29 10:54:00,782 - ERROR - Error in sending simulation request: 400 Client Error: Bad Request for url: https://api.worldquantbrain.com/simulations
2025-12-29 10:54:00,782 - ERROR - Error in sending simulation request. Retrying after 5s...
2025-12-29 10:54:06,023 - ERROR - Error in sending simulation request: 400 Client Error: Bad Request for url: https://api.worldquantbrain.com/simulations
2025-12-29 10:54:06,025 - ERROR - Error in sending simulation request. Retrying after 5s...
2025-12-29 10:54:11,272 - ERROR - Error in sending simulation request: 400 Client Error: Bad Request for url: https://api.worldquantbrain.com/simulations
2025-12-29 10:54:11,272 - ERROR - Error in sending simulation request. Retrying after 5s...
2025-12-29 10:54:16,555 - ERROR - Error in sending simulation request: 400 Client Error: Bad Request for url: https://api.worldquantbrain.com/simulations
2025-12-29 10:54:16,556 - ERROR - Error in sending simulation request. Retrying after 5s...
2025-12-29 10:54:21,803 - ERROR - Error in sending simulation request: 400 Client Error: Bad Request for url: https://api.worldquantbrain.com/simulations
2025-12-29 10:54:21,803 - ERROR - Error in sending simulation request. Retrying after 5s...
2025-12-29 10:54:27,050 - ERROR - Error in sending simulation request: 400 Client Error: Bad Request for url: https://api.worldquantbrain.com/simulations
2025-12-29 10:54:27,050 - ERROR - Error in sending simulation request. Retrying after 5s...
2025-12-29 10:54:32,310 - ERROR - Error in sending simulation request: 400 Client Error: Bad Request for url: https://api.worldquantbrain.com/simulations
2025-12-29 10:54:32,310 - ERROR - Error in sending simulation request. Retrying after 5s...
2025-12-29 10:54:37,550 - ERROR - Error in sending simulation request: 400 Client Error: Bad Request for url: https://api.worldquantbrain.com/simulations
2025-12-29 10:54:37,550 - ERROR - Error in sending simulation request. Retrying after 5s...
2025-12-29 10:54:42,895 - ERROR - Error in sending simulation request: 400 Client Error: Bad Request for url: https://api.worldquantbrain.com/simulations
2025-12-29 10:54:42,896 - ERROR - Error in sending simulation request. Retrying after 5s...
2025-12-29 10:54:48,140 - ERROR - Error in sending simulation request: 400 Client Error: Bad Request for url: https://api.worldquantbrain.com/simulations
2025-12-29 10:54:48,140 - ERROR - Error in sending simulation request. Retrying after 5s...
2025-12-29 10:54:53,386 - ERROR - Error in sending simulation request: 400 Client Error: Bad Request for url: https://api.worldquantbrain.com/simulations
2025-12-29 10:54:53,386 - ERROR - Error in sending simulation request. Retrying after 5s...
2025-12-29 10:55:00,120 - ERROR - Error in sending simulation request: 400 Client Error: Bad Request for url: https://api.worldquantbrain.com/simulations
2025-12-29 10:55:00,120 - ERROR - Error in sending simulation request. Retrying after 5s...
2025-12-29 10:55:05,364 - ERROR - Error in sending simulation request: 400 Client Error: Bad Request for url: https://api.worldquantbrain.com/simulations
2025-12-29 10:55:05,364 - ERROR - Error in sending simulation request. Retrying after 5s...
2025-12-29 10:55:10,702 - ERROR - Error in sending simulation request: 400 Client Error: Bad Request for url: https://api.worldquantbrain.com/simulations
2025-12-29 10:55:10,703 - ERROR - Error in sending simulation request. Retrying after 5s...
2025-12-29 10:55:15,948 - ERROR - Error in sending simulation request: 400 Client Error: Bad Request for url: https://api.worldquantbrain.com/simulations
2025-12-29 10:55:15,948 - ERROR - Error in sending simulation request. Retrying after 5s...
2025-12-29 10:55:21,194 - ERROR - Error in sending simulation request: 400 Client Error: Bad Request for url: https://api.worldquantbrain.com/simulations
2025-12-29 10:55:21,195 - ERROR - Error in sending simulation request. Retrying after 5s...
2025-12-29 10:55:26,444 - ERROR - Error in sending simulation request: 400 Client Error: Bad Request for url: https://api.worldquantbrain.com/simulations
2025-12-29 10:55:26,444 - ERROR - Error in sending simulation request. Retrying after 5s...
2025-12-29 10:55:31,688 - ERROR - Error in sending simulation request: 400 Client Error: Bad Request for url: https://api.worldquantbrain.com/simulations
2025-12-29 10:55:31,688 - ERROR - Error in sending simulation request. Retrying after 5s...
2025-12-29 10:55:36,931 - ERROR - Error in sending simulation request: 400 Client Error: Bad Request for url: https://api.worldquantbrain.com/simulations
2025-12-29 10:55:36,931 - ERROR - Error in sending simulation request. Retrying after 5s...
2025-12-29 10:55:42,262 - ERROR - Error in sending simulation request: 400 Client Error: Bad Request for url: https://api.worldquantbrain.com/simulations
2025-12-29 10:55:42,262 - ERROR - Error in sending simulation request. Retrying after 5s...
2025-12-29 10:55:51,081 - ERROR - Error in sending simulation request: 400 Client Error: Bad Request for url: https://api.worldquantbrain.com/simulations
2025-12-29 10:55:51,081 - ERROR - Error in sending simulation request. Retrying after 5s...
2025-12-29 10:55:56,319 - ERROR - Error in sending simulation request: 400 Client Error: Bad Request for url: https://api.worldquantbrain.com/simulations
2025-12-29 10:55:56,319 - ERROR - Error in sending simulation request. Retrying after 5s...
2025-12-29 10:56:04,728 - ERROR - Error in sending simulation request: 400 Client Error: Bad Request for url: https://api.worldquantbrain.com/simulations
2025-12-29 10:56:04,728 - ERROR - Error in sending simulation request. Retrying after 5s...
2025-12-29 10:56:09,976 - ERROR - Error in sending simulation request: 400 Client Error: Bad Request for url: https://api.worldquantbrain.com/simulations
2025-12-29 10:56:09,976 - ERROR - Error in sending simulation request. Retrying after 5s...
2025-12-29 10:56:15,221 - ERROR - Error in sending simulation request: 400 Client Error: Bad Request for url: https://api.worldquantbrain.com/simulations
2025-12-29 10:56:16,193 - INFO - Login to BRAIN successfully.
2025-12-29 10:56:16,193 - ERROR - Error occurred too many times, skipping this alpha and re-logging in.
2025-12-29 10:56:16,193 - ERROR - Simulation request failed after 36 attempts.
2025-12-29 10:56:19,199 - INFO - No one is in active simulation now
2025-12-29 10:56:19,199 - INFO - Loading new alpha...
2025-12-29 10:56:19,200 - INFO - Starting simulation for alpha: ts_rank(core_inflation / ts_mean(core_inflation, 40) - 1, 40) * -1 with settings: {'instrumentType': 'EQUITY', 'region': 'IND', 'universe': 'TOP2000', 'delay': 1, 'decay': 7, 'neutralization': 'exchange', 'truncation': 0.01, 'pasteurization': 'ON', 'unitHandling': 'VERIFY', 'nanHandling': 'ON', 'language': 'FASTEXPR', 'visualization': False}
2025-12-29 10:56:19,450 - ERROR - Error in sending simulation request: 400 Client Error: Bad Request for url: https://api.worldquantbrain.com/simulations
2025-12-29 10:56:19,450 - ERROR - Error in sending simulation request. Retrying after 5s...
2025-12-29 10:56:24,791 - ERROR - Error in sending simulation request: 400 Client Error: Bad Request for url: https://api.worldquantbrain.com/simulations
2025-12-29 10:56:24,791 - ERROR - Error in sending simulation request. Retrying after 5s...
2025-12-29 10:56:30,070 - ERROR - Error in sending simulation request: 400 Client Error: Bad Request for url: https://api.worldquantbrain.com/simulations
2025-12-29 10:56:30,070 - ERROR - Error in sending simulation request. Retrying after 5s...
2025-12-29 10:56:35,322 - ERROR - Error in sending simulation request: 400 Client Error: Bad Request for url: https://api.worldquantbrain.com/simulations
2025-12-29 10:56:35,322 - ERROR - Error in sending simulation request. Retrying after 5s...
2025-12-29 10:56:40,567 - ERROR - Error in sending simulation request: 400 Client Error: Bad Request for url: https://api.worldquantbrain.com/simulations
2025-12-29 10:56:40,567 - ERROR - Error in sending simulation request. Retrying after 5s...
2025-12-29 10:56:45,822 - ERROR - Error in sending simulation request: 400 Client Error: Bad Request for url: https://api.worldquantbrain.com/simulations
2025-12-29 10:56:45,822 - ERROR - Error in sending simulation request. Retrying after 5s...
2025-12-29 10:56:51,236 - ERROR - Error in sending simulation request: 400 Client Error: Bad Request for url: https://api.worldquantbrain.com/simulations
2025-12-29 10:56:51,237 - ERROR - Error in sending simulation request. Retrying after 5s...
2025-12-29 10:56:56,490 - ERROR - Error in sending simulation request: 400 Client Error: Bad Request for url: https://api.worldquantbrain.com/simulations
2025-12-29 10:56:56,490 - ERROR - Error in sending simulation request. Retrying after 5s...
2025-12-29 10:57:01,743 - ERROR - Error in sending simulation request: 400 Client Error: Bad Request for url: https://api.worldquantbrain.com/simulations
2025-12-29 10:57:01,743 - ERROR - Error in sending simulation request. Retrying after 5s...
2025-12-29 10:57:06,993 - ERROR - Error in sending simulation request: 400 Client Error: Bad Request for url: https://api.worldquantbrain.com/simulations
2025-12-29 10:57:06,993 - ERROR - Error in sending simulation request. Retrying after 5s...
2025-12-29 10:57:12,250 - ERROR - Error in sending simulation request: 400 Client Error: Bad Request for url: https://api.worldquantbrain.com/simulations
2025-12-29 10:57:12,250 - ERROR - Error in sending simulation request. Retrying after 5s...
2025-12-29 10:57:21,350 - ERROR - Error in sending simulation request: 400 Client Error: Bad Request for url: https://api.worldquantbrain.com/simulations
2025-12-29 10:57:21,351 - ERROR - Error in sending simulation request. Retrying after 5s...
2025-12-29 10:57:26,602 - ERROR - Error in sending simulation request: 400 Client Error: Bad Request for url: https://api.worldquantbrain.com/simulations
2025-12-29 10:57:26,602 - ERROR - Error in sending simulation request. Retrying after 5s...
2025-12-29 10:57:31,856 - ERROR - Error in sending simulation request: 400 Client Error: Bad Request for url: https://api.worldquantbrain.com/simulations
2025-12-29 10:57:31,856 - ERROR - Error in sending simulation request. Retrying after 5s...
2025-12-29 10:57:37,104 - ERROR - Error in sending simulation request: 400 Client Error: Bad Request for url: https://api.worldquantbrain.com/simulations
2025-12-29 10:57:37,105 - ERROR - Error in sending simulation request. Retrying after 5s...
2025-12-29 10:57:42,455 - ERROR - Error in sending simulation request: 400 Client Error: Bad Request for url: https://api.worldquantbrain.com/simulations
2025-12-29 10:57:42,455 - ERROR - Error in sending simulation request. Retrying after 5s...
2025-12-29 10:57:47,711 - ERROR - Error in sending simulation request: 400 Client Error: Bad Request for url: https://api.worldquantbrain.com/simulations
2025-12-29 10:57:47,712 - ERROR - Error in sending simulation request. Retrying after 5s...
2025-12-29 10:57:52,966 - ERROR - Error in sending simulation request: 400 Client Error: Bad Request for url: https://api.worldquantbrain.com/simulations
2025-12-29 10:57:52,966 - ERROR - Error in sending simulation request. Retrying after 5s...
2025-12-29 10:57:58,230 - ERROR - Error in sending simulation request: 400 Client Error: Bad Request for url: https://api.worldquantbrain.com/simulations
2025-12-29 10:57:58,230 - ERROR - Error in sending simulation request. Retrying after 5s...
2025-12-29 10:58:03,480 - ERROR - Error in sending simulation request: 400 Client Error: Bad Request for url: https://api.worldquantbrain.com/simulations
2025-12-29 10:58:03,481 - ERROR - Error in sending simulation request. Retrying after 5s...
2025-12-29 10:58:08,732 - ERROR - Error in sending simulation request: 400 Client Error: Bad Request for url: https://api.worldquantbrain.com/simulations
2025-12-29 10:58:08,732 - ERROR - Error in sending simulation request. Retrying after 5s...
2025-12-29 10:58:13,991 - ERROR - Error in sending simulation request: 400 Client Error: Bad Request for url: https://api.worldquantbrain.com/simulations
2025-12-29 10:58:13,991 - ERROR - Error in sending simulation request. Retrying after 5s...
2025-12-29 10:58:19,243 - ERROR - Error in sending simulation request: 400 Client Error: Bad Request for url: https://api.worldquantbrain.com/simulations
2025-12-29 10:58:19,244 - ERROR - Error in sending simulation request. Retrying after 5s...
2025-12-29 10:58:24,525 - ERROR - Error in sending simulation request: 400 Client Error: Bad Request for url: https://api.worldquantbrain.com/simulations
2025-12-29 10:58:24,525 - ERROR - Error in sending simulation request. Retrying after 5s...
2025-12-29 10:58:32,836 - ERROR - Error in sending simulation request: 400 Client Error: Bad Request for url: https://api.worldquantbrain.com/simulations
2025-12-29 10:58:32,837 - ERROR - Error in sending simulation request. Retrying after 5s...
2025-12-29 10:58:38,089 - ERROR - Error in sending simulation request: 400 Client Error: Bad Request for url: https://api.worldquantbrain.com/simulations
2025-12-29 10:58:38,092 - ERROR - Error in sending simulation request. Retrying after 5s...
2025-12-29 10:58:43,359 - ERROR - Error in sending simulation request: 400 Client Error: Bad Request for url: https://api.worldquantbrain.com/simulations
2025-12-29 10:58:43,360 - ERROR - Error in sending simulation request. Retrying after 5s...
2025-12-29 10:58:48,611 - ERROR - Error in sending simulation request: 400 Client Error: Bad Request for url: https://api.worldquantbrain.com/simulations
2025-12-29 10:58:48,611 - ERROR - Error in sending simulation request. Retrying after 5s...
2025-12-29 10:58:53,862 - ERROR - Error in sending simulation request: 400 Client Error: Bad Request for url: https://api.worldquantbrain.com/simulations
2025-12-29 10:58:53,863 - ERROR - Error in sending simulation request. Retrying after 5s...
2025-12-29 10:58:59,114 - ERROR - Error in sending simulation request: 400 Client Error: Bad Request for url: https://api.worldquantbrain.com/simulations
2025-12-29 10:58:59,114 - ERROR - Error in sending simulation request. Retrying after 5s...
2025-12-29 10:59:04,360 - ERROR - Error in sending simulation request: 400 Client Error: Bad Request for url: https://api.worldquantbrain.com/simulations
2025-12-29 10:59:04,361 - ERROR - Error in sending simulation request. Retrying after 5s...
2025-12-29 10:59:09,615 - ERROR - Error in sending simulation request: 400 Client Error: Bad Request for url: https://api.worldquantbrain.com/simulations
2025-12-29 10:59:09,615 - ERROR - Error in sending simulation request. Retrying after 5s...
2025-12-29 10:59:14,863 - ERROR - Error in sending simulation request: 400 Client Error: Bad Request for url: https://api.worldquantbrain.com/simulations
2025-12-29 10:59:14,863 - ERROR - Error in sending simulation request. Retrying after 5s...
2025-12-29 10:59:20,114 - ERROR - Error in sending simulation request: 400 Client Error: Bad Request for url: https://api.worldquantbrain.com/simulations
2025-12-29 10:59:20,114 - ERROR - Error in sending simulation request. Retrying after 5s...
2025-12-29 10:59:25,371 - ERROR - Error in sending simulation request: 400 Client Error: Bad Request for url: https://api.worldquantbrain.com/simulations
2025-12-29 10:59:25,375 - ERROR - Error in sending simulation request. Retrying after 5s...
2025-12-29 10:59:30,632 - ERROR - Error in sending simulation request: 400 Client Error: Bad Request for url: https://api.worldquantbrain.com/simulations
2025-12-29 10:59:30,632 - ERROR - Error in sending simulation request. Retrying after 5s...
2025-12-29 10:59:35,879 - ERROR - Error in sending simulation request: 400 Client Error: Bad Request for url: https://api.worldquantbrain.com/simulations
2025-12-29 10:59:37,200 - INFO - Login to BRAIN successfully.
2025-12-29 10:59:37,200 - ERROR - Error occurred too many times, skipping this alpha and re-logging in.
2025-12-29 10:59:37,200 - ERROR - Simulation request failed after 36 attempts.
2025-12-29 10:59:40,207 - INFO - No one is in active simulation now
2025-12-29 10:59:40,207 - INFO - Loading new alpha...
2025-12-29 10:59:40,207 - INFO - Starting simulation for alpha: ts_mean(rank(model41) * ts_rank(cpi, 40), 40) with settings: {'instrumentType': 'EQUITY', 'region': 'IND', 'universe': 'TOP2000', 'delay': 1, 'decay': 7, 'neutralization': 'industry', 'truncation': 0.01, 'pasteurization': 'ON', 'unitHandling': 'VERIFY', 'nanHandling': 'ON', 'language': 'FASTEXPR', 'visualization': False}
2025-12-29 10:59:40,449 - ERROR - Error in sending simulation request: 400 Client Error: Bad Request for url: https://api.worldquantbrain.com/simulations
2025-12-29 10:59:40,449 - ERROR - Error in sending simulation request. Retrying after 5s...
2025-12-29 10:59:45,762 - ERROR - Error in sending simulation request: 400 Client Error: Bad Request for url: https://api.worldquantbrain.com/simulations
2025-12-29 10:59:45,763 - ERROR - Error in sending simulation request. Retrying after 5s...
2025-12-29 10:59:51,009 - ERROR - Error in sending simulation request: 400 Client Error: Bad Request for url: https://api.worldquantbrain.com/simulations
2025-12-29 10:59:51,009 - ERROR - Error in sending simulation request. Retrying after 5s...
2025-12-29 10:59:56,251 - ERROR - Error in sending simulation request: 400 Client Error: Bad Request for url: https://api.worldquantbrain.com/simulations
2025-12-29 10:59:56,252 - ERROR - Error in sending simulation request. Retrying after 5s...
2025-12-29 11:00:01,503 - ERROR - Error in sending simulation request: 400 Client Error: Bad Request for url: https://api.worldquantbrain.com/simulations
2025-12-29 11:00:01,504 - ERROR - Error in sending simulation request. Retrying after 5s...
2025-12-29 11:00:06,864 - ERROR - Error in sending simulation request: 400 Client Error: Bad Request for url: https://api.worldquantbrain.com/simulations
2025-12-29 11:00:06,864 - ERROR - Error in sending simulation request. Retrying after 5s...
2025-12-29 11:00:12,113 - ERROR - Error in sending simulation request: 400 Client Error: Bad Request for url: https://api.worldquantbrain.com/simulations
2025-12-29 11:00:12,114 - ERROR - Error in sending simulation request. Retrying after 5s...
2025-12-29 11:00:17,363 - ERROR - Error in sending simulation request: 400 Client Error: Bad Request for url: https://api.worldquantbrain.com/simulations
2025-12-29 11:00:17,363 - ERROR - Error in sending simulation request. Retrying after 5s...
2025-12-29 11:00:22,618 - ERROR - Error in sending simulation request: 400 Client Error: Bad Request for url: https://api.worldquantbrain.com/simulations
2025-12-29 11:00:22,620 - ERROR - Error in sending simulation request. Retrying after 5s...
2025-12-29 11:00:27,865 - ERROR - Error in sending simulation request: 400 Client Error: Bad Request for url: https://api.worldquantbrain.com/simulations
2025-12-29 11:00:27,865 - ERROR - Error in sending simulation request. Retrying after 5s...
2025-12-29 11:00:33,111 - ERROR - Error in sending simulation request: 400 Client Error: Bad Request for url: https://api.worldquantbrain.com/simulations
2025-12-29 11:00:33,111 - ERROR - Error in sending simulation request. Retrying after 5s...
2025-12-29 11:00:38,364 - ERROR - Error in sending simulation request: 400 Client Error: Bad Request for url: https://api.worldquantbrain.com/simulations
2025-12-29 11:00:38,364 - ERROR - Error in sending simulation request. Retrying after 5s...
2025-12-29 11:00:43,613 - ERROR - Error in sending simulation request: 400 Client Error: Bad Request for url: https://api.worldquantbrain.com/simulations
2025-12-29 11:00:43,613 - ERROR - Error in sending simulation request. Retrying after 5s...
2025-12-29 11:00:48,856 - ERROR - Error in sending simulation request: 400 Client Error: Bad Request for url: https://api.worldquantbrain.com/simulations
2025-12-29 11:00:48,856 - ERROR - Error in sending simulation request. Retrying after 5s...
2025-12-29 11:00:54,097 - ERROR - Error in sending simulation request: 400 Client Error: Bad Request for url: https://api.worldquantbrain.com/simulations
2025-12-29 11:00:54,097 - ERROR - Error in sending simulation request. Retrying after 5s...
2025-12-29 11:00:59,342 - ERROR - Error in sending simulation request: 400 Client Error: Bad Request for url: https://api.worldquantbrain.com/simulations
2025-12-29 11:00:59,342 - ERROR - Error in sending simulation request. Retrying after 5s...
2025-12-29 11:01:04,591 - ERROR - Error in sending simulation request: 400 Client Error: Bad Request for url: https://api.worldquantbrain.com/simulations
2025-12-29 11:01:04,591 - ERROR - Error in sending simulation request. Retrying after 5s...
2025-12-29 11:01:14,569 - ERROR - Error in sending simulation request: 400 Client Error: Bad Request for url: https://api.worldquantbrain.com/simulations
2025-12-29 11:01:14,570 - ERROR - Error in sending simulation request. Retrying after 5s...
2025-12-29 11:01:19,817 - ERROR - Error in sending simulation request: 400 Client Error: Bad Request for url: https://api.worldquantbrain.com/simulations
2025-12-29 11:01:19,817 - ERROR - Error in sending simulation request. Retrying after 5s...
2025-12-29 11:01:25,059 - ERROR - Error in sending simulation request: 400 Client Error: Bad Request for url: https://api.worldquantbrain.com/simulations
2025-12-29 11:01:25,059 - ERROR - Error in sending simulation request. Retrying after 5s...
2025-12-29 11:01:30,324 - ERROR - Error in sending simulation request: 400 Client Error: Bad Request for url: https://api.worldquantbrain.com/simulations
2025-12-29 11:01:30,324 - ERROR - Error in sending simulation request. Retrying after 5s...
2025-12-29 11:01:35,587 - ERROR - Error in sending simulation request: 400 Client Error: Bad Request for url: https://api.worldquantbrain.com/simulations
2025-12-29 11:01:35,587 - ERROR - Error in sending simulation request. Retrying after 5s...
2025-12-29 11:01:42,640 - ERROR - Error in sending simulation request: 400 Client Error: Bad Request for url: https://api.worldquantbrain.com/simulations
2025-12-29 11:01:42,641 - ERROR - Error in sending simulation request. Retrying after 5s...
2025-12-29 11:01:47,931 - ERROR - Error in sending simulation request: 400 Client Error: Bad Request for url: https://api.worldquantbrain.com/simulations
2025-12-29 11:01:47,931 - ERROR - Error in sending simulation request. Retrying after 5s...
2025-12-29 11:01:53,179 - ERROR - Error in sending simulation request: 400 Client Error: Bad Request for url: https://api.worldquantbrain.com/simulations
2025-12-29 11:01:53,180 - ERROR - Error in sending simulation request. Retrying after 5s...
2025-12-29 11:01:58,430 - ERROR - Error in sending simulation request: 400 Client Error: Bad Request for url: https://api.worldquantbrain.com/simulations
2025-12-29 11:01:58,430 - ERROR - Error in sending simulation request. Retrying after 5s...
2025-12-29 11:02:03,702 - ERROR - Error in sending simulation request: 400 Client Error: Bad Request for url: https://api.worldquantbrain.com/simulations
2025-12-29 11:02:03,702 - ERROR - Error in sending simulation request. Retrying after 5s...
2025-12-29 11:02:08,948 - ERROR - Error in sending simulation request: 400 Client Error: Bad Request for url: https://api.worldquantbrain.com/simulations
2025-12-29 11:02:08,948 - ERROR - Error in sending simulation request. Retrying after 5s...
2025-12-29 11:02:14,194 - ERROR - Error in sending simulation request: 400 Client Error: Bad Request for url: https://api.worldquantbrain.com/simulations
2025-12-29 11:02:14,194 - ERROR - Error in sending simulation request. Retrying after 5s...
2025-12-29 11:02:19,489 - ERROR - Error in sending simulation request: 400 Client Error: Bad Request for url: https://api.worldquantbrain.com/simulations
2025-12-29 11:02:19,489 - ERROR - Error in sending simulation request. Retrying after 5s...
2025-12-29 11:02:27,461 - ERROR - Error in sending simulation request: 400 Client Error: Bad Request for url: https://api.worldquantbrain.com/simulations
2025-12-29 11:02:27,462 - ERROR - Error in sending simulation request. Retrying after 5s...
2025-12-29 11:02:32,710 - ERROR - Error in sending simulation request: 400 Client Error: Bad Request for url: https://api.worldquantbrain.com/simulations
2025-12-29 11:02:32,710 - ERROR - Error in sending simulation request. Retrying after 5s...
2025-12-29 11:02:37,957 - ERROR - Error in sending simulation request: 400 Client Error: Bad Request for url: https://api.worldquantbrain.com/simulations
2025-12-29 11:02:37,957 - ERROR - Error in sending simulation request. Retrying after 5s...
2025-12-29 11:02:43,256 - ERROR - Error in sending simulation request: 400 Client Error: Bad Request for url: https://api.worldquantbrain.com/simulations
2025-12-29 11:02:43,257 - ERROR - Error in sending simulation request. Retrying after 5s...
2025-12-29 11:02:48,531 - ERROR - Error in sending simulation request: 400 Client Error: Bad Request for url: https://api.worldquantbrain.com/simulations
2025-12-29 11:02:48,531 - ERROR - Error in sending simulation request. Retrying after 5s...
2025-12-29 11:02:53,772 - ERROR - Error in sending simulation request: 400 Client Error: Bad Request for url: https://api.worldquantbrain.com/simulations
2025-12-29 11:02:53,773 - ERROR - Error in sending simulation request. Retrying after 5s...
2025-12-29 11:02:59,023 - ERROR - Error in sending simulation request: 400 Client Error: Bad Request for url: https://api.worldquantbrain.com/simulations
2025-12-29 11:02:59,994 - INFO - Login to BRAIN successfully.
2025-12-29 11:02:59,994 - ERROR - Error occurred too many times, skipping this alpha and re-logging in.
2025-12-29 11:02:59,994 - ERROR - Simulation request failed after 36 attempts.
2025-12-29 11:03:03,002 - INFO - No one is in active simulation now
2025-12-29 11:03:03,002 - INFO - Loading new alpha...
2025-12-29 11:03:03,002 - INFO - Starting simulation for alpha: ts_delta(model31, 1) with settings: {'instrumentType': 'EQUITY', 'region': 'IND', 'universe': 'TOP2000', 'delay': 1, 'decay': 6, 'neutralization': 'subindustry', 'truncation': 0.01, 'pasteurization': 'ON', 'unitHandling': 'VERIFY', 'nanHandling': 'ON', 'language': 'FASTEXPR', 'visualization': False}
2025-12-29 11:03:03,244 - ERROR - Error in sending simulation request: 400 Client Error: Bad Request for url: https://api.worldquantbrain.com/simulations
2025-12-29 11:03:03,244 - ERROR - Error in sending simulation request. Retrying after 5s...
2025-12-29 11:03:08,490 - ERROR - Error in sending simulation request: 400 Client Error: Bad Request for url: https://api.worldquantbrain.com/simulations
2025-12-29 11:03:08,490 - ERROR - Error in sending simulation request. Retrying after 5s...
2025-12-29 11:03:13,747 - ERROR - Error in sending simulation request: 400 Client Error: Bad Request for url: https://api.worldquantbrain.com/simulations
2025-12-29 11:03:13,747 - ERROR - Error in sending simulation request. Retrying after 5s...
2025-12-29 11:03:18,994 - ERROR - Error in sending simulation request: 400 Client Error: Bad Request for url: https://api.worldquantbrain.com/simulations
2025-12-29 11:03:18,994 - ERROR - Error in sending simulation request. Retrying after 5s...
2025-12-29 11:03:24,235 - ERROR - Error in sending simulation request: 400 Client Error: Bad Request for url: https://api.worldquantbrain.com/simulations
2025-12-29 11:03:24,236 - ERROR - Error in sending simulation request. Retrying after 5s...
2025-12-29 11:03:29,480 - ERROR - Error in sending simulation request: 400 Client Error: Bad Request for url: https://api.worldquantbrain.com/simulations
2025-12-29 11:03:29,480 - ERROR - Error in sending simulation request. Retrying after 5s...
2025-12-29 11:03:34,728 - ERROR - Error in sending simulation request: 400 Client Error: Bad Request for url: https://api.worldquantbrain.com/simulations
2025-12-29 11:03:34,728 - ERROR - Error in sending simulation request. Retrying after 5s...
2025-12-29 11:03:39,976 - ERROR - Error in sending simulation request: 400 Client Error: Bad Request for url: https://api.worldquantbrain.com/simulations
2025-12-29 11:03:39,976 - ERROR - Error in sending simulation request. Retrying after 5s...
2025-12-29 11:03:45,220 - ERROR - Error in sending simulation request: 400 Client Error: Bad Request for url: https://api.worldquantbrain.com/simulations
2025-12-29 11:03:45,220 - ERROR - Error in sending simulation request. Retrying after 5s...
2025-12-29 11:03:50,468 - ERROR - Error in sending simulation request: 400 Client Error: Bad Request for url: https://api.worldquantbrain.com/simulations
2025-12-29 11:03:50,469 - ERROR - Error in sending simulation request. Retrying after 5s...
2025-12-29 11:03:55,715 - ERROR - Error in sending simulation request: 400 Client Error: Bad Request for url: https://api.worldquantbrain.com/simulations
2025-12-29 11:03:55,715 - ERROR - Error in sending simulation request. Retrying after 5s...
2025-12-29 11:04:00,961 - ERROR - Error in sending simulation request: 400 Client Error: Bad Request for url: https://api.worldquantbrain.com/simulations
2025-12-29 11:04:00,962 - ERROR - Error in sending simulation request. Retrying after 5s...
2025-12-29 11:04:06,211 - ERROR - Error in sending simulation request: 400 Client Error: Bad Request for url: https://api.worldquantbrain.com/simulations
2025-12-29 11:04:06,211 - ERROR - Error in sending simulation request. Retrying after 5s...
2025-12-29 11:04:11,455 - ERROR - Error in sending simulation request: 400 Client Error: Bad Request for url: https://api.worldquantbrain.com/simulations
2025-12-29 11:04:11,455 - ERROR - Error in sending simulation request. Retrying after 5s...
2025-12-29 11:04:16,699 - ERROR - Error in sending simulation request: 400 Client Error: Bad Request for url: https://api.worldquantbrain.com/simulations
2025-12-29 11:04:16,699 - ERROR - Error in sending simulation request. Retrying after 5s...
2025-12-29 11:04:21,964 - ERROR - Error in sending simulation request: 400 Client Error: Bad Request for url: https://api.worldquantbrain.com/simulations
2025-12-29 11:04:21,964 - ERROR - Error in sending simulation request. Retrying after 5s...
2025-12-29 11:04:27,210 - ERROR - Error in sending simulation request: 400 Client Error: Bad Request for url: https://api.worldquantbrain.com/simulations
2025-12-29 11:04:27,210 - ERROR - Error in sending simulation request. Retrying after 5s...
2025-12-29 11:04:32,453 - ERROR - Error in sending simulation request: 400 Client Error: Bad Request for url: https://api.worldquantbrain.com/simulations
2025-12-29 11:04:32,453 - ERROR - Error in sending simulation request. Retrying after 5s...
2025-12-29 11:04:37,703 - ERROR - Error in sending simulation request: 400 Client Error: Bad Request for url: https://api.worldquantbrain.com/simulations
2025-12-29 11:04:37,703 - ERROR - Error in sending simulation request. Retrying after 5s...
2025-12-29 11:04:42,946 - ERROR - Error in sending simulation request: 400 Client Error: Bad Request for url: https://api.worldquantbrain.com/simulations
2025-12-29 11:04:42,946 - ERROR - Error in sending simulation request. Retrying after 5s...
2025-12-29 11:04:48,191 - ERROR - Error in sending simulation request: 400 Client Error: Bad Request for url: https://api.worldquantbrain.com/simulations
2025-12-29 11:04:48,191 - ERROR - Error in sending simulation request. Retrying after 5s...
2025-12-29 11:04:53,936 - ERROR - Error in sending simulation request: 400 Client Error: Bad Request for url: https://api.worldquantbrain.com/simulations
2025-12-29 11:04:53,936 - ERROR - Error in sending simulation request. Retrying after 5s...
2025-12-29 11:04:59,176 - ERROR - Error in sending simulation request: 400 Client Error: Bad Request for url: https://api.worldquantbrain.com/simulations
2025-12-29 11:04:59,176 - ERROR - Error in sending simulation request. Retrying after 5s...
2025-12-29 11:05:04,435 - ERROR - Error in sending simulation request: 400 Client Error: Bad Request for url: https://api.worldquantbrain.com/simulations
2025-12-29 11:05:04,435 - ERROR - Error in sending simulation request. Retrying after 5s...
2025-12-29 11:05:09,683 - ERROR - Error in sending simulation request: 400 Client Error: Bad Request for url: https://api.worldquantbrain.com/simulations
2025-12-29 11:05:09,683 - ERROR - Error in sending simulation request. Retrying after 5s...
2025-12-29 11:05:14,934 - ERROR - Error in sending simulation request: 400 Client Error: Bad Request for url: https://api.worldquantbrain.com/simulations
2025-12-29 11:05:14,934 - ERROR - Error in sending simulation request. Retrying after 5s...
2025-12-29 11:05:20,232 - ERROR - Error in sending simulation request: 400 Client Error: Bad Request for url: https://api.worldquantbrain.com/simulations
2025-12-29 11:05:20,232 - ERROR - Error in sending simulation request. Retrying after 5s...
2025-12-29 11:05:25,548 - ERROR - Error in sending simulation request: 400 Client Error: Bad Request for url: https://api.worldquantbrain.com/simulations
2025-12-29 11:05:25,548 - ERROR - Error in sending simulation request. Retrying after 5s...
2025-12-29 11:05:30,798 - ERROR - Error in sending simulation request: 400 Client Error: Bad Request for url: https://api.worldquantbrain.com/simulations
2025-12-29 11:05:30,798 - ERROR - Error in sending simulation request. Retrying after 5s...
2025-12-29 11:05:36,044 - ERROR - Error in sending simulation request: 400 Client Error: Bad Request for url: https://api.worldquantbrain.com/simulations
2025-12-29 11:05:36,045 - ERROR - Error in sending simulation request. Retrying after 5s...
2025-12-29 11:05:41,289 - ERROR - Error in sending simulation request: 400 Client Error: Bad Request for url: https://api.worldquantbrain.com/simulations
2025-12-29 11:05:41,289 - ERROR - Error in sending simulation request. Retrying after 5s...
2025-12-29 11:05:46,537 - ERROR - Error in sending simulation request: 400 Client Error: Bad Request for url: https://api.worldquantbrain.com/simulations
2025-12-29 11:05:46,538 - ERROR - Error in sending simulation request. Retrying after 5s...
2025-12-29 11:05:51,780 - ERROR - Error in sending simulation request: 400 Client Error: Bad Request for url: https://api.worldquantbrain.com/simulations
2025-12-29 11:05:51,781 - ERROR - Error in sending simulation request. Retrying after 5s...
2025-12-29 11:05:59,339 - ERROR - Error in sending simulation request: 400 Client Error: Bad Request for url: https://api.worldquantbrain.com/simulations
2025-12-29 11:05:59,339 - ERROR - Error in sending simulation request. Retrying after 5s...
2025-12-29 11:06:04,579 - ERROR - Error in sending simulation request: 400 Client Error: Bad Request for url: https://api.worldquantbrain.com/simulations
2025-12-29 11:06:04,579 - ERROR - Error in sending simulation request. Retrying after 5s...
2025-12-29 11:06:09,841 - ERROR - Error in sending simulation request: 400 Client Error: Bad Request for url: https://api.worldquantbrain.com/simulations
2025-12-29 11:06:09,841 - ERROR - Error in sending simulation request. Retrying after 5s...
2025-12-29 11:06:15,083 - ERROR - Error in sending simulation request: 400 Client Error: Bad Request for url: https://api.worldquantbrain.com/simulations
2025-12-29 11:06:16,030 - INFO - Login to BRAIN successfully.
2025-12-29 11:06:16,030 - ERROR - Error occurred too many times, skipping this alpha and re-logging in.
2025-12-29 11:06:16,030 - ERROR - Simulation request failed after 36 attempts.
2025-12-29 11:06:19,037 - INFO - No one is in active simulation now
2025-12-29 11:06:19,038 - INFO - Loading new alpha...
2025-12-29 11:06:19,038 - INFO - Starting simulation for alpha: ts_rank(exchange_rate / ts_mean(exchange_rate, 60) - 1, 60) * -1 with settings: {'instrumentType': 'EQUITY', 'region': 'IND', 'universe': 'TOP2000', 'delay': 1, 'decay': 5, 'neutralization': 'sector', 'truncation': 0.01, 'pasteurization': 'ON', 'unitHandling': 'VERIFY', 'nanHandling': 'ON', 'language': 'FASTEXPR', 'visualization': False}
2025-12-29 11:06:19,278 - ERROR - Error in sending simulation request: 400 Client Error: Bad Request for url: https://api.worldquantbrain.com/simulations
2025-12-29 11:06:19,278 - ERROR - Error in sending simulation request. Retrying after 5s...
2025-12-29 11:06:24,521 - ERROR - Error in sending simulation request: 400 Client Error: Bad Request for url: https://api.worldquantbrain.com/simulations
2025-12-29 11:06:24,521 - ERROR - Error in sending simulation request. Retrying after 5s...
2025-12-29 11:06:29,766 - ERROR - Error in sending simulation request: 400 Client Error: Bad Request for url: https://api.worldquantbrain.com/simulations
2025-12-29 11:06:29,766 - ERROR - Error in sending simulation request. Retrying after 5s...
2025-12-29 11:06:35,008 - ERROR - Error in sending simulation request: 400 Client Error: Bad Request for url: https://api.worldquantbrain.com/simulations
2025-12-29 11:06:35,008 - ERROR - Error in sending simulation request. Retrying after 5s...
2025-12-29 11:06:40,249 - ERROR - Error in sending simulation request: 400 Client Error: Bad Request for url: https://api.worldquantbrain.com/simulations
2025-12-29 11:06:40,250 - ERROR - Error in sending simulation request. Retrying after 5s...
2025-12-29 11:07:15,481 - ERROR - Error in sending simulation request: 504 Server Error: Gateway Time-out for url: https://api.worldquantbrain.com/simulations
2025-12-29 11:07:15,482 - ERROR - Error in sending simulation request. Retrying after 5s...
2025-12-29 11:07:30,709 - ERROR - Error in sending simulation request: 504 Server Error: Gateway Time-out for url: https://api.worldquantbrain.com/simulations
2025-12-29 11:07:30,710 - ERROR - Error in sending simulation request. Retrying after 5s...
2025-12-29 11:07:45,936 - ERROR - Error in sending simulation request: 504 Server Error: Gateway Time-out for url: https://api.worldquantbrain.com/simulations
2025-12-29 11:07:45,937 - ERROR - Error in sending simulation request. Retrying after 5s...
2025-12-29 11:08:01,168 - ERROR - Error in sending simulation request: 504 Server Error: Gateway Time-out for url: https://api.worldquantbrain.com/simulations
2025-12-29 11:08:01,169 - ERROR - Error in sending simulation request. Retrying after 5s...
2025-12-29 11:08:16,403 - ERROR - Error in sending simulation request: 504 Server Error: Gateway Time-out for url: https://api.worldquantbrain.com/simulations
2025-12-29 11:08:16,403 - ERROR - Error in sending simulation request. Retrying after 5s...
2025-12-29 11:08:31,636 - ERROR - Error in sending simulation request: 504 Server Error: Gateway Time-out for url: https://api.worldquantbrain.com/simulations
2025-12-29 11:08:31,637 - ERROR - Error in sending simulation request. Retrying after 5s...
2025-12-29 11:08:46,865 - ERROR - Error in sending simulation request: 504 Server Error: Gateway Time-out for url: https://api.worldquantbrain.com/simulations
2025-12-29 11:08:46,866 - ERROR - Error in sending simulation request. Retrying after 5s...
2025-12-29 11:09:02,090 - ERROR - Error in sending simulation request: 504 Server Error: Gateway Time-out for url: https://api.worldquantbrain.com/simulations
2025-12-29 11:09:02,090 - ERROR - Error in sending simulation request. Retrying after 5s...
2025-12-29 11:09:07,327 - ERROR - Error in sending simulation request: 400 Client Error: Bad Request for url: https://api.worldquantbrain.com/simulations
2025-12-29 11:09:07,327 - ERROR - Error in sending simulation request. Retrying after 5s...
2025-12-29 11:09:12,572 - ERROR - Error in sending simulation request: 400 Client Error: Bad Request for url: https://api.worldquantbrain.com/simulations
2025-12-29 11:09:12,572 - ERROR - Error in sending simulation request. Retrying after 5s...
2025-12-29 11:09:17,816 - ERROR - Error in sending simulation request: 400 Client Error: Bad Request for url: https://api.worldquantbrain.com/simulations
2025-12-29 11:09:17,817 - ERROR - Error in sending simulation request. Retrying after 5s...
2025-12-29 11:09:23,057 - ERROR - Error in sending simulation request: 400 Client Error: Bad Request for url: https://api.worldquantbrain.com/simulations
2025-12-29 11:09:23,057 - ERROR - Error in sending simulation request. Retrying after 5s...
2025-12-29 11:09:28,304 - ERROR - Error in sending simulation request: 400 Client Error: Bad Request for url: https://api.worldquantbrain.com/simulations
2025-12-29 11:09:28,304 - ERROR - Error in sending simulation request. Retrying after 5s...
2025-12-29 11:09:33,553 - ERROR - Error in sending simulation request: 400 Client Error: Bad Request for url: https://api.worldquantbrain.com/simulations
2025-12-29 11:09:33,554 - ERROR - Error in sending simulation request. Retrying after 5s...
2025-12-29 11:09:38,798 - ERROR - Error in sending simulation request: 400 Client Error: Bad Request for url: https://api.worldquantbrain.com/simulations
2025-12-29 11:09:38,799 - ERROR - Error in sending simulation request. Retrying after 5s...
2025-12-29 11:09:44,053 - ERROR - Error in sending simulation request: 400 Client Error: Bad Request for url: https://api.worldquantbrain.com/simulations
2025-12-29 11:09:44,053 - ERROR - Error in sending simulation request. Retrying after 5s...
2025-12-29 11:09:49,296 - ERROR - Error in sending simulation request: 400 Client Error: Bad Request for url: https://api.worldquantbrain.com/simulations
2025-12-29 11:09:49,297 - ERROR - Error in sending simulation request. Retrying after 5s...
2025-12-29 11:09:54,533 - ERROR - Error in sending simulation request: 400 Client Error: Bad Request for url: https://api.worldquantbrain.com/simulations
2025-12-29 11:09:54,535 - ERROR - Error in sending simulation request. Retrying after 5s...
2025-12-29 11:09:59,780 - ERROR - Error in sending simulation request: 400 Client Error: Bad Request for url: https://api.worldquantbrain.com/simulations
2025-12-29 11:09:59,780 - ERROR - Error in sending simulation request. Retrying after 5s...
2025-12-29 11:10:05,052 - ERROR - Error in sending simulation request: 400 Client Error: Bad Request for url: https://api.worldquantbrain.com/simulations
2025-12-29 11:10:05,052 - ERROR - Error in sending simulation request. Retrying after 5s...
2025-12-29 11:10:10,429 - ERROR - Error in sending simulation request: 400 Client Error: Bad Request for url: https://api.worldquantbrain.com/simulations
2025-12-29 11:10:10,430 - ERROR - Error in sending simulation request. Retrying after 5s...
2025-12-29 11:10:15,668 - ERROR - Error in sending simulation request: 400 Client Error: Bad Request for url: https://api.worldquantbrain.com/simulations
2025-12-29 11:10:15,668 - ERROR - Error in sending simulation request. Retrying after 5s...
2025-12-29 11:10:20,915 - ERROR - Error in sending simulation request: 400 Client Error: Bad Request for url: https://api.worldquantbrain.com/simulations
2025-12-29 11:10:20,915 - ERROR - Error in sending simulation request. Retrying after 5s...
2025-12-29 11:10:26,163 - ERROR - Error in sending simulation request: 400 Client Error: Bad Request for url: https://api.worldquantbrain.com/simulations
2025-12-29 11:10:26,163 - ERROR - Error in sending simulation request. Retrying after 5s...
2025-12-29 11:10:31,403 - ERROR - Error in sending simulation request: 400 Client Error: Bad Request for url: https://api.worldquantbrain.com/simulations
2025-12-29 11:10:31,403 - ERROR - Error in sending simulation request. Retrying after 5s...
2025-12-29 11:10:36,647 - ERROR - Error in sending simulation request: 400 Client Error: Bad Request for url: https://api.worldquantbrain.com/simulations
2025-12-29 11:10:36,648 - ERROR - Error in sending simulation request. Retrying after 5s...
2025-12-29 11:10:41,890 - ERROR - Error in sending simulation request: 400 Client Error: Bad Request for url: https://api.worldquantbrain.com/simulations
2025-12-29 11:10:41,890 - ERROR - Error in sending simulation request. Retrying after 5s...
2025-12-29 11:10:47,137 - ERROR - Error in sending simulation request: 400 Client Error: Bad Request for url: https://api.worldquantbrain.com/simulations
2025-12-29 11:10:47,138 - ERROR - Error in sending simulation request. Retrying after 5s...
2025-12-29 11:10:52,378 - ERROR - Error in sending simulation request: 400 Client Error: Bad Request for url: https://api.worldquantbrain.com/simulations
2025-12-29 11:10:52,378 - ERROR - Error in sending simulation request. Retrying after 5s...
2025-12-29 11:10:57,624 - ERROR - Error in sending simulation request: 400 Client Error: Bad Request for url: https://api.worldquantbrain.com/simulations
2025-12-29 11:10:57,624 - ERROR - Error in sending simulation request. Retrying after 5s...
2025-12-29 11:11:02,867 - ERROR - Error in sending simulation request: 400 Client Error: Bad Request for url: https://api.worldquantbrain.com/simulations
2025-12-29 11:11:02,867 - ERROR - Error in sending simulation request. Retrying after 5s...
2025-12-29 11:11:08,111 - ERROR - Error in sending simulation request: 400 Client Error: Bad Request for url: https://api.worldquantbrain.com/simulations
2025-12-29 11:11:09,056 - INFO - Login to BRAIN successfully.
2025-12-29 11:11:09,056 - ERROR - Error occurred too many times, skipping this alpha and re-logging in.
2025-12-29 11:11:09,056 - ERROR - Simulation request failed after 36 attempts.
2025-12-29 11:11:12,063 - INFO - No one is in active simulation now
2025-12-29 11:11:12,063 - INFO - Loading new alpha...
2025-12-29 11:11:12,063 - INFO - Starting simulation for alpha: ts_rank(ts_delta(model43, 1), 40) with settings: {'instrumentType': 'EQUITY', 'region': 'IND', 'universe': 'TOP2000', 'delay': 1, 'decay': 6, 'neutralization': 'country', 'truncation': 0.01, 'pasteurization': 'ON', 'unitHandling': 'VERIFY', 'nanHandling': 'ON', 'language': 'FASTEXPR', 'visualization': False}
2025-12-29 11:11:12,305 - ERROR - Error in sending simulation request: 400 Client Error: Bad Request for url: https://api.worldquantbrain.com/simulations
2025-12-29 11:11:12,305 - ERROR - Error in sending simulation request. Retrying after 5s...
2025-12-29 11:11:17,549 - ERROR - Error in sending simulation request: 400 Client Error: Bad Request for url: https://api.worldquantbrain.com/simulations
2025-12-29 11:11:17,549 - ERROR - Error in sending simulation request. Retrying after 5s...
2025-12-29 11:11:22,833 - ERROR - Error in sending simulation request: 400 Client Error: Bad Request for url: https://api.worldquantbrain.com/simulations
2025-12-29 11:11:22,834 - ERROR - Error in sending simulation request. Retrying after 5s...
2025-12-29 11:11:28,079 - ERROR - Error in sending simulation request: 400 Client Error: Bad Request for url: https://api.worldquantbrain.com/simulations
2025-12-29 11:11:28,079 - ERROR - Error in sending simulation request. Retrying after 5s...
2025-12-29 11:11:33,353 - ERROR - Error in sending simulation request: 400 Client Error: Bad Request for url: https://api.worldquantbrain.com/simulations
2025-12-29 11:11:33,353 - ERROR - Error in sending simulation request. Retrying after 5s...
2025-12-29 11:11:38,598 - ERROR - Error in sending simulation request: 400 Client Error: Bad Request for url: https://api.worldquantbrain.com/simulations
2025-12-29 11:11:38,598 - ERROR - Error in sending simulation request. Retrying after 5s...
2025-12-29 11:11:43,842 - ERROR - Error in sending simulation request: 400 Client Error: Bad Request for url: https://api.worldquantbrain.com/simulations
2025-12-29 11:11:43,842 - ERROR - Error in sending simulation request. Retrying after 5s...
2025-12-29 11:11:49,083 - ERROR - Error in sending simulation request: 400 Client Error: Bad Request for url: https://api.worldquantbrain.com/simulations
2025-12-29 11:11:49,083 - ERROR - Error in sending simulation request. Retrying after 5s...
2025-12-29 11:11:54,358 - ERROR - Error in sending simulation request: 400 Client Error: Bad Request for url: https://api.worldquantbrain.com/simulations
2025-12-29 11:11:54,358 - ERROR - Error in sending simulation request. Retrying after 5s...
2025-12-29 11:12:18,980 - ERROR - Error in sending simulation request: 400 Client Error: Bad Request for url: https://api.worldquantbrain.com/simulations
2025-12-29 11:12:18,981 - ERROR - Error in sending simulation request. Retrying after 5s...
2025-12-29 11:12:24,230 - ERROR - Error in sending simulation request: 400 Client Error: Bad Request for url: https://api.worldquantbrain.com/simulations
2025-12-29 11:12:24,230 - ERROR - Error in sending simulation request. Retrying after 5s...
2025-12-29 11:12:29,509 - ERROR - Error in sending simulation request: 400 Client Error: Bad Request for url: https://api.worldquantbrain.com/simulations
2025-12-29 11:12:29,510 - ERROR - Error in sending simulation request. Retrying after 5s...
2025-12-29 11:12:34,830 - ERROR - Error in sending simulation request: 400 Client Error: Bad Request for url: https://api.worldquantbrain.com/simulations
2025-12-29 11:12:34,830 - ERROR - Error in sending simulation request. Retrying after 5s...
2025-12-29 11:12:40,084 - ERROR - Error in sending simulation request: 400 Client Error: Bad Request for url: https://api.worldquantbrain.com/simulations
2025-12-29 11:12:40,084 - ERROR - Error in sending simulation request. Retrying after 5s...
2025-12-29 11:12:45,365 - ERROR - Error in sending simulation request: 400 Client Error: Bad Request for url: https://api.worldquantbrain.com/simulations
2025-12-29 11:12:45,365 - ERROR - Error in sending simulation request. Retrying after 5s...
2025-12-29 11:12:50,613 - ERROR - Error in sending simulation request: 400 Client Error: Bad Request for url: https://api.worldquantbrain.com/simulations
2025-12-29 11:12:50,613 - ERROR - Error in sending simulation request. Retrying after 5s...
2025-12-29 11:12:55,859 - ERROR - Error in sending simulation request: 400 Client Error: Bad Request for url: https://api.worldquantbrain.com/simulations
2025-12-29 11:12:55,859 - ERROR - Error in sending simulation request. Retrying after 5s...
2025-12-29 11:13:01,106 - ERROR - Error in sending simulation request: 400 Client Error: Bad Request for url: https://api.worldquantbrain.com/simulations
2025-12-29 11:13:01,106 - ERROR - Error in sending simulation request. Retrying after 5s...
2025-12-29 11:13:06,350 - ERROR - Error in sending simulation request: 400 Client Error: Bad Request for url: https://api.worldquantbrain.com/simulations
2025-12-29 11:13:06,350 - ERROR - Error in sending simulation request. Retrying after 5s...
2025-12-29 11:13:11,589 - ERROR - Error in sending simulation request: 400 Client Error: Bad Request for url: https://api.worldquantbrain.com/simulations
2025-12-29 11:13:11,589 - ERROR - Error in sending simulation request. Retrying after 5s...
2025-12-29 11:13:16,839 - ERROR - Error in sending simulation request: 400 Client Error: Bad Request for url: https://api.worldquantbrain.com/simulations
2025-12-29 11:13:16,839 - ERROR - Error in sending simulation request. Retrying after 5s...
2025-12-29 11:13:22,083 - ERROR - Error in sending simulation request: 400 Client Error: Bad Request for url: https://api.worldquantbrain.com/simulations
2025-12-29 11:13:22,084 - ERROR - Error in sending simulation request. Retrying after 5s...
2025-12-29 11:13:27,328 - ERROR - Error in sending simulation request: 400 Client Error: Bad Request for url: https://api.worldquantbrain.com/simulations
2025-12-29 11:13:27,328 - ERROR - Error in sending simulation request. Retrying after 5s...
2025-12-29 11:13:32,585 - ERROR - Error in sending simulation request: 400 Client Error: Bad Request for url: https://api.worldquantbrain.com/simulations
2025-12-29 11:13:32,586 - ERROR - Error in sending simulation request. Retrying after 5s...
2025-12-29 11:13:37,832 - ERROR - Error in sending simulation request: 400 Client Error: Bad Request for url: https://api.worldquantbrain.com/simulations
2025-12-29 11:13:37,832 - ERROR - Error in sending simulation request. Retrying after 5s...
2025-12-29 11:13:46,795 - ERROR - Error in sending simulation request: 400 Client Error: Bad Request for url: https://api.worldquantbrain.com/simulations
2025-12-29 11:13:46,795 - ERROR - Error in sending simulation request. Retrying after 5s...
2025-12-29 11:13:52,048 - ERROR - Error in sending simulation request: 400 Client Error: Bad Request for url: https://api.worldquantbrain.com/simulations
2025-12-29 11:13:52,049 - ERROR - Error in sending simulation request. Retrying after 5s...
2025-12-29 11:13:57,312 - ERROR - Error in sending simulation request: 400 Client Error: Bad Request for url: https://api.worldquantbrain.com/simulations
2025-12-29 11:13:57,313 - ERROR - Error in sending simulation request. Retrying after 5s...
2025-12-29 11:14:02,562 - ERROR - Error in sending simulation request: 400 Client Error: Bad Request for url: https://api.worldquantbrain.com/simulations
2025-12-29 11:14:02,562 - ERROR - Error in sending simulation request. Retrying after 5s...
2025-12-29 11:14:07,805 - ERROR - Error in sending simulation request: 400 Client Error: Bad Request for url: https://api.worldquantbrain.com/simulations
2025-12-29 11:14:07,808 - ERROR - Error in sending simulation request. Retrying after 5s...
2025-12-29 11:14:13,052 - ERROR - Error in sending simulation request: 400 Client Error: Bad Request for url: https://api.worldquantbrain.com/simulations
2025-12-29 11:14:13,052 - ERROR - Error in sending simulation request. Retrying after 5s...
2025-12-29 11:14:18,294 - ERROR - Error in sending simulation request: 400 Client Error: Bad Request for url: https://api.worldquantbrain.com/simulations
2025-12-29 11:14:18,294 - ERROR - Error in sending simulation request. Retrying after 5s...
2025-12-29 11:14:23,531 - ERROR - Error in sending simulation request: 400 Client Error: Bad Request for url: https://api.worldquantbrain.com/simulations
2025-12-29 11:14:23,531 - ERROR - Error in sending simulation request. Retrying after 5s...
2025-12-29 11:14:28,777 - ERROR - Error in sending simulation request: 400 Client Error: Bad Request for url: https://api.worldquantbrain.com/simulations
2025-12-29 11:14:28,777 - ERROR - Error in sending simulation request. Retrying after 5s...
2025-12-29 11:14:34,079 - ERROR - Error in sending simulation request: 400 Client Error: Bad Request for url: https://api.worldquantbrain.com/simulations
2025-12-29 11:14:34,080 - ERROR - Error in sending simulation request. Retrying after 5s...
2025-12-29 11:14:39,321 - ERROR - Error in sending simulation request: 400 Client Error: Bad Request for url: https://api.worldquantbrain.com/simulations
2025-12-29 11:14:39,322 - ERROR - Error in sending simulation request. Retrying after 5s...
2025-12-29 11:14:44,581 - ERROR - Error in sending simulation request: 400 Client Error: Bad Request for url: https://api.worldquantbrain.com/simulations
2025-12-29 11:14:45,531 - INFO - Login to BRAIN successfully.
2025-12-29 11:14:45,531 - ERROR - Error occurred too many times, skipping this alpha and re-logging in.
2025-12-29 11:14:45,531 - ERROR - Simulation request failed after 36 attempts.
2025-12-29 11:14:48,534 - INFO - No one is in active simulation now
2025-12-29 11:14:48,534 - INFO - Loading new alpha...
2025-12-29 11:14:48,534 - INFO - Starting simulation for alpha: rank(current_gdp - ts_mean(current_gdp, 60)) / ts_std_dev(current_gdp, 60) with settings: {'instrumentType': 'EQUITY', 'region': 'IND', 'universe': 'TOP2000', 'delay': 1, 'decay': 8, 'neutralization': 'exchange', 'truncation': 0.01, 'pasteurization': 'ON', 'unitHandling': 'VERIFY', 'nanHandling': 'ON', 'language': 'FASTEXPR', 'visualization': False}
2025-12-29 11:14:48,780 - ERROR - Error in sending simulation request: 400 Client Error: Bad Request for url: https://api.worldquantbrain.com/simulations
2025-12-29 11:14:48,780 - ERROR - Error in sending simulation request. Retrying after 5s...
2025-12-29 11:14:54,026 - ERROR - Error in sending simulation request: 400 Client Error: Bad Request for url: https://api.worldquantbrain.com/simulations
2025-12-29 11:14:54,026 - ERROR - Error in sending simulation request. Retrying after 5s...
2025-12-29 11:14:59,273 - ERROR - Error in sending simulation request: 400 Client Error: Bad Request for url: https://api.worldquantbrain.com/simulations
2025-12-29 11:14:59,274 - ERROR - Error in sending simulation request. Retrying after 5s...
2025-12-29 11:15:04,524 - ERROR - Error in sending simulation request: 400 Client Error: Bad Request for url: https://api.worldquantbrain.com/simulations
2025-12-29 11:15:04,524 - ERROR - Error in sending simulation request. Retrying after 5s...
2025-12-29 11:15:09,777 - ERROR - Error in sending simulation request: 400 Client Error: Bad Request for url: https://api.worldquantbrain.com/simulations
2025-12-29 11:15:09,777 - ERROR - Error in sending simulation request. Retrying after 5s...
2025-12-29 11:15:15,020 - ERROR - Error in sending simulation request: 400 Client Error: Bad Request for url: https://api.worldquantbrain.com/simulations
2025-12-29 11:15:15,021 - ERROR - Error in sending simulation request. Retrying after 5s...
2025-12-29 11:15:20,263 - ERROR - Error in sending simulation request: 400 Client Error: Bad Request for url: https://api.worldquantbrain.com/simulations
2025-12-29 11:15:20,264 - ERROR - Error in sending simulation request. Retrying after 5s...
2025-12-29 11:15:25,508 - ERROR - Error in sending simulation request: 400 Client Error: Bad Request for url: https://api.worldquantbrain.com/simulations
2025-12-29 11:15:25,508 - ERROR - Error in sending simulation request. Retrying after 5s...
2025-12-29 11:15:30,750 - ERROR - Error in sending simulation request: 400 Client Error: Bad Request for url: https://api.worldquantbrain.com/simulations
2025-12-29 11:15:30,751 - ERROR - Error in sending simulation request. Retrying after 5s...
2025-12-29 11:15:35,999 - ERROR - Error in sending simulation request: 400 Client Error: Bad Request for url: https://api.worldquantbrain.com/simulations
2025-12-29 11:15:35,999 - ERROR - Error in sending simulation request. Retrying after 5s...
2025-12-29 11:15:41,238 - ERROR - Error in sending simulation request: 400 Client Error: Bad Request for url: https://api.worldquantbrain.com/simulations
2025-12-29 11:15:41,238 - ERROR - Error in sending simulation request. Retrying after 5s...
2025-12-29 11:15:46,485 - ERROR - Error in sending simulation request: 400 Client Error: Bad Request for url: https://api.worldquantbrain.com/simulations
2025-12-29 11:15:46,485 - ERROR - Error in sending simulation request. Retrying after 5s...
2025-12-29 11:15:51,749 - ERROR - Error in sending simulation request: 400 Client Error: Bad Request for url: https://api.worldquantbrain.com/simulations
2025-12-29 11:15:51,750 - ERROR - Error in sending simulation request. Retrying after 5s...
2025-12-29 11:15:56,994 - ERROR - Error in sending simulation request: 400 Client Error: Bad Request for url: https://api.worldquantbrain.com/simulations
2025-12-29 11:15:56,994 - ERROR - Error in sending simulation request. Retrying after 5s...
2025-12-29 11:16:02,238 - ERROR - Error in sending simulation request: 400 Client Error: Bad Request for url: https://api.worldquantbrain.com/simulations
2025-12-29 11:16:02,239 - ERROR - Error in sending simulation request. Retrying after 5s...
2025-12-29 11:16:07,486 - ERROR - Error in sending simulation request: 400 Client Error: Bad Request for url: https://api.worldquantbrain.com/simulations
2025-12-29 11:16:07,486 - ERROR - Error in sending simulation request. Retrying after 5s...
2025-12-29 11:16:12,742 - ERROR - Error in sending simulation request: 400 Client Error: Bad Request for url: https://api.worldquantbrain.com/simulations
2025-12-29 11:16:12,742 - ERROR - Error in sending simulation request. Retrying after 5s...
2025-12-29 11:16:17,986 - ERROR - Error in sending simulation request: 400 Client Error: Bad Request for url: https://api.worldquantbrain.com/simulations
2025-12-29 11:16:17,986 - ERROR - Error in sending simulation request. Retrying after 5s...
2025-12-29 11:16:23,232 - ERROR - Error in sending simulation request: 400 Client Error: Bad Request for url: https://api.worldquantbrain.com/simulations
2025-12-29 11:16:23,233 - ERROR - Error in sending simulation request. Retrying after 5s...
2025-12-29 11:16:28,474 - ERROR - Error in sending simulation request: 400 Client Error: Bad Request for url: https://api.worldquantbrain.com/simulations
2025-12-29 11:16:28,474 - ERROR - Error in sending simulation request. Retrying after 5s...
2025-12-29 11:16:33,720 - ERROR - Error in sending simulation request: 400 Client Error: Bad Request for url: https://api.worldquantbrain.com/simulations
2025-12-29 11:16:33,720 - ERROR - Error in sending simulation request. Retrying after 5s...
2025-12-29 11:16:38,969 - ERROR - Error in sending simulation request: 400 Client Error: Bad Request for url: https://api.worldquantbrain.com/simulations
2025-12-29 11:16:38,969 - ERROR - Error in sending simulation request. Retrying after 5s...
2025-12-29 11:16:44,216 - ERROR - Error in sending simulation request: 400 Client Error: Bad Request for url: https://api.worldquantbrain.com/simulations
2025-12-29 11:16:44,216 - ERROR - Error in sending simulation request. Retrying after 5s...
2025-12-29 11:16:49,458 - ERROR - Error in sending simulation request: 400 Client Error: Bad Request for url: https://api.worldquantbrain.com/simulations
2025-12-29 11:16:49,458 - ERROR - Error in sending simulation request. Retrying after 5s...
2025-12-29 11:16:54,725 - ERROR - Error in sending simulation request: 400 Client Error: Bad Request for url: https://api.worldquantbrain.com/simulations
2025-12-29 11:16:54,725 - ERROR - Error in sending simulation request. Retrying after 5s...
2025-12-29 11:16:59,971 - ERROR - Error in sending simulation request: 400 Client Error: Bad Request for url: https://api.worldquantbrain.com/simulations
2025-12-29 11:16:59,971 - ERROR - Error in sending simulation request. Retrying after 5s...
2025-12-29 11:17:05,215 - ERROR - Error in sending simulation request: 400 Client Error: Bad Request for url: https://api.worldquantbrain.com/simulations
2025-12-29 11:17:05,215 - ERROR - Error in sending simulation request. Retrying after 5s...
2025-12-29 11:17:10,459 - ERROR - Error in sending simulation request: 400 Client Error: Bad Request for url: https://api.worldquantbrain.com/simulations
2025-12-29 11:17:10,459 - ERROR - Error in sending simulation request. Retrying after 5s...
2025-12-29 11:17:15,705 - ERROR - Error in sending simulation request: 400 Client Error: Bad Request for url: https://api.worldquantbrain.com/simulations
2025-12-29 11:17:15,706 - ERROR - Error in sending simulation request. Retrying after 5s...
2025-12-29 11:17:20,948 - ERROR - Error in sending simulation request: 400 Client Error: Bad Request for url: https://api.worldquantbrain.com/simulations
2025-12-29 11:17:20,948 - ERROR - Error in sending simulation request. Retrying after 5s...
2025-12-29 11:17:26,189 - ERROR - Error in sending simulation request: 400 Client Error: Bad Request for url: https://api.worldquantbrain.com/simulations
2025-12-29 11:17:26,189 - ERROR - Error in sending simulation request. Retrying after 5s...
2025-12-29 11:17:31,437 - ERROR - Error in sending simulation request: 400 Client Error: Bad Request for url: https://api.worldquantbrain.com/simulations
2025-12-29 11:17:31,437 - ERROR - Error in sending simulation request. Retrying after 5s...
2025-12-29 11:17:36,688 - ERROR - Error in sending simulation request: 400 Client Error: Bad Request for url: https://api.worldquantbrain.com/simulations
2025-12-29 11:17:36,688 - ERROR - Error in sending simulation request. Retrying after 5s...
2025-12-29 11:17:41,936 - ERROR - Error in sending simulation request: 400 Client Error: Bad Request for url: https://api.worldquantbrain.com/simulations
2025-12-29 11:17:41,936 - ERROR - Error in sending simulation request. Retrying after 5s...
2025-12-29 11:17:47,188 - ERROR - Error in sending simulation request: 400 Client Error: Bad Request for url: https://api.worldquantbrain.com/simulations
2025-12-29 11:17:47,189 - ERROR - Error in sending simulation request. Retrying after 5s...
2025-12-29 11:17:52,431 - ERROR - Error in sending simulation request: 400 Client Error: Bad Request for url: https://api.worldquantbrain.com/simulations
2025-12-29 11:17:52,431 - ERROR - Error in sending simulation request. Retrying after 5s...
2025-12-29 11:17:57,674 - ERROR - Error in sending simulation request: 400 Client Error: Bad Request for url: https://api.worldquantbrain.com/simulations
2025-12-29 11:17:58,626 - INFO - Login to BRAIN successfully.
2025-12-29 11:17:58,627 - ERROR - Error occurred too many times, skipping this alpha and re-logging in.
2025-12-29 11:17:58,627 - ERROR - Simulation request failed after 36 attempts.
2025-12-29 11:18:01,629 - INFO - No one is in active simulation now
2025-12-29 11:18:01,629 - INFO - Loading new alpha...
2025-12-29 11:18:01,629 - INFO - Starting simulation for alpha: ts_delta(model20, 3) with settings: {'instrumentType': 'EQUITY', 'region': 'IND', 'universe': 'TOP2000', 'delay': 1, 'decay': 8, 'neutralization': 'country', 'truncation': 0.01, 'pasteurization': 'ON', 'unitHandling': 'VERIFY', 'nanHandling': 'ON', 'language': 'FASTEXPR', 'visualization': False}
2025-12-29 11:18:01,874 - ERROR - Error in sending simulation request: 400 Client Error: Bad Request for url: https://api.worldquantbrain.com/simulations
2025-12-29 11:18:01,874 - ERROR - Error in sending simulation request. Retrying after 5s...
2025-12-29 11:18:07,136 - ERROR - Error in sending simulation request: 400 Client Error: Bad Request for url: https://api.worldquantbrain.com/simulations
2025-12-29 11:18:07,136 - ERROR - Error in sending simulation request. Retrying after 5s...
2025-12-29 11:18:12,384 - ERROR - Error in sending simulation request: 400 Client Error: Bad Request for url: https://api.worldquantbrain.com/simulations
2025-12-29 11:18:12,386 - ERROR - Error in sending simulation request. Retrying after 5s...
2025-12-29 11:18:17,638 - ERROR - Error in sending simulation request: 400 Client Error: Bad Request for url: https://api.worldquantbrain.com/simulations
2025-12-29 11:18:17,638 - ERROR - Error in sending simulation request. Retrying after 5s...
2025-12-29 11:18:22,881 - ERROR - Error in sending simulation request: 400 Client Error: Bad Request for url: https://api.worldquantbrain.com/simulations
2025-12-29 11:18:22,882 - ERROR - Error in sending simulation request. Retrying after 5s...
2025-12-29 11:18:28,129 - ERROR - Error in sending simulation request: 400 Client Error: Bad Request for url: https://api.worldquantbrain.com/simulations
2025-12-29 11:18:28,129 - ERROR - Error in sending simulation request. Retrying after 5s...
2025-12-29 11:18:33,515 - ERROR - Error in sending simulation request: 400 Client Error: Bad Request for url: https://api.worldquantbrain.com/simulations
2025-12-29 11:18:33,515 - ERROR - Error in sending simulation request. Retrying after 5s...
2025-12-29 11:18:38,760 - ERROR - Error in sending simulation request: 400 Client Error: Bad Request for url: https://api.worldquantbrain.com/simulations
2025-12-29 11:18:38,761 - ERROR - Error in sending simulation request. Retrying after 5s...
2025-12-29 11:18:44,010 - ERROR - Error in sending simulation request: 400 Client Error: Bad Request for url: https://api.worldquantbrain.com/simulations
2025-12-29 11:18:44,010 - ERROR - Error in sending simulation request. Retrying after 5s...
2025-12-29 11:18:49,250 - ERROR - Error in sending simulation request: 400 Client Error: Bad Request for url: https://api.worldquantbrain.com/simulations
2025-12-29 11:18:49,250 - ERROR - Error in sending simulation request. Retrying after 5s...
2025-12-29 11:18:54,493 - ERROR - Error in sending simulation request: 400 Client Error: Bad Request for url: https://api.worldquantbrain.com/simulations
2025-12-29 11:18:54,493 - ERROR - Error in sending simulation request. Retrying after 5s...
2025-12-29 11:18:59,736 - ERROR - Error in sending simulation request: 400 Client Error: Bad Request for url: https://api.worldquantbrain.com/simulations
2025-12-29 11:18:59,737 - ERROR - Error in sending simulation request. Retrying after 5s...
2025-12-29 11:19:04,983 - ERROR - Error in sending simulation request: 400 Client Error: Bad Request for url: https://api.worldquantbrain.com/simulations
2025-12-29 11:19:04,983 - ERROR - Error in sending simulation request. Retrying after 5s...
2025-12-29 11:19:10,241 - ERROR - Error in sending simulation request: 400 Client Error: Bad Request for url: https://api.worldquantbrain.com/simulations
2025-12-29 11:19:10,241 - ERROR - Error in sending simulation request. Retrying after 5s...
2025-12-29 11:19:15,484 - ERROR - Error in sending simulation request: 400 Client Error: Bad Request for url: https://api.worldquantbrain.com/simulations
2025-12-29 11:19:15,484 - ERROR - Error in sending simulation request. Retrying after 5s...
2025-12-29 11:19:20,728 - ERROR - Error in sending simulation request: 400 Client Error: Bad Request for url: https://api.worldquantbrain.com/simulations
2025-12-29 11:19:20,728 - ERROR - Error in sending simulation request. Retrying after 5s...
2025-12-29 11:19:25,972 - ERROR - Error in sending simulation request: 400 Client Error: Bad Request for url: https://api.worldquantbrain.com/simulations
2025-12-29 11:19:25,972 - ERROR - Error in sending simulation request. Retrying after 5s...
2025-12-29 11:19:31,216 - ERROR - Error in sending simulation request: 400 Client Error: Bad Request for url: https://api.worldquantbrain.com/simulations
2025-12-29 11:19:31,216 - ERROR - Error in sending simulation request. Retrying after 5s...
2025-12-29 11:19:36,461 - ERROR - Error in sending simulation request: 400 Client Error: Bad Request for url: https://api.worldquantbrain.com/simulations
2025-12-29 11:19:36,461 - ERROR - Error in sending simulation request. Retrying after 5s...
2025-12-29 11:19:41,705 - ERROR - Error in sending simulation request: 400 Client Error: Bad Request for url: https://api.worldquantbrain.com/simulations
2025-12-29 11:19:41,706 - ERROR - Error in sending simulation request. Retrying after 5s...
2025-12-29 11:19:46,961 - ERROR - Error in sending simulation request: 400 Client Error: Bad Request for url: https://api.worldquantbrain.com/simulations
2025-12-29 11:19:46,961 - ERROR - Error in sending simulation request. Retrying after 5s...
2025-12-29 11:19:52,204 - ERROR - Error in sending simulation request: 400 Client Error: Bad Request for url: https://api.worldquantbrain.com/simulations
2025-12-29 11:19:52,205 - ERROR - Error in sending simulation request. Retrying after 5s...
2025-12-29 11:19:57,448 - ERROR - Error in sending simulation request: 400 Client Error: Bad Request for url: https://api.worldquantbrain.com/simulations
2025-12-29 11:19:57,448 - ERROR - Error in sending simulation request. Retrying after 5s...
2025-12-29 11:20:02,692 - ERROR - Error in sending simulation request: 400 Client Error: Bad Request for url: https://api.worldquantbrain.com/simulations
2025-12-29 11:20:02,692 - ERROR - Error in sending simulation request. Retrying after 5s...
2025-12-29 11:20:07,937 - ERROR - Error in sending simulation request: 400 Client Error: Bad Request for url: https://api.worldquantbrain.com/simulations
2025-12-29 11:20:07,938 - ERROR - Error in sending simulation request. Retrying after 5s...
2025-12-29 11:20:13,176 - ERROR - Error in sending simulation request: 400 Client Error: Bad Request for url: https://api.worldquantbrain.com/simulations
2025-12-29 11:20:13,176 - ERROR - Error in sending simulation request. Retrying after 5s...
2025-12-29 11:20:18,416 - ERROR - Error in sending simulation request: 400 Client Error: Bad Request for url: https://api.worldquantbrain.com/simulations
2025-12-29 11:20:18,416 - ERROR - Error in sending simulation request. Retrying after 5s...
2025-12-29 11:20:23,657 - ERROR - Error in sending simulation request: 400 Client Error: Bad Request for url: https://api.worldquantbrain.com/simulations
2025-12-29 11:20:23,657 - ERROR - Error in sending simulation request. Retrying after 5s...
2025-12-29 11:20:28,894 - ERROR - Error in sending simulation request: 400 Client Error: Bad Request for url: https://api.worldquantbrain.com/simulations
2025-12-29 11:20:28,895 - ERROR - Error in sending simulation request. Retrying after 5s...
2025-12-29 11:20:34,157 - ERROR - Error in sending simulation request: 400 Client Error: Bad Request for url: https://api.worldquantbrain.com/simulations
2025-12-29 11:20:34,157 - ERROR - Error in sending simulation request. Retrying after 5s...
2025-12-29 11:20:39,392 - ERROR - Error in sending simulation request: 400 Client Error: Bad Request for url: https://api.worldquantbrain.com/simulations
2025-12-29 11:20:39,393 - ERROR - Error in sending simulation request. Retrying after 5s...
2025-12-29 11:20:44,630 - ERROR - Error in sending simulation request: 400 Client Error: Bad Request for url: https://api.worldquantbrain.com/simulations
2025-12-29 11:20:44,630 - ERROR - Error in sending simulation request. Retrying after 5s...
2025-12-29 11:20:49,872 - ERROR - Error in sending simulation request: 400 Client Error: Bad Request for url: https://api.worldquantbrain.com/simulations
2025-12-29 11:20:49,873 - ERROR - Error in sending simulation request. Retrying after 5s...
2025-12-29 11:20:55,118 - ERROR - Error in sending simulation request: 400 Client Error: Bad Request for url: https://api.worldquantbrain.com/simulations
2025-12-29 11:20:55,118 - ERROR - Error in sending simulation request. Retrying after 5s...
2025-12-29 11:21:00,417 - ERROR - Error in sending simulation request: 400 Client Error: Bad Request for url: https://api.worldquantbrain.com/simulations
2025-12-29 11:21:00,417 - ERROR - Error in sending simulation request. Retrying after 5s...
2025-12-29 11:21:05,693 - ERROR - Error in sending simulation request: 400 Client Error: Bad Request for url: https://api.worldquantbrain.com/simulations
2025-12-29 11:21:05,693 - ERROR - Error in sending simulation request. Retrying after 5s...
2025-12-29 11:21:10,934 - ERROR - Error in sending simulation request: 400 Client Error: Bad Request for url: https://api.worldquantbrain.com/simulations
2025-12-29 11:21:11,902 - INFO - Login to BRAIN successfully.
2025-12-29 11:21:11,902 - ERROR - Error occurred too many times, skipping this alpha and re-logging in.
2025-12-29 11:21:11,902 - ERROR - Simulation request failed after 36 attempts.
2025-12-29 11:21:14,905 - INFO - No one is in active simulation now
2025-12-29 11:21:14,905 - INFO - Loading new alpha...
2025-12-29 11:21:14,905 - INFO - Starting simulation for alpha: ts_rank(ts_delta(consumer_confidence, 1), 40) with settings: {'instrumentType': 'EQUITY', 'region': 'IND', 'universe': 'TOP2000', 'delay': 1, 'decay': 4, 'neutralization': 'subindustry', 'truncation': 0.01, 'pasteurization': 'ON', 'unitHandling': 'VERIFY', 'nanHandling': 'ON', 'language': 'FASTEXPR', 'visualization': False}
2025-12-29 11:21:15,148 - ERROR - Error in sending simulation request: 400 Client Error: Bad Request for url: https://api.worldquantbrain.com/simulations
2025-12-29 11:21:15,148 - ERROR - Error in sending simulation request. Retrying after 5s...
2025-12-29 11:21:20,392 - ERROR - Error in sending simulation request: 400 Client Error: Bad Request for url: https://api.worldquantbrain.com/simulations
2025-12-29 11:21:20,393 - ERROR - Error in sending simulation request. Retrying after 5s...
2025-12-29 11:21:25,779 - ERROR - Error in sending simulation request: 400 Client Error: Bad Request for url: https://api.worldquantbrain.com/simulations
2025-12-29 11:21:25,779 - ERROR - Error in sending simulation request. Retrying after 5s...
2025-12-29 11:21:31,028 - ERROR - Error in sending simulation request: 400 Client Error: Bad Request for url: https://api.worldquantbrain.com/simulations
2025-12-29 11:21:31,029 - ERROR - Error in sending simulation request. Retrying after 5s...
2025-12-29 11:21:36,279 - ERROR - Error in sending simulation request: 400 Client Error: Bad Request for url: https://api.worldquantbrain.com/simulations
2025-12-29 11:21:36,279 - ERROR - Error in sending simulation request. Retrying after 5s...
2025-12-29 11:21:41,527 - ERROR - Error in sending simulation request: 400 Client Error: Bad Request for url: https://api.worldquantbrain.com/simulations
2025-12-29 11:21:41,528 - ERROR - Error in sending simulation request. Retrying after 5s...
2025-12-29 11:21:46,782 - ERROR - Error in sending simulation request: 400 Client Error: Bad Request for url: https://api.worldquantbrain.com/simulations
2025-12-29 11:21:46,782 - ERROR - Error in sending simulation request. Retrying after 5s...
2025-12-29 11:21:52,029 - ERROR - Error in sending simulation request: 400 Client Error: Bad Request for url: https://api.worldquantbrain.com/simulations
2025-12-29 11:21:52,029 - ERROR - Error in sending simulation request. Retrying after 5s...
2025-12-29 11:21:57,278 - ERROR - Error in sending simulation request: 400 Client Error: Bad Request for url: https://api.worldquantbrain.com/simulations
2025-12-29 11:21:57,278 - ERROR - Error in sending simulation request. Retrying after 5s...
2025-12-29 11:22:02,523 - ERROR - Error in sending simulation request: 400 Client Error: Bad Request for url: https://api.worldquantbrain.com/simulations
2025-12-29 11:22:02,524 - ERROR - Error in sending simulation request. Retrying after 5s...
2025-12-29 11:22:07,775 - ERROR - Error in sending simulation request: 400 Client Error: Bad Request for url: https://api.worldquantbrain.com/simulations
2025-12-29 11:22:07,775 - ERROR - Error in sending simulation request. Retrying after 5s...
2025-12-29 11:22:13,026 - ERROR - Error in sending simulation request: 400 Client Error: Bad Request for url: https://api.worldquantbrain.com/simulations
2025-12-29 11:22:13,026 - ERROR - Error in sending simulation request. Retrying after 5s...
2025-12-29 11:22:18,270 - ERROR - Error in sending simulation request: 400 Client Error: Bad Request for url: https://api.worldquantbrain.com/simulations
2025-12-29 11:22:18,270 - ERROR - Error in sending simulation request. Retrying after 5s...
2025-12-29 11:22:23,518 - ERROR - Error in sending simulation request: 400 Client Error: Bad Request for url: https://api.worldquantbrain.com/simulations
2025-12-29 11:22:23,518 - ERROR - Error in sending simulation request. Retrying after 5s...
2025-12-29 11:22:28,767 - ERROR - Error in sending simulation request: 400 Client Error: Bad Request for url: https://api.worldquantbrain.com/simulations
2025-12-29 11:22:28,768 - ERROR - Error in sending simulation request. Retrying after 5s...
2025-12-29 11:22:34,014 - ERROR - Error in sending simulation request: 400 Client Error: Bad Request for url: https://api.worldquantbrain.com/simulations
2025-12-29 11:22:34,014 - ERROR - Error in sending simulation request. Retrying after 5s...
2025-12-29 11:22:39,265 - ERROR - Error in sending simulation request: 400 Client Error: Bad Request for url: https://api.worldquantbrain.com/simulations
2025-12-29 11:22:39,265 - ERROR - Error in sending simulation request. Retrying after 5s...
2025-12-29 11:22:44,510 - ERROR - Error in sending simulation request: 400 Client Error: Bad Request for url: https://api.worldquantbrain.com/simulations
2025-12-29 11:22:44,510 - ERROR - Error in sending simulation request. Retrying after 5s...
2025-12-29 11:22:49,758 - ERROR - Error in sending simulation request: 400 Client Error: Bad Request for url: https://api.worldquantbrain.com/simulations
2025-12-29 11:22:49,758 - ERROR - Error in sending simulation request. Retrying after 5s...
2025-12-29 11:22:55,005 - ERROR - Error in sending simulation request: 400 Client Error: Bad Request for url: https://api.worldquantbrain.com/simulations
2025-12-29 11:22:55,005 - ERROR - Error in sending simulation request. Retrying after 5s...
2025-12-29 11:23:00,296 - ERROR - Error in sending simulation request: 400 Client Error: Bad Request for url: https://api.worldquantbrain.com/simulations
2025-12-29 11:23:00,297 - ERROR - Error in sending simulation request. Retrying after 5s...
2025-12-29 11:23:05,540 - ERROR - Error in sending simulation request: 400 Client Error: Bad Request for url: https://api.worldquantbrain.com/simulations
2025-12-29 11:23:05,540 - ERROR - Error in sending simulation request. Retrying after 5s...
2025-12-29 11:23:10,782 - ERROR - Error in sending simulation request: 400 Client Error: Bad Request for url: https://api.worldquantbrain.com/simulations
2025-12-29 11:23:10,782 - ERROR - Error in sending simulation request. Retrying after 5s...
2025-12-29 11:23:16,028 - ERROR - Error in sending simulation request: 400 Client Error: Bad Request for url: https://api.worldquantbrain.com/simulations
2025-12-29 11:23:16,029 - ERROR - Error in sending simulation request. Retrying after 5s...
2025-12-29 11:23:21,282 - ERROR - Error in sending simulation request: 400 Client Error: Bad Request for url: https://api.worldquantbrain.com/simulations
2025-12-29 11:23:21,282 - ERROR - Error in sending simulation request. Retrying after 5s...
2025-12-29 11:23:32,527 - ERROR - Error in sending simulation request: 400 Client Error: Bad Request for url: https://api.worldquantbrain.com/simulations
2025-12-29 11:23:32,528 - ERROR - Error in sending simulation request. Retrying after 5s...
2025-12-29 11:23:37,779 - ERROR - Error in sending simulation request: 400 Client Error: Bad Request for url: https://api.worldquantbrain.com/simulations
2025-12-29 11:23:37,779 - ERROR - Error in sending simulation request. Retrying after 5s...
2025-12-29 11:23:43,026 - ERROR - Error in sending simulation request: 400 Client Error: Bad Request for url: https://api.worldquantbrain.com/simulations
2025-12-29 11:23:43,026 - ERROR - Error in sending simulation request. Retrying after 5s...
2025-12-29 11:23:48,271 - ERROR - Error in sending simulation request: 400 Client Error: Bad Request for url: https://api.worldquantbrain.com/simulations
2025-12-29 11:23:48,271 - ERROR - Error in sending simulation request. Retrying after 5s...
2025-12-29 11:23:53,515 - ERROR - Error in sending simulation request: 400 Client Error: Bad Request for url: https://api.worldquantbrain.com/simulations
2025-12-29 11:23:53,517 - ERROR - Error in sending simulation request. Retrying after 5s...
2025-12-29 11:23:58,766 - ERROR - Error in sending simulation request: 400 Client Error: Bad Request for url: https://api.worldquantbrain.com/simulations
2025-12-29 11:23:58,766 - ERROR - Error in sending simulation request. Retrying after 5s...
2025-12-29 11:24:04,008 - ERROR - Error in sending simulation request: 400 Client Error: Bad Request for url: https://api.worldquantbrain.com/simulations
2025-12-29 11:24:04,008 - ERROR - Error in sending simulation request. Retrying after 5s...
2025-12-29 11:24:09,283 - ERROR - Error in sending simulation request: 400 Client Error: Bad Request for url: https://api.worldquantbrain.com/simulations
2025-12-29 11:24:09,283 - ERROR - Error in sending simulation request. Retrying after 5s...
2025-12-29 11:24:14,537 - ERROR - Error in sending simulation request: 400 Client Error: Bad Request for url: https://api.worldquantbrain.com/simulations
2025-12-29 11:24:14,537 - ERROR - Error in sending simulation request. Retrying after 5s...
2025-12-29 11:24:19,788 - ERROR - Error in sending simulation request: 400 Client Error: Bad Request for url: https://api.worldquantbrain.com/simulations
2025-12-29 11:24:19,788 - ERROR - Error in sending simulation request. Retrying after 5s...
2025-12-29 11:24:25,035 - ERROR - Error in sending simulation request: 400 Client Error: Bad Request for url: https://api.worldquantbrain.com/simulations
2025-12-29 11:24:25,035 - ERROR - Error in sending simulation request. Retrying after 5s...
2025-12-29 11:24:30,579 - ERROR - Error in sending simulation request: 400 Client Error: Bad Request for url: https://api.worldquantbrain.com/simulations
2025-12-29 11:24:31,523 - INFO - Login to BRAIN successfully.
2025-12-29 11:24:31,523 - ERROR - Error occurred too many times, skipping this alpha and re-logging in.
2025-12-29 11:24:31,523 - ERROR - Simulation request failed after 36 attempts.
2025-12-29 11:24:34,525 - INFO - No one is in active simulation now
2025-12-29 11:24:34,526 - INFO - Loading new alpha...
2025-12-29 11:24:34,526 - INFO - Starting simulation for alpha: rank(unemployment_rate - ts_mean(unemployment_rate, 40)) / ts_std_dev(unemployment_rate, 40) with settings: {'instrumentType': 'EQUITY', 'region': 'IND', 'universe': 'TOP2000', 'delay': 1, 'decay': 6, 'neutralization': 'market', 'truncation': 0.01, 'pasteurization': 'ON', 'unitHandling': 'VERIFY', 'nanHandling': 'ON', 'language': 'FASTEXPR', 'visualization': False}
2025-12-29 11:24:34,797 - ERROR - Error in sending simulation request: 400 Client Error: Bad Request for url: https://api.worldquantbrain.com/simulations
2025-12-29 11:24:34,797 - ERROR - Error in sending simulation request. Retrying after 5s...
2025-12-29 11:24:40,037 - ERROR - Error in sending simulation request: 400 Client Error: Bad Request for url: https://api.worldquantbrain.com/simulations
2025-12-29 11:24:40,037 - ERROR - Error in sending simulation request. Retrying after 5s...
2025-12-29 11:24:45,275 - ERROR - Error in sending simulation request: 400 Client Error: Bad Request for url: https://api.worldquantbrain.com/simulations
2025-12-29 11:24:45,275 - ERROR - Error in sending simulation request. Retrying after 5s...
2025-12-29 11:24:55,780 - ERROR - Error in sending simulation request: 400 Client Error: Bad Request for url: https://api.worldquantbrain.com/simulations
2025-12-29 11:24:55,780 - ERROR - Error in sending simulation request. Retrying after 5s...
2025-12-29 11:25:01,020 - ERROR - Error in sending simulation request: 400 Client Error: Bad Request for url: https://api.worldquantbrain.com/simulations
2025-12-29 11:25:01,020 - ERROR - Error in sending simulation request. Retrying after 5s...
2025-12-29 11:25:06,262 - ERROR - Error in sending simulation request: 400 Client Error: Bad Request for url: https://api.worldquantbrain.com/simulations
2025-12-29 11:25:06,262 - ERROR - Error in sending simulation request. Retrying after 5s...
2025-12-29 11:25:13,877 - ERROR - Error in sending simulation request: 400 Client Error: Bad Request for url: https://api.worldquantbrain.com/simulations
2025-12-29 11:25:13,879 - ERROR - Error in sending simulation request. Retrying after 5s...
2025-12-29 11:25:19,116 - ERROR - Error in sending simulation request: 400 Client Error: Bad Request for url: https://api.worldquantbrain.com/simulations
2025-12-29 11:25:19,116 - ERROR - Error in sending simulation request. Retrying after 5s...
2025-12-29 11:25:24,356 - ERROR - Error in sending simulation request: 400 Client Error: Bad Request for url: https://api.worldquantbrain.com/simulations
2025-12-29 11:25:24,356 - ERROR - Error in sending simulation request. Retrying after 5s...
2025-12-29 11:25:29,602 - ERROR - Error in sending simulation request: 400 Client Error: Bad Request for url: https://api.worldquantbrain.com/simulations
2025-12-29 11:25:29,602 - ERROR - Error in sending simulation request. Retrying after 5s...
2025-12-29 11:25:34,843 - ERROR - Error in sending simulation request: 400 Client Error: Bad Request for url: https://api.worldquantbrain.com/simulations
2025-12-29 11:25:34,843 - ERROR - Error in sending simulation request. Retrying after 5s...
2025-12-29 11:25:40,087 - ERROR - Error in sending simulation request: 400 Client Error: Bad Request for url: https://api.worldquantbrain.com/simulations
2025-12-29 11:25:40,087 - ERROR - Error in sending simulation request. Retrying after 5s...
2025-12-29 11:25:45,326 - ERROR - Error in sending simulation request: 400 Client Error: Bad Request for url: https://api.worldquantbrain.com/simulations
2025-12-29 11:25:45,326 - ERROR - Error in sending simulation request. Retrying after 5s...
2025-12-29 11:25:50,593 - ERROR - Error in sending simulation request: 400 Client Error: Bad Request for url: https://api.worldquantbrain.com/simulations
2025-12-29 11:25:50,597 - ERROR - Error in sending simulation request. Retrying after 5s...
2025-12-29 11:25:55,848 - ERROR - Error in sending simulation request: 400 Client Error: Bad Request for url: https://api.worldquantbrain.com/simulations
2025-12-29 11:25:55,848 - ERROR - Error in sending simulation request. Retrying after 5s...
2025-12-29 11:26:01,095 - ERROR - Error in sending simulation request: 400 Client Error: Bad Request for url: https://api.worldquantbrain.com/simulations
2025-12-29 11:26:01,095 - ERROR - Error in sending simulation request. Retrying after 5s...
2025-12-29 11:26:06,341 - ERROR - Error in sending simulation request: 400 Client Error: Bad Request for url: https://api.worldquantbrain.com/simulations
2025-12-29 11:26:06,341 - ERROR - Error in sending simulation request. Retrying after 5s...
2025-12-29 11:26:11,590 - ERROR - Error in sending simulation request: 400 Client Error: Bad Request for url: https://api.worldquantbrain.com/simulations
2025-12-29 11:26:11,590 - ERROR - Error in sending simulation request. Retrying after 5s...
2025-12-29 11:26:16,844 - ERROR - Error in sending simulation request: 400 Client Error: Bad Request for url: https://api.worldquantbrain.com/simulations
2025-12-29 11:26:16,844 - ERROR - Error in sending simulation request. Retrying after 5s...
2025-12-29 11:26:22,087 - ERROR - Error in sending simulation request: 400 Client Error: Bad Request for url: https://api.worldquantbrain.com/simulations
2025-12-29 11:26:22,088 - ERROR - Error in sending simulation request. Retrying after 5s...
2025-12-29 11:26:27,326 - ERROR - Error in sending simulation request: 400 Client Error: Bad Request for url: https://api.worldquantbrain.com/simulations
2025-12-29 11:26:27,326 - ERROR - Error in sending simulation request. Retrying after 5s...
2025-12-29 11:26:32,564 - ERROR - Error in sending simulation request: 400 Client Error: Bad Request for url: https://api.worldquantbrain.com/simulations
2025-12-29 11:26:32,564 - ERROR - Error in sending simulation request. Retrying after 5s...
2025-12-29 11:26:37,811 - ERROR - Error in sending simulation request: 400 Client Error: Bad Request for url: https://api.worldquantbrain.com/simulations
2025-12-29 11:26:37,812 - ERROR - Error in sending simulation request. Retrying after 5s...
2025-12-29 11:26:43,058 - ERROR - Error in sending simulation request: 400 Client Error: Bad Request for url: https://api.worldquantbrain.com/simulations
2025-12-29 11:26:43,058 - ERROR - Error in sending simulation request. Retrying after 5s...
2025-12-29 11:26:48,300 - ERROR - Error in sending simulation request: 400 Client Error: Bad Request for url: https://api.worldquantbrain.com/simulations
2025-12-29 11:26:48,300 - ERROR - Error in sending simulation request. Retrying after 5s...
2025-12-29 11:26:53,542 - ERROR - Error in sending simulation request: 400 Client Error: Bad Request for url: https://api.worldquantbrain.com/simulations
2025-12-29 11:26:53,543 - ERROR - Error in sending simulation request. Retrying after 5s...
2025-12-29 11:26:58,783 - ERROR - Error in sending simulation request: 400 Client Error: Bad Request for url: https://api.worldquantbrain.com/simulations
2025-12-29 11:26:58,783 - ERROR - Error in sending simulation request. Retrying after 5s...
2025-12-29 11:27:04,032 - ERROR - Error in sending simulation request: 400 Client Error: Bad Request for url: https://api.worldquantbrain.com/simulations
2025-12-29 11:27:04,032 - ERROR - Error in sending simulation request. Retrying after 5s...
2025-12-29 11:27:09,272 - ERROR - Error in sending simulation request: 400 Client Error: Bad Request for url: https://api.worldquantbrain.com/simulations
2025-12-29 11:27:09,272 - ERROR - Error in sending simulation request. Retrying after 5s...
2025-12-29 11:27:14,515 - ERROR - Error in sending simulation request: 400 Client Error: Bad Request for url: https://api.worldquantbrain.com/simulations
2025-12-29 11:27:14,515 - ERROR - Error in sending simulation request. Retrying after 5s...
2025-12-29 11:27:19,757 - ERROR - Error in sending simulation request: 400 Client Error: Bad Request for url: https://api.worldquantbrain.com/simulations
2025-12-29 11:27:19,758 - ERROR - Error in sending simulation request. Retrying after 5s...
2025-12-29 11:27:24,999 - ERROR - Error in sending simulation request: 400 Client Error: Bad Request for url: https://api.worldquantbrain.com/simulations
2025-12-29 11:27:24,999 - ERROR - Error in sending simulation request. Retrying after 5s...
2025-12-29 11:27:30,243 - ERROR - Error in sending simulation request: 400 Client Error: Bad Request for url: https://api.worldquantbrain.com/simulations
2025-12-29 11:27:30,243 - ERROR - Error in sending simulation request. Retrying after 5s...
2025-12-29 11:27:35,478 - ERROR - Error in sending simulation request: 400 Client Error: Bad Request for url: https://api.worldquantbrain.com/simulations
2025-12-29 11:27:35,479 - ERROR - Error in sending simulation request. Retrying after 5s...
2025-12-29 11:27:40,721 - ERROR - Error in sending simulation request: 400 Client Error: Bad Request for url: https://api.worldquantbrain.com/simulations
2025-12-29 11:27:40,721 - ERROR - Error in sending simulation request. Retrying after 5s...
2025-12-29 11:27:45,959 - ERROR - Error in sending simulation request: 400 Client Error: Bad Request for url: https://api.worldquantbrain.com/simulations
2025-12-29 11:27:45,960 - ERROR - Error in sending simulation request. Retrying after 5s...
2025-12-29 11:27:51,201 - ERROR - Error in sending simulation request: 400 Client Error: Bad Request for url: https://api.worldquantbrain.com/simulations
2025-12-29 11:27:52,785 - INFO - Login to BRAIN successfully.
2025-12-29 11:27:52,785 - ERROR - Error occurred too many times, skipping this alpha and re-logging in.
2025-12-29 11:27:52,785 - ERROR - Simulation request failed after 36 attempts.
2025-12-29 11:27:55,788 - INFO - No one is in active simulation now
2025-12-29 11:27:55,788 - INFO - Loading new alpha...
2025-12-29 11:27:55,788 - INFO - Starting simulation for alpha: rank(cpi - ts_mean(cpi, 30)) / ts_std_dev(cpi, 30) with settings: {'instrumentType': 'EQUITY', 'region': 'IND', 'universe': 'TOP2000', 'delay': 1, 'decay': 6, 'neutralization': 'country', 'truncation': 0.01, 'pasteurization': 'ON', 'unitHandling': 'VERIFY', 'nanHandling': 'ON', 'language': 'FASTEXPR', 'visualization': False}
2025-12-29 11:27:56,029 - ERROR - Error in sending simulation request: 400 Client Error: Bad Request for url: https://api.worldquantbrain.com/simulations
2025-12-29 11:27:56,029 - ERROR - Error in sending simulation request. Retrying after 5s...
2025-12-29 11:28:01,274 - ERROR - Error in sending simulation request: 400 Client Error: Bad Request for url: https://api.worldquantbrain.com/simulations
2025-12-29 11:28:01,275 - ERROR - Error in sending simulation request. Retrying after 5s...
2025-12-29 11:28:06,528 - ERROR - Error in sending simulation request: 400 Client Error: Bad Request for url: https://api.worldquantbrain.com/simulations
2025-12-29 11:28:06,528 - ERROR - Error in sending simulation request. Retrying after 5s...
2025-12-29 11:28:11,771 - ERROR - Error in sending simulation request: 400 Client Error: Bad Request for url: https://api.worldquantbrain.com/simulations
2025-12-29 11:28:11,772 - ERROR - Error in sending simulation request. Retrying after 5s...
2025-12-29 11:28:17,816 - ERROR - Error in sending simulation request: 400 Client Error: Bad Request for url: https://api.worldquantbrain.com/simulations
2025-12-29 11:28:17,816 - ERROR - Error in sending simulation request. Retrying after 5s...
2025-12-29 11:28:23,071 - ERROR - Error in sending simulation request: 400 Client Error: Bad Request for url: https://api.worldquantbrain.com/simulations
2025-12-29 11:28:23,072 - ERROR - Error in sending simulation request. Retrying after 5s...
2025-12-29 11:28:28,319 - ERROR - Error in sending simulation request: 400 Client Error: Bad Request for url: https://api.worldquantbrain.com/simulations
2025-12-29 11:28:28,319 - ERROR - Error in sending simulation request. Retrying after 5s...
2025-12-29 11:28:33,565 - ERROR - Error in sending simulation request: 400 Client Error: Bad Request for url: https://api.worldquantbrain.com/simulations
2025-12-29 11:28:33,566 - ERROR - Error in sending simulation request. Retrying after 5s...
2025-12-29 11:28:38,817 - ERROR - Error in sending simulation request: 400 Client Error: Bad Request for url: https://api.worldquantbrain.com/simulations
2025-12-29 11:28:38,817 - ERROR - Error in sending simulation request. Retrying after 5s...
2025-12-29 11:28:44,062 - ERROR - Error in sending simulation request: 400 Client Error: Bad Request for url: https://api.worldquantbrain.com/simulations
2025-12-29 11:28:44,062 - ERROR - Error in sending simulation request. Retrying after 5s...
2025-12-29 11:28:49,304 - ERROR - Error in sending simulation request: 400 Client Error: Bad Request for url: https://api.worldquantbrain.com/simulations
2025-12-29 11:28:49,304 - ERROR - Error in sending simulation request. Retrying after 5s...
2025-12-29 11:28:54,593 - ERROR - Error in sending simulation request: 400 Client Error: Bad Request for url: https://api.worldquantbrain.com/simulations
2025-12-29 11:28:54,594 - ERROR - Error in sending simulation request. Retrying after 5s...
2025-12-29 11:28:59,833 - ERROR - Error in sending simulation request: 400 Client Error: Bad Request for url: https://api.worldquantbrain.com/simulations
2025-12-29 11:28:59,833 - ERROR - Error in sending simulation request. Retrying after 5s...
2025-12-29 11:29:05,078 - ERROR - Error in sending simulation request: 400 Client Error: Bad Request for url: https://api.worldquantbrain.com/simulations
2025-12-29 11:29:05,078 - ERROR - Error in sending simulation request. Retrying after 5s...
2025-12-29 11:29:10,362 - ERROR - Error in sending simulation request: 400 Client Error: Bad Request for url: https://api.worldquantbrain.com/simulations
2025-12-29 11:29:10,362 - ERROR - Error in sending simulation request. Retrying after 5s...
2025-12-29 11:29:15,607 - ERROR - Error in sending simulation request: 400 Client Error: Bad Request for url: https://api.worldquantbrain.com/simulations
2025-12-29 11:29:15,607 - ERROR - Error in sending simulation request. Retrying after 5s...
2025-12-29 11:29:20,848 - ERROR - Error in sending simulation request: 400 Client Error: Bad Request for url: https://api.worldquantbrain.com/simulations
2025-12-29 11:29:20,848 - ERROR - Error in sending simulation request. Retrying after 5s...
2025-12-29 11:29:26,094 - ERROR - Error in sending simulation request: 400 Client Error: Bad Request for url: https://api.worldquantbrain.com/simulations
2025-12-29 11:29:26,094 - ERROR - Error in sending simulation request. Retrying after 5s...
2025-12-29 11:29:31,378 - ERROR - Error in sending simulation request: 400 Client Error: Bad Request for url: https://api.worldquantbrain.com/simulations
2025-12-29 11:29:31,379 - ERROR - Error in sending simulation request. Retrying after 5s...
2025-12-29 11:29:36,625 - ERROR - Error in sending simulation request: 400 Client Error: Bad Request for url: https://api.worldquantbrain.com/simulations
2025-12-29 11:29:36,625 - ERROR - Error in sending simulation request. Retrying after 5s...
2025-12-29 11:29:41,871 - ERROR - Error in sending simulation request: 400 Client Error: Bad Request for url: https://api.worldquantbrain.com/simulations
2025-12-29 11:29:41,871 - ERROR - Error in sending simulation request. Retrying after 5s...
2025-12-29 11:29:47,111 - ERROR - Error in sending simulation request: 400 Client Error: Bad Request for url: https://api.worldquantbrain.com/simulations
2025-12-29 11:29:47,111 - ERROR - Error in sending simulation request. Retrying after 5s...
2025-12-29 11:29:52,351 - ERROR - Error in sending simulation request: 400 Client Error: Bad Request for url: https://api.worldquantbrain.com/simulations
2025-12-29 11:29:52,351 - ERROR - Error in sending simulation request. Retrying after 5s...
2025-12-29 11:29:57,594 - ERROR - Error in sending simulation request: 400 Client Error: Bad Request for url: https://api.worldquantbrain.com/simulations
2025-12-29 11:29:57,594 - ERROR - Error in sending simulation request. Retrying after 5s...
2025-12-29 11:30:02,857 - ERROR - Error in sending simulation request: 400 Client Error: Bad Request for url: https://api.worldquantbrain.com/simulations
2025-12-29 11:30:02,857 - ERROR - Error in sending simulation request. Retrying after 5s...
2025-12-29 11:30:08,101 - ERROR - Error in sending simulation request: 400 Client Error: Bad Request for url: https://api.worldquantbrain.com/simulations
2025-12-29 11:30:08,101 - ERROR - Error in sending simulation request. Retrying after 5s...
2025-12-29 11:30:13,341 - ERROR - Error in sending simulation request: 400 Client Error: Bad Request for url: https://api.worldquantbrain.com/simulations
2025-12-29 11:30:13,342 - ERROR - Error in sending simulation request. Retrying after 5s...
2025-12-29 11:30:18,579 - ERROR - Error in sending simulation request: 400 Client Error: Bad Request for url: https://api.worldquantbrain.com/simulations
2025-12-29 11:30:18,580 - ERROR - Error in sending simulation request. Retrying after 5s...
2025-12-29 11:30:23,826 - ERROR - Error in sending simulation request: 400 Client Error: Bad Request for url: https://api.worldquantbrain.com/simulations
2025-12-29 11:30:23,827 - ERROR - Error in sending simulation request. Retrying after 5s...
2025-12-29 11:30:29,065 - ERROR - Error in sending simulation request: 400 Client Error: Bad Request for url: https://api.worldquantbrain.com/simulations
2025-12-29 11:30:29,065 - ERROR - Error in sending simulation request. Retrying after 5s...
2025-12-29 11:30:34,331 - ERROR - Error in sending simulation request: 400 Client Error: Bad Request for url: https://api.worldquantbrain.com/simulations
2025-12-29 11:30:34,332 - ERROR - Error in sending simulation request. Retrying after 5s...
2025-12-29 11:30:39,574 - ERROR - Error in sending simulation request: 400 Client Error: Bad Request for url: https://api.worldquantbrain.com/simulations
2025-12-29 11:30:39,574 - ERROR - Error in sending simulation request. Retrying after 5s...
2025-12-29 11:30:44,817 - ERROR - Error in sending simulation request: 400 Client Error: Bad Request for url: https://api.worldquantbrain.com/simulations
2025-12-29 11:30:44,818 - ERROR - Error in sending simulation request. Retrying after 5s...
2025-12-29 11:30:50,060 - ERROR - Error in sending simulation request: 400 Client Error: Bad Request for url: https://api.worldquantbrain.com/simulations
2025-12-29 11:30:50,061 - ERROR - Error in sending simulation request. Retrying after 5s...
2025-12-29 11:30:55,304 - ERROR - Error in sending simulation request: 400 Client Error: Bad Request for url: https://api.worldquantbrain.com/simulations
2025-12-29 11:30:55,304 - ERROR - Error in sending simulation request. Retrying after 5s...
2025-12-29 11:31:00,544 - ERROR - Error in sending simulation request: 400 Client Error: Bad Request for url: https://api.worldquantbrain.com/simulations
2025-12-29 11:31:00,544 - ERROR - Error in sending simulation request. Retrying after 5s...
2025-12-29 11:31:05,783 - ERROR - Error in sending simulation request: 400 Client Error: Bad Request for url: https://api.worldquantbrain.com/simulations
2025-12-29 11:31:06,740 - INFO - Login to BRAIN successfully.
2025-12-29 11:31:06,740 - ERROR - Error occurred too many times, skipping this alpha and re-logging in.
2025-12-29 11:31:06,740 - ERROR - Simulation request failed after 36 attempts.
2025-12-29 11:31:09,746 - INFO - No one is in active simulation now
2025-12-29 11:31:09,746 - INFO - Loading new alpha...
2025-12-29 11:31:09,746 - INFO - Starting simulation for alpha: ts_rank(current_gdp / ts_mean(current_gdp, 30) - 1, 30) * -1 with settings: {'instrumentType': 'EQUITY', 'region': 'IND', 'universe': 'TOP2000', 'delay': 1, 'decay': 8, 'neutralization': 'sector', 'truncation': 0.01, 'pasteurization': 'ON', 'unitHandling': 'VERIFY', 'nanHandling': 'ON', 'language': 'FASTEXPR', 'visualization': False}
2025-12-29 11:31:10,015 - ERROR - Error in sending simulation request: 400 Client Error: Bad Request for url: https://api.worldquantbrain.com/simulations
2025-12-29 11:31:10,015 - ERROR - Error in sending simulation request. Retrying after 5s...
2025-12-29 11:31:15,269 - ERROR - Error in sending simulation request: 400 Client Error: Bad Request for url: https://api.worldquantbrain.com/simulations
2025-12-29 11:31:15,269 - ERROR - Error in sending simulation request. Retrying after 5s...
2025-12-29 11:31:20,531 - ERROR - Error in sending simulation request: 400 Client Error: Bad Request for url: https://api.worldquantbrain.com/simulations
2025-12-29 11:31:20,532 - ERROR - Error in sending simulation request. Retrying after 5s...
2025-12-29 11:31:25,776 - ERROR - Error in sending simulation request: 400 Client Error: Bad Request for url: https://api.worldquantbrain.com/simulations
2025-12-29 11:31:25,776 - ERROR - Error in sending simulation request. Retrying after 5s...
2025-12-29 11:31:31,018 - ERROR - Error in sending simulation request: 400 Client Error: Bad Request for url: https://api.worldquantbrain.com/simulations
2025-12-29 11:31:31,018 - ERROR - Error in sending simulation request. Retrying after 5s...
2025-12-29 11:31:36,263 - ERROR - Error in sending simulation request: 400 Client Error: Bad Request for url: https://api.worldquantbrain.com/simulations
2025-12-29 11:31:36,264 - ERROR - Error in sending simulation request. Retrying after 5s...
2025-12-29 11:31:41,509 - ERROR - Error in sending simulation request: 400 Client Error: Bad Request for url: https://api.worldquantbrain.com/simulations
2025-12-29 11:31:41,509 - ERROR - Error in sending simulation request. Retrying after 5s...
2025-12-29 11:31:46,761 - ERROR - Error in sending simulation request: 400 Client Error: Bad Request for url: https://api.worldquantbrain.com/simulations
2025-12-29 11:31:46,762 - ERROR - Error in sending simulation request. Retrying after 5s...
2025-12-29 11:31:52,004 - ERROR - Error in sending simulation request: 400 Client Error: Bad Request for url: https://api.worldquantbrain.com/simulations
2025-12-29 11:31:52,004 - ERROR - Error in sending simulation request. Retrying after 5s...
2025-12-29 11:31:57,267 - ERROR - Error in sending simulation request: 400 Client Error: Bad Request for url: https://api.worldquantbrain.com/simulations
2025-12-29 11:31:57,267 - ERROR - Error in sending simulation request. Retrying after 5s...
2025-12-29 11:32:02,510 - ERROR - Error in sending simulation request: 400 Client Error: Bad Request for url: https://api.worldquantbrain.com/simulations
2025-12-29 11:32:02,510 - ERROR - Error in sending simulation request. Retrying after 5s...
2025-12-29 11:32:07,751 - ERROR - Error in sending simulation request: 400 Client Error: Bad Request for url: https://api.worldquantbrain.com/simulations
2025-12-29 11:32:07,751 - ERROR - Error in sending simulation request. Retrying after 5s...
2025-12-29 11:32:13,008 - ERROR - Error in sending simulation request: 400 Client Error: Bad Request for url: https://api.worldquantbrain.com/simulations
2025-12-29 11:32:13,008 - ERROR - Error in sending simulation request. Retrying after 5s...
2025-12-29 11:32:18,254 - ERROR - Error in sending simulation request: 400 Client Error: Bad Request for url: https://api.worldquantbrain.com/simulations
2025-12-29 11:32:18,254 - ERROR - Error in sending simulation request. Retrying after 5s...
2025-12-29 11:32:23,503 - ERROR - Error in sending simulation request: 400 Client Error: Bad Request for url: https://api.worldquantbrain.com/simulations
2025-12-29 11:32:23,503 - ERROR - Error in sending simulation request. Retrying after 5s...
2025-12-29 11:32:28,748 - ERROR - Error in sending simulation request: 400 Client Error: Bad Request for url: https://api.worldquantbrain.com/simulations
2025-12-29 11:32:28,748 - ERROR - Error in sending simulation request. Retrying after 5s...
2025-12-29 11:32:33,997 - ERROR - Error in sending simulation request: 400 Client Error: Bad Request for url: https://api.worldquantbrain.com/simulations
2025-12-29 11:32:33,997 - ERROR - Error in sending simulation request. Retrying after 5s...
2025-12-29 11:32:39,244 - ERROR - Error in sending simulation request: 400 Client Error: Bad Request for url: https://api.worldquantbrain.com/simulations
2025-12-29 11:32:39,244 - ERROR - Error in sending simulation request. Retrying after 5s...
2025-12-29 11:32:44,488 - ERROR - Error in sending simulation request: 400 Client Error: Bad Request for url: https://api.worldquantbrain.com/simulations
2025-12-29 11:32:44,488 - ERROR - Error in sending simulation request. Retrying after 5s...
2025-12-29 11:32:49,733 - ERROR - Error in sending simulation request: 400 Client Error: Bad Request for url: https://api.worldquantbrain.com/simulations
2025-12-29 11:32:49,733 - ERROR - Error in sending simulation request. Retrying after 5s...
2025-12-29 11:32:54,975 - ERROR - Error in sending simulation request: 400 Client Error: Bad Request for url: https://api.worldquantbrain.com/simulations
2025-12-29 11:32:54,975 - ERROR - Error in sending simulation request. Retrying after 5s...
2025-12-29 11:33:00,221 - ERROR - Error in sending simulation request: 400 Client Error: Bad Request for url: https://api.worldquantbrain.com/simulations
2025-12-29 11:33:00,221 - ERROR - Error in sending simulation request. Retrying after 5s...
2025-12-29 11:33:05,462 - ERROR - Error in sending simulation request: 400 Client Error: Bad Request for url: https://api.worldquantbrain.com/simulations
2025-12-29 11:33:05,463 - ERROR - Error in sending simulation request. Retrying after 5s...
2025-12-29 11:33:10,726 - ERROR - Error in sending simulation request: 400 Client Error: Bad Request for url: https://api.worldquantbrain.com/simulations
2025-12-29 11:33:10,727 - ERROR - Error in sending simulation request. Retrying after 5s...
2025-12-29 11:33:15,975 - ERROR - Error in sending simulation request: 400 Client Error: Bad Request for url: https://api.worldquantbrain.com/simulations
2025-12-29 11:33:15,975 - ERROR - Error in sending simulation request. Retrying after 5s...
2025-12-29 11:33:21,218 - ERROR - Error in sending simulation request: 400 Client Error: Bad Request for url: https://api.worldquantbrain.com/simulations
2025-12-29 11:33:21,218 - ERROR - Error in sending simulation request. Retrying after 5s...
2025-12-29 11:33:26,464 - ERROR - Error in sending simulation request: 400 Client Error: Bad Request for url: https://api.worldquantbrain.com/simulations
2025-12-29 11:33:26,464 - ERROR - Error in sending simulation request. Retrying after 5s...
2025-12-29 11:33:31,708 - ERROR - Error in sending simulation request: 400 Client Error: Bad Request for url: https://api.worldquantbrain.com/simulations
2025-12-29 11:33:31,708 - ERROR - Error in sending simulation request. Retrying after 5s...
2025-12-29 11:33:36,981 - ERROR - Error in sending simulation request: 400 Client Error: Bad Request for url: https://api.worldquantbrain.com/simulations
2025-12-29 11:33:36,982 - ERROR - Error in sending simulation request. Retrying after 5s...
2025-12-29 11:33:42,236 - ERROR - Error in sending simulation request: 400 Client Error: Bad Request for url: https://api.worldquantbrain.com/simulations
2025-12-29 11:33:42,237 - ERROR - Error in sending simulation request. Retrying after 5s...
2025-12-29 11:33:47,482 - ERROR - Error in sending simulation request: 400 Client Error: Bad Request for url: https://api.worldquantbrain.com/simulations
2025-12-29 11:33:47,483 - ERROR - Error in sending simulation request. Retrying after 5s...
2025-12-29 11:33:52,728 - ERROR - Error in sending simulation request: 400 Client Error: Bad Request for url: https://api.worldquantbrain.com/simulations
2025-12-29 11:33:52,728 - ERROR - Error in sending simulation request. Retrying after 5s...
2025-12-29 11:33:57,975 - ERROR - Error in sending simulation request: 400 Client Error: Bad Request for url: https://api.worldquantbrain.com/simulations
2025-12-29 11:33:57,975 - ERROR - Error in sending simulation request. Retrying after 5s...
2025-12-29 11:34:03,238 - ERROR - Error in sending simulation request: 400 Client Error: Bad Request for url: https://api.worldquantbrain.com/simulations
2025-12-29 11:34:03,238 - ERROR - Error in sending simulation request. Retrying after 5s...
2025-12-29 11:34:08,506 - ERROR - Error in sending simulation request: 400 Client Error: Bad Request for url: https://api.worldquantbrain.com/simulations
2025-12-29 11:34:08,508 - ERROR - Error in sending simulation request. Retrying after 5s...
2025-12-29 11:34:13,755 - ERROR - Error in sending simulation request: 400 Client Error: Bad Request for url: https://api.worldquantbrain.com/simulations
2025-12-29 11:34:13,755 - ERROR - Error in sending simulation request. Retrying after 5s...
2025-12-29 11:34:19,000 - ERROR - Error in sending simulation request: 400 Client Error: Bad Request for url: https://api.worldquantbrain.com/simulations
2025-12-29 11:34:19,957 - INFO - Login to BRAIN successfully.
2025-12-29 11:34:19,957 - ERROR - Error occurred too many times, skipping this alpha and re-logging in.
2025-12-29 11:34:19,957 - ERROR - Simulation request failed after 36 attempts.
2025-12-29 11:34:22,963 - INFO - No one is in active simulation now
2025-12-29 11:34:22,964 - INFO - Loading new alpha...
2025-12-29 11:34:22,964 - INFO - Starting simulation for alpha: ts_std_dev(inflation, 30) with settings: {'instrumentType': 'EQUITY', 'region': 'IND', 'universe': 'TOP2000', 'delay': 1, 'decay': 4, 'neutralization': 'sector', 'truncation': 0.01, 'pasteurization': 'ON', 'unitHandling': 'VERIFY', 'nanHandling': 'ON', 'language': 'FASTEXPR', 'visualization': False}
2025-12-29 11:34:23,207 - ERROR - Error in sending simulation request: 400 Client Error: Bad Request for url: https://api.worldquantbrain.com/simulations
2025-12-29 11:34:23,207 - ERROR - Error in sending simulation request. Retrying after 5s...
2025-12-29 11:34:28,460 - ERROR - Error in sending simulation request: 400 Client Error: Bad Request for url: https://api.worldquantbrain.com/simulations
2025-12-29 11:34:28,460 - ERROR - Error in sending simulation request. Retrying after 5s...
2025-12-29 11:34:33,702 - ERROR - Error in sending simulation request: 400 Client Error: Bad Request for url: https://api.worldquantbrain.com/simulations
2025-12-29 11:34:33,702 - ERROR - Error in sending simulation request. Retrying after 5s...
2025-12-29 11:34:38,954 - ERROR - Error in sending simulation request: 400 Client Error: Bad Request for url: https://api.worldquantbrain.com/simulations
2025-12-29 11:34:38,954 - ERROR - Error in sending simulation request. Retrying after 5s...
2025-12-29 11:34:44,199 - ERROR - Error in sending simulation request: 400 Client Error: Bad Request for url: https://api.worldquantbrain.com/simulations
2025-12-29 11:34:44,199 - ERROR - Error in sending simulation request. Retrying after 5s...
2025-12-29 11:34:49,447 - ERROR - Error in sending simulation request: 400 Client Error: Bad Request for url: https://api.worldquantbrain.com/simulations
2025-12-29 11:34:49,447 - ERROR - Error in sending simulation request. Retrying after 5s...
2025-12-29 11:34:54,693 - ERROR - Error in sending simulation request: 400 Client Error: Bad Request for url: https://api.worldquantbrain.com/simulations
2025-12-29 11:34:54,693 - ERROR - Error in sending simulation request. Retrying after 5s...
2025-12-29 11:34:59,942 - ERROR - Error in sending simulation request: 400 Client Error: Bad Request for url: https://api.worldquantbrain.com/simulations
2025-12-29 11:34:59,942 - ERROR - Error in sending simulation request. Retrying after 5s...
2025-12-29 11:35:05,193 - ERROR - Error in sending simulation request: 400 Client Error: Bad Request for url: https://api.worldquantbrain.com/simulations
2025-12-29 11:35:05,194 - ERROR - Error in sending simulation request. Retrying after 5s...
2025-12-29 11:35:10,437 - ERROR - Error in sending simulation request: 400 Client Error: Bad Request for url: https://api.worldquantbrain.com/simulations
2025-12-29 11:35:10,438 - ERROR - Error in sending simulation request. Retrying after 5s...
2025-12-29 11:35:15,684 - ERROR - Error in sending simulation request: 400 Client Error: Bad Request for url: https://api.worldquantbrain.com/simulations
2025-12-29 11:35:15,684 - ERROR - Error in sending simulation request. Retrying after 5s...
2025-12-29 11:35:20,925 - ERROR - Error in sending simulation request: 400 Client Error: Bad Request for url: https://api.worldquantbrain.com/simulations
2025-12-29 11:35:20,925 - ERROR - Error in sending simulation request. Retrying after 5s...
2025-12-29 11:35:26,176 - ERROR - Error in sending simulation request: 400 Client Error: Bad Request for url: https://api.worldquantbrain.com/simulations
2025-12-29 11:35:26,176 - ERROR - Error in sending simulation request. Retrying after 5s...
2025-12-29 11:35:31,425 - ERROR - Error in sending simulation request: 400 Client Error: Bad Request for url: https://api.worldquantbrain.com/simulations
2025-12-29 11:35:31,425 - ERROR - Error in sending simulation request. Retrying after 5s...
2025-12-29 11:35:36,674 - ERROR - Error in sending simulation request: 400 Client Error: Bad Request for url: https://api.worldquantbrain.com/simulations
2025-12-29 11:35:36,674 - ERROR - Error in sending simulation request. Retrying after 5s...
2025-12-29 11:35:41,921 - ERROR - Error in sending simulation request: 400 Client Error: Bad Request for url: https://api.worldquantbrain.com/simulations
2025-12-29 11:35:41,922 - ERROR - Error in sending simulation request. Retrying after 5s...
2025-12-29 11:35:47,170 - ERROR - Error in sending simulation request: 400 Client Error: Bad Request for url: https://api.worldquantbrain.com/simulations
2025-12-29 11:35:47,170 - ERROR - Error in sending simulation request. Retrying after 5s...
2025-12-29 11:35:52,412 - ERROR - Error in sending simulation request: 400 Client Error: Bad Request for url: https://api.worldquantbrain.com/simulations
2025-12-29 11:35:52,413 - ERROR - Error in sending simulation request. Retrying after 5s...
2025-12-29 11:35:57,660 - ERROR - Error in sending simulation request: 400 Client Error: Bad Request for url: https://api.worldquantbrain.com/simulations
2025-12-29 11:35:57,660 - ERROR - Error in sending simulation request. Retrying after 5s...
2025-12-29 11:36:02,908 - ERROR - Error in sending simulation request: 400 Client Error: Bad Request for url: https://api.worldquantbrain.com/simulations
2025-12-29 11:36:02,908 - ERROR - Error in sending simulation request. Retrying after 5s...
2025-12-29 11:36:08,150 - ERROR - Error in sending simulation request: 400 Client Error: Bad Request for url: https://api.worldquantbrain.com/simulations
2025-12-29 11:36:08,150 - ERROR - Error in sending simulation request. Retrying after 5s...
2025-12-29 11:36:13,396 - ERROR - Error in sending simulation request: 400 Client Error: Bad Request for url: https://api.worldquantbrain.com/simulations
2025-12-29 11:36:13,397 - ERROR - Error in sending simulation request. Retrying after 5s...
2025-12-29 11:36:18,639 - ERROR - Error in sending simulation request: 400 Client Error: Bad Request for url: https://api.worldquantbrain.com/simulations
2025-12-29 11:36:18,640 - ERROR - Error in sending simulation request. Retrying after 5s...
2025-12-29 11:36:23,889 - ERROR - Error in sending simulation request: 400 Client Error: Bad Request for url: https://api.worldquantbrain.com/simulations
2025-12-29 11:36:23,890 - ERROR - Error in sending simulation request. Retrying after 5s...
2025-12-29 11:36:29,135 - ERROR - Error in sending simulation request: 400 Client Error: Bad Request for url: https://api.worldquantbrain.com/simulations
2025-12-29 11:36:29,135 - ERROR - Error in sending simulation request. Retrying after 5s...
2025-12-29 11:36:34,377 - ERROR - Error in sending simulation request: 400 Client Error: Bad Request for url: https://api.worldquantbrain.com/simulations
2025-12-29 11:36:34,378 - ERROR - Error in sending simulation request. Retrying after 5s...
2025-12-29 11:36:39,643 - ERROR - Error in sending simulation request: 400 Client Error: Bad Request for url: https://api.worldquantbrain.com/simulations
2025-12-29 11:36:39,644 - ERROR - Error in sending simulation request. Retrying after 5s...
2025-12-29 11:36:44,889 - ERROR - Error in sending simulation request: 400 Client Error: Bad Request for url: https://api.worldquantbrain.com/simulations
2025-12-29 11:36:44,889 - ERROR - Error in sending simulation request. Retrying after 5s...
2025-12-29 11:36:50,138 - ERROR - Error in sending simulation request: 400 Client Error: Bad Request for url: https://api.worldquantbrain.com/simulations
2025-12-29 11:36:50,139 - ERROR - Error in sending simulation request. Retrying after 5s...
2025-12-29 11:36:55,402 - ERROR - Error in sending simulation request: 400 Client Error: Bad Request for url: https://api.worldquantbrain.com/simulations
2025-12-29 11:36:55,403 - ERROR - Error in sending simulation request. Retrying after 5s...
2025-12-29 11:37:00,648 - ERROR - Error in sending simulation request: 400 Client Error: Bad Request for url: https://api.worldquantbrain.com/simulations
2025-12-29 11:37:00,648 - ERROR - Error in sending simulation request. Retrying after 5s...
2025-12-29 11:37:05,900 - ERROR - Error in sending simulation request: 400 Client Error: Bad Request for url: https://api.worldquantbrain.com/simulations
2025-12-29 11:37:05,900 - ERROR - Error in sending simulation request. Retrying after 5s...
2025-12-29 11:37:11,144 - ERROR - Error in sending simulation request: 400 Client Error: Bad Request for url: https://api.worldquantbrain.com/simulations
2025-12-29 11:37:11,144 - ERROR - Error in sending simulation request. Retrying after 5s...
2025-12-29 11:37:16,386 - ERROR - Error in sending simulation request: 400 Client Error: Bad Request for url: https://api.worldquantbrain.com/simulations
2025-12-29 11:37:16,386 - ERROR - Error in sending simulation request. Retrying after 5s...
2025-12-29 11:37:21,630 - ERROR - Error in sending simulation request: 400 Client Error: Bad Request for url: https://api.worldquantbrain.com/simulations
2025-12-29 11:37:21,630 - ERROR - Error in sending simulation request. Retrying after 5s...
2025-12-29 11:37:26,876 - ERROR - Error in sending simulation request: 400 Client Error: Bad Request for url: https://api.worldquantbrain.com/simulations
2025-12-29 11:37:26,876 - ERROR - Error in sending simulation request. Retrying after 5s...
2025-12-29 11:37:32,138 - ERROR - Error in sending simulation request: 400 Client Error: Bad Request for url: https://api.worldquantbrain.com/simulations
2025-12-29 11:37:33,094 - INFO - Login to BRAIN successfully.
2025-12-29 11:37:33,094 - ERROR - Error occurred too many times, skipping this alpha and re-logging in.
2025-12-29 11:37:33,094 - ERROR - Simulation request failed after 36 attempts.
2025-12-29 11:37:36,097 - INFO - No one is in active simulation now
2025-12-29 11:37:36,126 - INFO - Loading new alpha...
2025-12-29 11:37:36,126 - INFO - Starting simulation for alpha: ts_rank(ts_delta(trade_balance, 2), 60) with settings: {'instrumentType': 'EQUITY', 'region': 'IND', 'universe': 'TOP2000', 'delay': 1, 'decay': 8, 'neutralization': 'market', 'truncation': 0.01, 'pasteurization': 'ON', 'unitHandling': 'VERIFY', 'nanHandling': 'ON', 'language': 'FASTEXPR', 'visualization': False}
2025-12-29 11:37:36,373 - ERROR - Error in sending simulation request: 400 Client Error: Bad Request for url: https://api.worldquantbrain.com/simulations
2025-12-29 11:37:36,373 - ERROR - Error in sending simulation request. Retrying after 5s...
2025-12-29 11:37:41,627 - ERROR - Error in sending simulation request: 400 Client Error: Bad Request for url: https://api.worldquantbrain.com/simulations
2025-12-29 11:37:41,627 - ERROR - Error in sending simulation request. Retrying after 5s...
2025-12-29 11:37:46,872 - ERROR - Error in sending simulation request: 400 Client Error: Bad Request for url: https://api.worldquantbrain.com/simulations
2025-12-29 11:37:46,872 - ERROR - Error in sending simulation request. Retrying after 5s...
2025-12-29 11:37:52,121 - ERROR - Error in sending simulation request: 400 Client Error: Bad Request for url: https://api.worldquantbrain.com/simulations
2025-12-29 11:37:52,122 - ERROR - Error in sending simulation request. Retrying after 5s...
2025-12-29 11:37:57,374 - ERROR - Error in sending simulation request: 400 Client Error: Bad Request for url: https://api.worldquantbrain.com/simulations
2025-12-29 11:37:57,374 - ERROR - Error in sending simulation request. Retrying after 5s...
2025-12-29 11:38:02,622 - ERROR - Error in sending simulation request: 400 Client Error: Bad Request for url: https://api.worldquantbrain.com/simulations
2025-12-29 11:38:02,623 - ERROR - Error in sending simulation request. Retrying after 5s...
2025-12-29 11:38:07,868 - ERROR - Error in sending simulation request: 400 Client Error: Bad Request for url: https://api.worldquantbrain.com/simulations
2025-12-29 11:38:07,868 - ERROR - Error in sending simulation request. Retrying after 5s...
2025-12-29 11:38:13,126 - ERROR - Error in sending simulation request: 400 Client Error: Bad Request for url: https://api.worldquantbrain.com/simulations
2025-12-29 11:38:13,127 - ERROR - Error in sending simulation request. Retrying after 5s...
2025-12-29 11:38:18,489 - ERROR - Error in sending simulation request: 400 Client Error: Bad Request for url: https://api.worldquantbrain.com/simulations
2025-12-29 11:38:18,490 - ERROR - Error in sending simulation request. Retrying after 5s...
2025-12-29 11:38:23,737 - ERROR - Error in sending simulation request: 400 Client Error: Bad Request for url: https://api.worldquantbrain.com/simulations
2025-12-29 11:38:23,737 - ERROR - Error in sending simulation request. Retrying after 5s...
2025-12-29 11:38:28,978 - ERROR - Error in sending simulation request: 400 Client Error: Bad Request for url: https://api.worldquantbrain.com/simulations
2025-12-29 11:38:28,978 - ERROR - Error in sending simulation request. Retrying after 5s...
2025-12-29 11:38:34,228 - ERROR - Error in sending simulation request: 400 Client Error: Bad Request for url: https://api.worldquantbrain.com/simulations
2025-12-29 11:38:34,228 - ERROR - Error in sending simulation request. Retrying after 5s...
2025-12-29 11:38:39,480 - ERROR - Error in sending simulation request: 400 Client Error: Bad Request for url: https://api.worldquantbrain.com/simulations
2025-12-29 11:38:39,481 - ERROR - Error in sending simulation request. Retrying after 5s...
2025-12-29 11:38:44,732 - ERROR - Error in sending simulation request: 400 Client Error: Bad Request for url: https://api.worldquantbrain.com/simulations
2025-12-29 11:38:44,732 - ERROR - Error in sending simulation request. Retrying after 5s...
2025-12-29 11:38:49,982 - ERROR - Error in sending simulation request: 400 Client Error: Bad Request for url: https://api.worldquantbrain.com/simulations
2025-12-29 11:38:49,982 - ERROR - Error in sending simulation request. Retrying after 5s...
2025-12-29 11:38:55,235 - ERROR - Error in sending simulation request: 400 Client Error: Bad Request for url: https://api.worldquantbrain.com/simulations
2025-12-29 11:38:55,236 - ERROR - Error in sending simulation request. Retrying after 5s...
2025-12-29 11:39:00,481 - ERROR - Error in sending simulation request: 400 Client Error: Bad Request for url: https://api.worldquantbrain.com/simulations
2025-12-29 11:39:00,482 - ERROR - Error in sending simulation request. Retrying after 5s...
2025-12-29 11:39:05,725 - ERROR - Error in sending simulation request: 400 Client Error: Bad Request for url: https://api.worldquantbrain.com/simulations
2025-12-29 11:39:05,725 - ERROR - Error in sending simulation request. Retrying after 5s...
2025-12-29 11:39:10,972 - ERROR - Error in sending simulation request: 400 Client Error: Bad Request for url: https://api.worldquantbrain.com/simulations
2025-12-29 11:39:10,972 - ERROR - Error in sending simulation request. Retrying after 5s...
2025-12-29 11:39:16,217 - ERROR - Error in sending simulation request: 400 Client Error: Bad Request for url: https://api.worldquantbrain.com/simulations
2025-12-29 11:39:16,217 - ERROR - Error in sending simulation request. Retrying after 5s...
2025-12-29 11:39:21,461 - ERROR - Error in sending simulation request: 400 Client Error: Bad Request for url: https://api.worldquantbrain.com/simulations
2025-12-29 11:39:21,462 - ERROR - Error in sending simulation request. Retrying after 5s...
2025-12-29 11:39:26,709 - ERROR - Error in sending simulation request: 400 Client Error: Bad Request for url: https://api.worldquantbrain.com/simulations
2025-12-29 11:39:26,709 - ERROR - Error in sending simulation request. Retrying after 5s...
2025-12-29 11:39:31,957 - ERROR - Error in sending simulation request: 400 Client Error: Bad Request for url: https://api.worldquantbrain.com/simulations
2025-12-29 11:39:31,958 - ERROR - Error in sending simulation request. Retrying after 5s...
2025-12-29 11:39:37,202 - ERROR - Error in sending simulation request: 400 Client Error: Bad Request for url: https://api.worldquantbrain.com/simulations
2025-12-29 11:39:37,202 - ERROR - Error in sending simulation request. Retrying after 5s...
2025-12-29 11:39:42,450 - ERROR - Error in sending simulation request: 400 Client Error: Bad Request for url: https://api.worldquantbrain.com/simulations
2025-12-29 11:39:42,451 - ERROR - Error in sending simulation request. Retrying after 5s...
2025-12-29 11:39:47,700 - ERROR - Error in sending simulation request: 400 Client Error: Bad Request for url: https://api.worldquantbrain.com/simulations
2025-12-29 11:39:47,700 - ERROR - Error in sending simulation request. Retrying after 5s...
2025-12-29 11:39:52,948 - ERROR - Error in sending simulation request: 400 Client Error: Bad Request for url: https://api.worldquantbrain.com/simulations
2025-12-29 11:39:52,948 - ERROR - Error in sending simulation request. Retrying after 5s...
2025-12-29 11:39:58,194 - ERROR - Error in sending simulation request: 400 Client Error: Bad Request for url: https://api.worldquantbrain.com/simulations
2025-12-29 11:39:58,194 - ERROR - Error in sending simulation request. Retrying after 5s...
2025-12-29 11:40:03,446 - ERROR - Error in sending simulation request: 400 Client Error: Bad Request for url: https://api.worldquantbrain.com/simulations
2025-12-29 11:40:03,446 - ERROR - Error in sending simulation request. Retrying after 5s...
2025-12-29 11:40:08,695 - ERROR - Error in sending simulation request: 400 Client Error: Bad Request for url: https://api.worldquantbrain.com/simulations
2025-12-29 11:40:08,696 - ERROR - Error in sending simulation request. Retrying after 5s...
2025-12-29 11:40:13,948 - ERROR - Error in sending simulation request: 400 Client Error: Bad Request for url: https://api.worldquantbrain.com/simulations
2025-12-29 11:40:13,948 - ERROR - Error in sending simulation request. Retrying after 5s...
2025-12-29 11:40:19,195 - ERROR - Error in sending simulation request: 400 Client Error: Bad Request for url: https://api.worldquantbrain.com/simulations
2025-12-29 11:40:19,195 - ERROR - Error in sending simulation request. Retrying after 5s...
2025-12-29 11:40:24,437 - ERROR - Error in sending simulation request: 400 Client Error: Bad Request for url: https://api.worldquantbrain.com/simulations
2025-12-29 11:40:24,437 - ERROR - Error in sending simulation request. Retrying after 5s...
2025-12-29 11:40:29,688 - ERROR - Error in sending simulation request: 400 Client Error: Bad Request for url: https://api.worldquantbrain.com/simulations
2025-12-29 11:40:29,688 - ERROR - Error in sending simulation request. Retrying after 5s...
2025-12-29 11:40:34,935 - ERROR - Error in sending simulation request: 400 Client Error: Bad Request for url: https://api.worldquantbrain.com/simulations
2025-12-29 11:40:34,935 - ERROR - Error in sending simulation request. Retrying after 5s...
2025-12-29 11:40:40,180 - ERROR - Error in sending simulation request: 400 Client Error: Bad Request for url: https://api.worldquantbrain.com/simulations
2025-12-29 11:40:40,180 - ERROR - Error in sending simulation request. Retrying after 5s...
2025-12-29 11:40:45,443 - ERROR - Error in sending simulation request: 400 Client Error: Bad Request for url: https://api.worldquantbrain.com/simulations
2025-12-29 11:40:46,393 - INFO - Login to BRAIN successfully.
2025-12-29 11:40:46,393 - ERROR - Error occurred too many times, skipping this alpha and re-logging in.
2025-12-29 11:40:46,393 - ERROR - Simulation request failed after 36 attempts.
2025-12-29 11:40:49,396 - INFO - No one is in active simulation now
2025-12-29 11:40:49,396 - INFO - Loading new alpha...
2025-12-29 11:40:49,396 - INFO - Starting simulation for alpha: group_neutralize(ts_rank(model28, 30) + ts_rank(consumer_confidence, 30), sector) with settings: {'instrumentType': 'EQUITY', 'region': 'IND', 'universe': 'TOP2000', 'delay': 1, 'decay': 6, 'neutralization': 'exchange', 'truncation': 0.01, 'pasteurization': 'ON', 'unitHandling': 'VERIFY', 'nanHandling': 'ON', 'language': 'FASTEXPR', 'visualization': False}
2025-12-29 11:40:49,636 - ERROR - Error in sending simulation request: 400 Client Error: Bad Request for url: https://api.worldquantbrain.com/simulations
2025-12-29 11:40:49,636 - ERROR - Error in sending simulation request. Retrying after 5s...
2025-12-29 11:40:54,881 - ERROR - Error in sending simulation request: 400 Client Error: Bad Request for url: https://api.worldquantbrain.com/simulations
2025-12-29 11:40:54,881 - ERROR - Error in sending simulation request. Retrying after 5s...
2025-12-29 11:41:00,131 - ERROR - Error in sending simulation request: 400 Client Error: Bad Request for url: https://api.worldquantbrain.com/simulations
2025-12-29 11:41:00,132 - ERROR - Error in sending simulation request. Retrying after 5s...
2025-12-29 11:41:05,380 - ERROR - Error in sending simulation request: 400 Client Error: Bad Request for url: https://api.worldquantbrain.com/simulations
2025-12-29 11:41:05,380 - ERROR - Error in sending simulation request. Retrying after 5s...
2025-12-29 11:41:10,637 - ERROR - Error in sending simulation request: 400 Client Error: Bad Request for url: https://api.worldquantbrain.com/simulations
2025-12-29 11:41:10,637 - ERROR - Error in sending simulation request. Retrying after 5s...
2025-12-29 11:41:15,884 - ERROR - Error in sending simulation request: 400 Client Error: Bad Request for url: https://api.worldquantbrain.com/simulations
2025-12-29 11:41:15,884 - ERROR - Error in sending simulation request. Retrying after 5s...
2025-12-29 11:41:21,131 - ERROR - Error in sending simulation request: 400 Client Error: Bad Request for url: https://api.worldquantbrain.com/simulations
2025-12-29 11:41:21,131 - ERROR - Error in sending simulation request. Retrying after 5s...
2025-12-29 11:41:26,369 - ERROR - Error in sending simulation request: 400 Client Error: Bad Request for url: https://api.worldquantbrain.com/simulations
2025-12-29 11:41:26,370 - ERROR - Error in sending simulation request. Retrying after 5s...
2025-12-29 11:41:31,626 - ERROR - Error in sending simulation request: 400 Client Error: Bad Request for url: https://api.worldquantbrain.com/simulations
2025-12-29 11:41:31,626 - ERROR - Error in sending simulation request. Retrying after 5s...
2025-12-29 11:41:36,869 - ERROR - Error in sending simulation request: 400 Client Error: Bad Request for url: https://api.worldquantbrain.com/simulations
2025-12-29 11:41:36,870 - ERROR - Error in sending simulation request. Retrying after 5s...
2025-12-29 11:41:42,111 - ERROR - Error in sending simulation request: 400 Client Error: Bad Request for url: https://api.worldquantbrain.com/simulations
2025-12-29 11:41:42,111 - ERROR - Error in sending simulation request. Retrying after 5s...
2025-12-29 11:41:47,356 - ERROR - Error in sending simulation request: 400 Client Error: Bad Request for url: https://api.worldquantbrain.com/simulations
2025-12-29 11:41:47,356 - ERROR - Error in sending simulation request. Retrying after 5s...
2025-12-29 11:41:52,596 - ERROR - Error in sending simulation request: 400 Client Error: Bad Request for url: https://api.worldquantbrain.com/simulations
2025-12-29 11:41:52,596 - ERROR - Error in sending simulation request. Retrying after 5s...
2025-12-29 11:41:57,838 - ERROR - Error in sending simulation request: 400 Client Error: Bad Request for url: https://api.worldquantbrain.com/simulations
2025-12-29 11:41:57,839 - ERROR - Error in sending simulation request. Retrying after 5s...
2025-12-29 11:42:03,084 - ERROR - Error in sending simulation request: 400 Client Error: Bad Request for url: https://api.worldquantbrain.com/simulations
2025-12-29 11:42:03,084 - ERROR - Error in sending simulation request. Retrying after 5s...
2025-12-29 11:42:08,327 - ERROR - Error in sending simulation request: 400 Client Error: Bad Request for url: https://api.worldquantbrain.com/simulations
2025-12-29 11:42:08,328 - ERROR - Error in sending simulation request. Retrying after 5s...
2025-12-29 11:42:13,565 - ERROR - Error in sending simulation request: 400 Client Error: Bad Request for url: https://api.worldquantbrain.com/simulations
2025-12-29 11:42:13,566 - ERROR - Error in sending simulation request. Retrying after 5s...
2025-12-29 11:42:18,803 - ERROR - Error in sending simulation request: 400 Client Error: Bad Request for url: https://api.worldquantbrain.com/simulations
2025-12-29 11:42:18,803 - ERROR - Error in sending simulation request. Retrying after 5s...
2025-12-29 11:42:24,058 - ERROR - Error in sending simulation request: 400 Client Error: Bad Request for url: https://api.worldquantbrain.com/simulations
2025-12-29 11:42:24,058 - ERROR - Error in sending simulation request. Retrying after 5s...
2025-12-29 11:42:29,310 - ERROR - Error in sending simulation request: 400 Client Error: Bad Request for url: https://api.worldquantbrain.com/simulations
2025-12-29 11:42:29,310 - ERROR - Error in sending simulation request. Retrying after 5s...
2025-12-29 11:42:34,555 - ERROR - Error in sending simulation request: 400 Client Error: Bad Request for url: https://api.worldquantbrain.com/simulations
2025-12-29 11:42:34,555 - ERROR - Error in sending simulation request. Retrying after 5s...
2025-12-29 11:42:39,939 - ERROR - Error in sending simulation request: 400 Client Error: Bad Request for url: https://api.worldquantbrain.com/simulations
2025-12-29 11:42:39,939 - ERROR - Error in sending simulation request. Retrying after 5s...
2025-12-29 11:42:45,197 - ERROR - Error in sending simulation request: 400 Client Error: Bad Request for url: https://api.worldquantbrain.com/simulations
2025-12-29 11:42:45,197 - ERROR - Error in sending simulation request. Retrying after 5s...
2025-12-29 11:42:50,442 - ERROR - Error in sending simulation request: 400 Client Error: Bad Request for url: https://api.worldquantbrain.com/simulations
2025-12-29 11:42:50,443 - ERROR - Error in sending simulation request. Retrying after 5s...
2025-12-29 11:42:55,690 - ERROR - Error in sending simulation request: 400 Client Error: Bad Request for url: https://api.worldquantbrain.com/simulations
2025-12-29 11:42:55,690 - ERROR - Error in sending simulation request. Retrying after 5s...
2025-12-29 11:43:00,934 - ERROR - Error in sending simulation request: 400 Client Error: Bad Request for url: https://api.worldquantbrain.com/simulations
2025-12-29 11:43:00,934 - ERROR - Error in sending simulation request. Retrying after 5s...
2025-12-29 11:43:06,185 - ERROR - Error in sending simulation request: 400 Client Error: Bad Request for url: https://api.worldquantbrain.com/simulations
2025-12-29 11:43:06,185 - ERROR - Error in sending simulation request. Retrying after 5s...
2025-12-29 11:43:11,432 - ERROR - Error in sending simulation request: 400 Client Error: Bad Request for url: https://api.worldquantbrain.com/simulations
2025-12-29 11:43:11,432 - ERROR - Error in sending simulation request. Retrying after 5s...
2025-12-29 11:43:16,670 - ERROR - Error in sending simulation request: 400 Client Error: Bad Request for url: https://api.worldquantbrain.com/simulations
2025-12-29 11:43:16,671 - ERROR - Error in sending simulation request. Retrying after 5s...
2025-12-29 11:43:21,916 - ERROR - Error in sending simulation request: 400 Client Error: Bad Request for url: https://api.worldquantbrain.com/simulations
2025-12-29 11:43:21,916 - ERROR - Error in sending simulation request. Retrying after 5s...
2025-12-29 11:43:27,159 - ERROR - Error in sending simulation request: 400 Client Error: Bad Request for url: https://api.worldquantbrain.com/simulations
2025-12-29 11:43:27,159 - ERROR - Error in sending simulation request. Retrying after 5s...
2025-12-29 11:43:32,398 - ERROR - Error in sending simulation request: 400 Client Error: Bad Request for url: https://api.worldquantbrain.com/simulations
2025-12-29 11:43:32,399 - ERROR - Error in sending simulation request. Retrying after 5s...
2025-12-29 11:43:37,645 - ERROR - Error in sending simulation request: 400 Client Error: Bad Request for url: https://api.worldquantbrain.com/simulations
2025-12-29 11:43:37,645 - ERROR - Error in sending simulation request. Retrying after 5s...
2025-12-29 11:43:42,888 - ERROR - Error in sending simulation request: 400 Client Error: Bad Request for url: https://api.worldquantbrain.com/simulations
2025-12-29 11:43:42,888 - ERROR - Error in sending simulation request. Retrying after 5s...
2025-12-29 11:43:48,183 - ERROR - Error in sending simulation request: 400 Client Error: Bad Request for url: https://api.worldquantbrain.com/simulations
2025-12-29 11:43:48,184 - ERROR - Error in sending simulation request. Retrying after 5s...
2025-12-29 11:43:53,432 - ERROR - Error in sending simulation request: 400 Client Error: Bad Request for url: https://api.worldquantbrain.com/simulations
2025-12-29 11:43:53,432 - ERROR - Error in sending simulation request. Retrying after 5s...
2025-12-29 11:43:58,687 - ERROR - Error in sending simulation request: 400 Client Error: Bad Request for url: https://api.worldquantbrain.com/simulations
2025-12-29 11:43:59,646 - INFO - Login to BRAIN successfully.
2025-12-29 11:43:59,647 - ERROR - Error occurred too many times, skipping this alpha and re-logging in.
2025-12-29 11:43:59,647 - ERROR - Simulation request failed after 36 attempts.
2025-12-29 11:44:02,649 - INFO - No one is in active simulation now
2025-12-29 11:44:02,649 - INFO - Loading new alpha...
2025-12-29 11:44:02,649 - INFO - Starting simulation for alpha: group_neutralize(ts_rank(model39, 30) + ts_rank(core_inflation, 30), industry) with settings: {'instrumentType': 'EQUITY', 'region': 'IND', 'universe': 'TOP2000', 'delay': 1, 'decay': 8, 'neutralization': 'subindustry', 'truncation': 0.01, 'pasteurization': 'ON', 'unitHandling': 'VERIFY', 'nanHandling': 'ON', 'language': 'FASTEXPR', 'visualization': False}
2025-12-29 11:44:03,485 - ERROR - Error in sending simulation request: 400 Client Error: Bad Request for url: https://api.worldquantbrain.com/simulations
2025-12-29 11:44:03,486 - ERROR - Error in sending simulation request. Retrying after 5s...
2025-12-29 11:44:08,735 - ERROR - Error in sending simulation request: 400 Client Error: Bad Request for url: https://api.worldquantbrain.com/simulations
2025-12-29 11:44:08,735 - ERROR - Error in sending simulation request. Retrying after 5s...
2025-12-29 11:44:13,987 - ERROR - Error in sending simulation request: 400 Client Error: Bad Request for url: https://api.worldquantbrain.com/simulations
2025-12-29 11:44:13,988 - ERROR - Error in sending simulation request. Retrying after 5s...
2025-12-29 11:44:19,235 - ERROR - Error in sending simulation request: 400 Client Error: Bad Request for url: https://api.worldquantbrain.com/simulations
2025-12-29 11:44:19,235 - ERROR - Error in sending simulation request. Retrying after 5s...
2025-12-29 11:44:24,482 - ERROR - Error in sending simulation request: 400 Client Error: Bad Request for url: https://api.worldquantbrain.com/simulations
2025-12-29 11:44:24,482 - ERROR - Error in sending simulation request. Retrying after 5s...
2025-12-29 11:44:30,205 - ERROR - Error in sending simulation request: 400 Client Error: Bad Request for url: https://api.worldquantbrain.com/simulations
2025-12-29 11:44:30,205 - ERROR - Error in sending simulation request. Retrying after 5s...
2025-12-29 11:44:35,455 - ERROR - Error in sending simulation request: 400 Client Error: Bad Request for url: https://api.worldquantbrain.com/simulations
2025-12-29 11:44:35,455 - ERROR - Error in sending simulation request. Retrying after 5s...
2025-12-29 11:44:40,730 - ERROR - Error in sending simulation request: 400 Client Error: Bad Request for url: https://api.worldquantbrain.com/simulations
2025-12-29 11:44:40,730 - ERROR - Error in sending simulation request. Retrying after 5s...
2025-12-29 11:44:45,983 - ERROR - Error in sending simulation request: 400 Client Error: Bad Request for url: https://api.worldquantbrain.com/simulations
2025-12-29 11:44:45,983 - ERROR - Error in sending simulation request. Retrying after 5s...
2025-12-29 11:44:51,231 - ERROR - Error in sending simulation request: 400 Client Error: Bad Request for url: https://api.worldquantbrain.com/simulations
2025-12-29 11:44:51,232 - ERROR - Error in sending simulation request. Retrying after 5s...
2025-12-29 11:44:56,478 - ERROR - Error in sending simulation request: 400 Client Error: Bad Request for url: https://api.worldquantbrain.com/simulations
2025-12-29 11:44:56,478 - ERROR - Error in sending simulation request. Retrying after 5s...
2025-12-29 11:45:01,726 - ERROR - Error in sending simulation request: 400 Client Error: Bad Request for url: https://api.worldquantbrain.com/simulations
2025-12-29 11:45:01,726 - ERROR - Error in sending simulation request. Retrying after 5s...
2025-12-29 11:45:07,453 - ERROR - Error in sending simulation request: 400 Client Error: Bad Request for url: https://api.worldquantbrain.com/simulations
2025-12-29 11:45:07,453 - ERROR - Error in sending simulation request. Retrying after 5s...
2025-12-29 11:45:13,157 - ERROR - Error in sending simulation request: 400 Client Error: Bad Request for url: https://api.worldquantbrain.com/simulations
2025-12-29 11:45:13,157 - ERROR - Error in sending simulation request. Retrying after 5s...
2025-12-29 11:45:18,400 - ERROR - Error in sending simulation request: 400 Client Error: Bad Request for url: https://api.worldquantbrain.com/simulations
2025-12-29 11:45:18,400 - ERROR - Error in sending simulation request. Retrying after 5s...
2025-12-29 11:45:23,649 - ERROR - Error in sending simulation request: 400 Client Error: Bad Request for url: https://api.worldquantbrain.com/simulations
2025-12-29 11:45:23,649 - ERROR - Error in sending simulation request. Retrying after 5s...
2025-12-29 11:45:29,341 - ERROR - Error in sending simulation request: 400 Client Error: Bad Request for url: https://api.worldquantbrain.com/simulations
2025-12-29 11:45:29,342 - ERROR - Error in sending simulation request. Retrying after 5s...
2025-12-29 11:45:34,586 - ERROR - Error in sending simulation request: 400 Client Error: Bad Request for url: https://api.worldquantbrain.com/simulations
2025-12-29 11:45:34,586 - ERROR - Error in sending simulation request. Retrying after 5s...
2025-12-29 11:45:39,839 - ERROR - Error in sending simulation request: 400 Client Error: Bad Request for url: https://api.worldquantbrain.com/simulations
2025-12-29 11:45:39,839 - ERROR - Error in sending simulation request. Retrying after 5s...
2025-12-29 11:45:45,090 - ERROR - Error in sending simulation request: 400 Client Error: Bad Request for url: https://api.worldquantbrain.com/simulations
2025-12-29 11:45:45,091 - ERROR - Error in sending simulation request. Retrying after 5s...
2025-12-29 11:45:50,338 - ERROR - Error in sending simulation request: 400 Client Error: Bad Request for url: https://api.worldquantbrain.com/simulations
2025-12-29 11:45:50,338 - ERROR - Error in sending simulation request. Retrying after 5s...
2025-12-29 11:45:58,031 - ERROR - Error in sending simulation request: 400 Client Error: Bad Request for url: https://api.worldquantbrain.com/simulations
2025-12-29 11:45:58,031 - ERROR - Error in sending simulation request. Retrying after 5s...
2025-12-29 11:46:03,286 - ERROR - Error in sending simulation request: 400 Client Error: Bad Request for url: https://api.worldquantbrain.com/simulations
2025-12-29 11:46:03,286 - ERROR - Error in sending simulation request. Retrying after 5s...
2025-12-29 11:46:08,703 - ERROR - Error in sending simulation request: 400 Client Error: Bad Request for url: https://api.worldquantbrain.com/simulations
2025-12-29 11:46:08,704 - ERROR - Error in sending simulation request. Retrying after 5s...
2025-12-29 11:46:13,952 - ERROR - Error in sending simulation request: 400 Client Error: Bad Request for url: https://api.worldquantbrain.com/simulations
2025-12-29 11:46:13,952 - ERROR - Error in sending simulation request. Retrying after 5s...
2025-12-29 11:46:19,200 - ERROR - Error in sending simulation request: 400 Client Error: Bad Request for url: https://api.worldquantbrain.com/simulations
2025-12-29 11:46:19,202 - ERROR - Error in sending simulation request. Retrying after 5s...
2025-12-29 11:46:24,453 - ERROR - Error in sending simulation request: 400 Client Error: Bad Request for url: https://api.worldquantbrain.com/simulations
2025-12-29 11:46:24,454 - ERROR - Error in sending simulation request. Retrying after 5s...
2025-12-29 11:46:29,702 - ERROR - Error in sending simulation request: 400 Client Error: Bad Request for url: https://api.worldquantbrain.com/simulations
2025-12-29 11:46:29,702 - ERROR - Error in sending simulation request. Retrying after 5s...
2025-12-29 11:46:34,970 - ERROR - Error in sending simulation request: 400 Client Error: Bad Request for url: https://api.worldquantbrain.com/simulations
2025-12-29 11:46:34,971 - ERROR - Error in sending simulation request. Retrying after 5s...
2025-12-29 11:46:40,232 - ERROR - Error in sending simulation request: 400 Client Error: Bad Request for url: https://api.worldquantbrain.com/simulations
2025-12-29 11:46:40,233 - ERROR - Error in sending simulation request. Retrying after 5s...
2025-12-29 11:46:45,481 - ERROR - Error in sending simulation request: 400 Client Error: Bad Request for url: https://api.worldquantbrain.com/simulations
2025-12-29 11:46:45,481 - ERROR - Error in sending simulation request. Retrying after 5s...
2025-12-29 11:46:50,739 - ERROR - Error in sending simulation request: 400 Client Error: Bad Request for url: https://api.worldquantbrain.com/simulations
2025-12-29 11:46:50,740 - ERROR - Error in sending simulation request. Retrying after 5s...
2025-12-29 11:46:55,991 - ERROR - Error in sending simulation request: 400 Client Error: Bad Request for url: https://api.worldquantbrain.com/simulations
2025-12-29 11:46:55,991 - ERROR - Error in sending simulation request. Retrying after 5s...
2025-12-29 11:47:01,282 - ERROR - Error in sending simulation request: 400 Client Error: Bad Request for url: https://api.worldquantbrain.com/simulations
2025-12-29 11:47:01,282 - ERROR - Error in sending simulation request. Retrying after 5s...
2025-12-29 11:47:06,525 - ERROR - Error in sending simulation request: 400 Client Error: Bad Request for url: https://api.worldquantbrain.com/simulations
2025-12-29 11:47:06,525 - ERROR - Error in sending simulation request. Retrying after 5s...
2025-12-29 11:47:11,770 - ERROR - Error in sending simulation request: 400 Client Error: Bad Request for url: https://api.worldquantbrain.com/simulations
2025-12-29 11:47:11,771 - ERROR - Error in sending simulation request. Retrying after 5s...
2025-12-29 11:47:17,015 - ERROR - Error in sending simulation request: 400 Client Error: Bad Request for url: https://api.worldquantbrain.com/simulations
2025-12-29 11:47:17,974 - INFO - Login to BRAIN successfully.
2025-12-29 11:47:17,975 - ERROR - Error occurred too many times, skipping this alpha and re-logging in.
2025-12-29 11:47:17,975 - ERROR - Simulation request failed after 36 attempts.
2025-12-29 11:47:20,978 - INFO - No one is in active simulation now
2025-12-29 11:47:20,978 - INFO - Loading new alpha...
2025-12-29 11:47:20,978 - INFO - Starting simulation for alpha: group_neutralize(ts_rank(model24, 30) + ts_rank(consumer_confidence, 30), subindustry) with settings: {'instrumentType': 'EQUITY', 'region': 'IND', 'universe': 'TOP2000', 'delay': 1, 'decay': 5, 'neutralization': 'sector', 'truncation': 0.01, 'pasteurization': 'ON', 'unitHandling': 'VERIFY', 'nanHandling': 'ON', 'language': 'FASTEXPR', 'visualization': False}
2025-12-29 11:47:21,224 - ERROR - Error in sending simulation request: 400 Client Error: Bad Request for url: https://api.worldquantbrain.com/simulations
2025-12-29 11:47:21,224 - ERROR - Error in sending simulation request. Retrying after 5s...
2025-12-29 11:47:26,468 - ERROR - Error in sending simulation request: 400 Client Error: Bad Request for url: https://api.worldquantbrain.com/simulations
2025-12-29 11:47:26,468 - ERROR - Error in sending simulation request. Retrying after 5s...
2025-12-29 11:47:31,711 - ERROR - Error in sending simulation request: 400 Client Error: Bad Request for url: https://api.worldquantbrain.com/simulations
2025-12-29 11:47:31,711 - ERROR - Error in sending simulation request. Retrying after 5s...
2025-12-29 11:47:40,447 - ERROR - Error in sending simulation request: 400 Client Error: Bad Request for url: https://api.worldquantbrain.com/simulations
2025-12-29 11:47:40,447 - ERROR - Error in sending simulation request. Retrying after 5s...
2025-12-29 11:47:45,693 - ERROR - Error in sending simulation request: 400 Client Error: Bad Request for url: https://api.worldquantbrain.com/simulations
2025-12-29 11:47:45,693 - ERROR - Error in sending simulation request. Retrying after 5s...
2025-12-29 11:47:50,944 - ERROR - Error in sending simulation request: 400 Client Error: Bad Request for url: https://api.worldquantbrain.com/simulations
2025-12-29 11:47:50,945 - ERROR - Error in sending simulation request. Retrying after 5s...
2025-12-29 11:47:56,193 - ERROR - Error in sending simulation request: 400 Client Error: Bad Request for url: https://api.worldquantbrain.com/simulations
2025-12-29 11:47:56,193 - ERROR - Error in sending simulation request. Retrying after 5s...
2025-12-29 11:48:01,446 - ERROR - Error in sending simulation request: 400 Client Error: Bad Request for url: https://api.worldquantbrain.com/simulations
2025-12-29 11:48:01,446 - ERROR - Error in sending simulation request. Retrying after 5s...
2025-12-29 11:48:06,702 - ERROR - Error in sending simulation request: 400 Client Error: Bad Request for url: https://api.worldquantbrain.com/simulations
2025-12-29 11:48:06,703 - ERROR - Error in sending simulation request. Retrying after 5s...
2025-12-29 11:48:11,950 - ERROR - Error in sending simulation request: 400 Client Error: Bad Request for url: https://api.worldquantbrain.com/simulations
2025-12-29 11:48:11,951 - ERROR - Error in sending simulation request. Retrying after 5s...
2025-12-29 11:48:17,252 - ERROR - Error in sending simulation request: 400 Client Error: Bad Request for url: https://api.worldquantbrain.com/simulations
2025-12-29 11:48:17,252 - ERROR - Error in sending simulation request. Retrying after 5s...
2025-12-29 11:48:22,513 - ERROR - Error in sending simulation request: 400 Client Error: Bad Request for url: https://api.worldquantbrain.com/simulations
2025-12-29 11:48:22,513 - ERROR - Error in sending simulation request. Retrying after 5s...
2025-12-29 11:48:27,765 - ERROR - Error in sending simulation request: 400 Client Error: Bad Request for url: https://api.worldquantbrain.com/simulations
2025-12-29 11:48:27,765 - ERROR - Error in sending simulation request. Retrying after 5s...
2025-12-29 11:48:33,008 - ERROR - Error in sending simulation request: 400 Client Error: Bad Request for url: https://api.worldquantbrain.com/simulations
2025-12-29 11:48:33,008 - ERROR - Error in sending simulation request. Retrying after 5s...
2025-12-29 11:48:38,315 - ERROR - Error in sending simulation request: 400 Client Error: Bad Request for url: https://api.worldquantbrain.com/simulations
2025-12-29 11:48:38,316 - ERROR - Error in sending simulation request. Retrying after 5s...
2025-12-29 11:48:43,567 - ERROR - Error in sending simulation request: 400 Client Error: Bad Request for url: https://api.worldquantbrain.com/simulations
2025-12-29 11:48:43,567 - ERROR - Error in sending simulation request. Retrying after 5s...
2025-12-29 11:48:48,809 - ERROR - Error in sending simulation request: 400 Client Error: Bad Request for url: https://api.worldquantbrain.com/simulations
2025-12-29 11:48:48,809 - ERROR - Error in sending simulation request. Retrying after 5s...
2025-12-29 11:48:54,049 - ERROR - Error in sending simulation request: 400 Client Error: Bad Request for url: https://api.worldquantbrain.com/simulations
2025-12-29 11:48:54,050 - ERROR - Error in sending simulation request. Retrying after 5s...
2025-12-29 11:48:59,303 - ERROR - Error in sending simulation request: 400 Client Error: Bad Request for url: https://api.worldquantbrain.com/simulations
2025-12-29 11:48:59,303 - ERROR - Error in sending simulation request. Retrying after 5s...
2025-12-29 11:49:04,551 - ERROR - Error in sending simulation request: 400 Client Error: Bad Request for url: https://api.worldquantbrain.com/simulations
2025-12-29 11:49:04,552 - ERROR - Error in sending simulation request. Retrying after 5s...
2025-12-29 11:49:09,799 - ERROR - Error in sending simulation request: 400 Client Error: Bad Request for url: https://api.worldquantbrain.com/simulations
2025-12-29 11:49:09,799 - ERROR - Error in sending simulation request. Retrying after 5s...
2025-12-29 11:49:15,045 - ERROR - Error in sending simulation request: 400 Client Error: Bad Request for url: https://api.worldquantbrain.com/simulations
2025-12-29 11:49:15,045 - ERROR - Error in sending simulation request. Retrying after 5s...
2025-12-29 11:49:20,294 - ERROR - Error in sending simulation request: 400 Client Error: Bad Request for url: https://api.worldquantbrain.com/simulations
2025-12-29 11:49:20,294 - ERROR - Error in sending simulation request. Retrying after 5s...
2025-12-29 11:49:25,605 - ERROR - Error in sending simulation request: 400 Client Error: Bad Request for url: https://api.worldquantbrain.com/simulations
2025-12-29 11:49:25,606 - ERROR - Error in sending simulation request. Retrying after 5s...
2025-12-29 11:49:30,851 - ERROR - Error in sending simulation request: 400 Client Error: Bad Request for url: https://api.worldquantbrain.com/simulations
2025-12-29 11:49:30,851 - ERROR - Error in sending simulation request. Retrying after 5s...
2025-12-29 11:49:36,100 - ERROR - Error in sending simulation request: 400 Client Error: Bad Request for url: https://api.worldquantbrain.com/simulations
2025-12-29 11:49:36,100 - ERROR - Error in sending simulation request. Retrying after 5s...
2025-12-29 11:49:41,343 - ERROR - Error in sending simulation request: 400 Client Error: Bad Request for url: https://api.worldquantbrain.com/simulations
2025-12-29 11:49:41,343 - ERROR - Error in sending simulation request. Retrying after 5s...
2025-12-29 11:49:46,595 - ERROR - Error in sending simulation request: 400 Client Error: Bad Request for url: https://api.worldquantbrain.com/simulations
2025-12-29 11:49:46,596 - ERROR - Error in sending simulation request. Retrying after 5s...
2025-12-29 11:49:51,849 - ERROR - Error in sending simulation request: 400 Client Error: Bad Request for url: https://api.worldquantbrain.com/simulations
2025-12-29 11:49:51,849 - ERROR - Error in sending simulation request. Retrying after 5s...
2025-12-29 11:49:57,095 - ERROR - Error in sending simulation request: 400 Client Error: Bad Request for url: https://api.worldquantbrain.com/simulations
2025-12-29 11:49:57,096 - ERROR - Error in sending simulation request. Retrying after 5s...
2025-12-29 11:50:02,341 - ERROR - Error in sending simulation request: 400 Client Error: Bad Request for url: https://api.worldquantbrain.com/simulations
2025-12-29 11:50:02,341 - ERROR - Error in sending simulation request. Retrying after 5s...
2025-12-29 11:50:07,592 - ERROR - Error in sending simulation request: 400 Client Error: Bad Request for url: https://api.worldquantbrain.com/simulations
2025-12-29 11:50:07,592 - ERROR - Error in sending simulation request. Retrying after 5s...
2025-12-29 11:50:12,876 - ERROR - Error in sending simulation request: 400 Client Error: Bad Request for url: https://api.worldquantbrain.com/simulations
2025-12-29 11:50:12,876 - ERROR - Error in sending simulation request. Retrying after 5s...
2025-12-29 11:50:18,144 - ERROR - Error in sending simulation request: 400 Client Error: Bad Request for url: https://api.worldquantbrain.com/simulations
2025-12-29 11:50:18,144 - ERROR - Error in sending simulation request. Retrying after 5s...
2025-12-29 11:50:23,394 - ERROR - Error in sending simulation request: 400 Client Error: Bad Request for url: https://api.worldquantbrain.com/simulations
2025-12-29 11:50:23,394 - ERROR - Error in sending simulation request. Retrying after 5s...
2025-12-29 11:50:28,640 - ERROR - Error in sending simulation request: 400 Client Error: Bad Request for url: https://api.worldquantbrain.com/simulations
2025-12-29 11:50:28,641 - ERROR - Error in sending simulation request. Retrying after 5s...
2025-12-29 11:50:33,886 - ERROR - Error in sending simulation request: 400 Client Error: Bad Request for url: https://api.worldquantbrain.com/simulations
2025-12-29 11:50:34,835 - INFO - Login to BRAIN successfully.
2025-12-29 11:50:34,835 - ERROR - Error occurred too many times, skipping this alpha and re-logging in.
2025-12-29 11:50:34,835 - ERROR - Simulation request failed after 36 attempts.
2025-12-29 11:50:37,843 - INFO - No one is in active simulation now
2025-12-29 11:50:37,843 - INFO - Loading new alpha...
2025-12-29 11:50:37,843 - INFO - Starting simulation for alpha: group_neutralize(ts_delta(consumer_confidence, 5) - ts_mean(ts_delta(consumer_confidence, 1), 30), sector) with settings: {'instrumentType': 'EQUITY', 'region': 'IND', 'universe': 'TOP2000', 'delay': 1, 'decay': 7, 'neutralization': 'subindustry', 'truncation': 0.01, 'pasteurization': 'ON', 'unitHandling': 'VERIFY', 'nanHandling': 'ON', 'language': 'FASTEXPR', 'visualization': False}
2025-12-29 11:50:38,082 - ERROR - Error in sending simulation request: 400 Client Error: Bad Request for url: https://api.worldquantbrain.com/simulations
2025-12-29 11:50:38,082 - ERROR - Error in sending simulation request. Retrying after 5s...
2025-12-29 11:50:43,327 - ERROR - Error in sending simulation request: 400 Client Error: Bad Request for url: https://api.worldquantbrain.com/simulations
2025-12-29 11:50:43,327 - ERROR - Error in sending simulation request. Retrying after 5s...
2025-12-29 11:50:48,574 - ERROR - Error in sending simulation request: 400 Client Error: Bad Request for url: https://api.worldquantbrain.com/simulations
2025-12-29 11:50:48,575 - ERROR - Error in sending simulation request. Retrying after 5s...
2025-12-29 11:50:53,825 - ERROR - Error in sending simulation request: 400 Client Error: Bad Request for url: https://api.worldquantbrain.com/simulations
2025-12-29 11:50:53,825 - ERROR - Error in sending simulation request. Retrying after 5s...
2025-12-29 11:50:59,065 - ERROR - Error in sending simulation request: 400 Client Error: Bad Request for url: https://api.worldquantbrain.com/simulations
2025-12-29 11:50:59,066 - ERROR - Error in sending simulation request. Retrying after 5s...
2025-12-29 11:51:04,321 - ERROR - Error in sending simulation request: 400 Client Error: Bad Request for url: https://api.worldquantbrain.com/simulations
2025-12-29 11:51:04,321 - ERROR - Error in sending simulation request. Retrying after 5s...
2025-12-29 11:51:09,568 - ERROR - Error in sending simulation request: 400 Client Error: Bad Request for url: https://api.worldquantbrain.com/simulations
2025-12-29 11:51:09,569 - ERROR - Error in sending simulation request. Retrying after 5s...
2025-12-29 11:51:14,817 - ERROR - Error in sending simulation request: 400 Client Error: Bad Request for url: https://api.worldquantbrain.com/simulations
2025-12-29 11:51:14,817 - ERROR - Error in sending simulation request. Retrying after 5s...
2025-12-29 11:51:20,065 - ERROR - Error in sending simulation request: 400 Client Error: Bad Request for url: https://api.worldquantbrain.com/simulations
2025-12-29 11:51:20,065 - ERROR - Error in sending simulation request. Retrying after 5s...
2025-12-29 11:51:25,309 - ERROR - Error in sending simulation request: 400 Client Error: Bad Request for url: https://api.worldquantbrain.com/simulations
2025-12-29 11:51:25,309 - ERROR - Error in sending simulation request. Retrying after 5s...
2025-12-29 11:51:30,550 - ERROR - Error in sending simulation request: 400 Client Error: Bad Request for url: https://api.worldquantbrain.com/simulations
2025-12-29 11:51:30,551 - ERROR - Error in sending simulation request. Retrying after 5s...
2025-12-29 11:51:35,796 - ERROR - Error in sending simulation request: 400 Client Error: Bad Request for url: https://api.worldquantbrain.com/simulations
2025-12-29 11:51:35,796 - ERROR - Error in sending simulation request. Retrying after 5s...
2025-12-29 11:51:41,038 - ERROR - Error in sending simulation request: 400 Client Error: Bad Request for url: https://api.worldquantbrain.com/simulations
2025-12-29 11:51:41,039 - ERROR - Error in sending simulation request. Retrying after 5s...
2025-12-29 11:51:46,281 - ERROR - Error in sending simulation request: 400 Client Error: Bad Request for url: https://api.worldquantbrain.com/simulations
2025-12-29 11:51:46,281 - ERROR - Error in sending simulation request. Retrying after 5s...
2025-12-29 11:51:51,524 - ERROR - Error in sending simulation request: 400 Client Error: Bad Request for url: https://api.worldquantbrain.com/simulations
2025-12-29 11:51:51,524 - ERROR - Error in sending simulation request. Retrying after 5s...
2025-12-29 11:51:56,772 - ERROR - Error in sending simulation request: 400 Client Error: Bad Request for url: https://api.worldquantbrain.com/simulations
2025-12-29 11:51:56,772 - ERROR - Error in sending simulation request. Retrying after 5s...
2025-12-29 11:52:02,473 - ERROR - Error in sending simulation request: 400 Client Error: Bad Request for url: https://api.worldquantbrain.com/simulations
2025-12-29 11:52:02,474 - ERROR - Error in sending simulation request. Retrying after 5s...
2025-12-29 11:52:07,716 - ERROR - Error in sending simulation request: 400 Client Error: Bad Request for url: https://api.worldquantbrain.com/simulations
2025-12-29 11:52:07,716 - ERROR - Error in sending simulation request. Retrying after 5s...
2025-12-29 11:52:12,959 - ERROR - Error in sending simulation request: 400 Client Error: Bad Request for url: https://api.worldquantbrain.com/simulations
2025-12-29 11:52:12,959 - ERROR - Error in sending simulation request. Retrying after 5s...
2025-12-29 11:52:18,210 - ERROR - Error in sending simulation request: 400 Client Error: Bad Request for url: https://api.worldquantbrain.com/simulations
2025-12-29 11:52:18,210 - ERROR - Error in sending simulation request. Retrying after 5s...
2025-12-29 11:52:23,518 - ERROR - Error in sending simulation request: 400 Client Error: Bad Request for url: https://api.worldquantbrain.com/simulations
2025-12-29 11:52:23,519 - ERROR - Error in sending simulation request. Retrying after 5s...
2025-12-29 11:52:28,764 - ERROR - Error in sending simulation request: 400 Client Error: Bad Request for url: https://api.worldquantbrain.com/simulations
2025-12-29 11:52:28,764 - ERROR - Error in sending simulation request. Retrying after 5s...
2025-12-29 11:52:34,011 - ERROR - Error in sending simulation request: 400 Client Error: Bad Request for url: https://api.worldquantbrain.com/simulations
2025-12-29 11:52:34,011 - ERROR - Error in sending simulation request. Retrying after 5s...
2025-12-29 11:52:39,689 - ERROR - Error in sending simulation request: 400 Client Error: Bad Request for url: https://api.worldquantbrain.com/simulations
2025-12-29 11:52:39,690 - ERROR - Error in sending simulation request. Retrying after 5s...
2025-12-29 11:52:44,939 - ERROR - Error in sending simulation request: 400 Client Error: Bad Request for url: https://api.worldquantbrain.com/simulations
2025-12-29 11:52:44,939 - ERROR - Error in sending simulation request. Retrying after 5s...
2025-12-29 11:52:50,185 - ERROR - Error in sending simulation request: 400 Client Error: Bad Request for url: https://api.worldquantbrain.com/simulations
2025-12-29 11:52:50,186 - ERROR - Error in sending simulation request. Retrying after 5s...
2025-12-29 11:52:55,427 - ERROR - Error in sending simulation request: 400 Client Error: Bad Request for url: https://api.worldquantbrain.com/simulations
2025-12-29 11:52:55,427 - ERROR - Error in sending simulation request. Retrying after 5s...
2025-12-29 11:53:01,161 - ERROR - Error in sending simulation request: 400 Client Error: Bad Request for url: https://api.worldquantbrain.com/simulations
2025-12-29 11:53:01,162 - ERROR - Error in sending simulation request. Retrying after 5s...
2025-12-29 11:53:06,431 - ERROR - Error in sending simulation request: 400 Client Error: Bad Request for url: https://api.worldquantbrain.com/simulations
2025-12-29 11:53:06,431 - ERROR - Error in sending simulation request. Retrying after 5s...
2025-12-29 11:53:11,676 - ERROR - Error in sending simulation request: 400 Client Error: Bad Request for url: https://api.worldquantbrain.com/simulations
2025-12-29 11:53:11,677 - ERROR - Error in sending simulation request. Retrying after 5s...
2025-12-29 11:53:16,953 - ERROR - Error in sending simulation request: 400 Client Error: Bad Request for url: https://api.worldquantbrain.com/simulations
2025-12-29 11:53:16,953 - ERROR - Error in sending simulation request. Retrying after 5s...
2025-12-29 11:53:22,195 - ERROR - Error in sending simulation request: 400 Client Error: Bad Request for url: https://api.worldquantbrain.com/simulations
2025-12-29 11:53:22,195 - ERROR - Error in sending simulation request. Retrying after 5s...
2025-12-29 11:53:27,436 - ERROR - Error in sending simulation request: 400 Client Error: Bad Request for url: https://api.worldquantbrain.com/simulations
2025-12-29 11:53:27,436 - ERROR - Error in sending simulation request. Retrying after 5s...
2025-12-29 11:53:32,685 - ERROR - Error in sending simulation request: 400 Client Error: Bad Request for url: https://api.worldquantbrain.com/simulations
2025-12-29 11:53:32,686 - ERROR - Error in sending simulation request. Retrying after 5s...
2025-12-29 11:53:37,925 - ERROR - Error in sending simulation request: 400 Client Error: Bad Request for url: https://api.worldquantbrain.com/simulations
2025-12-29 11:53:37,925 - ERROR - Error in sending simulation request. Retrying after 5s...
2025-12-29 11:53:43,167 - ERROR - Error in sending simulation request: 400 Client Error: Bad Request for url: https://api.worldquantbrain.com/simulations
2025-12-29 11:53:43,169 - ERROR - Error in sending simulation request. Retrying after 5s...
2025-12-29 11:53:48,417 - ERROR - Error in sending simulation request: 400 Client Error: Bad Request for url: https://api.worldquantbrain.com/simulations
2025-12-29 11:53:49,387 - INFO - Login to BRAIN successfully.
2025-12-29 11:53:49,387 - ERROR - Error occurred too many times, skipping this alpha and re-logging in.
2025-12-29 11:53:49,387 - ERROR - Simulation request failed after 36 attempts.
2025-12-29 11:53:52,394 - INFO - No one is in active simulation now
2025-12-29 11:53:52,394 - INFO - Loading new alpha...
2025-12-29 11:53:52,394 - INFO - Starting simulation for alpha: group_rank(rank(model24), sector) with settings: {'instrumentType': 'EQUITY', 'region': 'IND', 'universe': 'TOP2000', 'delay': 1, 'decay': 5, 'neutralization': 'country', 'truncation': 0.01, 'pasteurization': 'ON', 'unitHandling': 'VERIFY', 'nanHandling': 'ON', 'language': 'FASTEXPR', 'visualization': False}
2025-12-29 11:53:52,640 - ERROR - Error in sending simulation request: 400 Client Error: Bad Request for url: https://api.worldquantbrain.com/simulations
2025-12-29 11:53:52,640 - ERROR - Error in sending simulation request. Retrying after 5s...
2025-12-29 11:53:57,890 - ERROR - Error in sending simulation request: 400 Client Error: Bad Request for url: https://api.worldquantbrain.com/simulations
2025-12-29 11:53:57,890 - ERROR - Error in sending simulation request. Retrying after 5s...
2025-12-29 11:54:03,142 - ERROR - Error in sending simulation request: 400 Client Error: Bad Request for url: https://api.worldquantbrain.com/simulations
2025-12-29 11:54:03,143 - ERROR - Error in sending simulation request. Retrying after 5s...
2025-12-29 11:54:08,388 - ERROR - Error in sending simulation request: 400 Client Error: Bad Request for url: https://api.worldquantbrain.com/simulations
2025-12-29 11:54:08,388 - ERROR - Error in sending simulation request. Retrying after 5s...
2025-12-29 11:54:13,641 - ERROR - Error in sending simulation request: 400 Client Error: Bad Request for url: https://api.worldquantbrain.com/simulations
2025-12-29 11:54:13,642 - ERROR - Error in sending simulation request. Retrying after 5s...
2025-12-29 11:54:18,885 - ERROR - Error in sending simulation request: 400 Client Error: Bad Request for url: https://api.worldquantbrain.com/simulations
2025-12-29 11:54:18,885 - ERROR - Error in sending simulation request. Retrying after 5s...
2025-12-29 11:54:24,128 - ERROR - Error in sending simulation request: 400 Client Error: Bad Request for url: https://api.worldquantbrain.com/simulations
2025-12-29 11:54:24,128 - ERROR - Error in sending simulation request. Retrying after 5s...
2025-12-29 11:54:29,390 - ERROR - Error in sending simulation request: 400 Client Error: Bad Request for url: https://api.worldquantbrain.com/simulations
2025-12-29 11:54:29,390 - ERROR - Error in sending simulation request. Retrying after 5s...
2025-12-29 11:54:34,640 - ERROR - Error in sending simulation request: 400 Client Error: Bad Request for url: https://api.worldquantbrain.com/simulations
2025-12-29 11:54:34,640 - ERROR - Error in sending simulation request. Retrying after 5s...
2025-12-29 11:54:39,889 - ERROR - Error in sending simulation request: 400 Client Error: Bad Request for url: https://api.worldquantbrain.com/simulations
2025-12-29 11:54:39,889 - ERROR - Error in sending simulation request. Retrying after 5s...
2025-12-29 11:54:45,138 - ERROR - Error in sending simulation request: 400 Client Error: Bad Request for url: https://api.worldquantbrain.com/simulations
2025-12-29 11:54:45,138 - ERROR - Error in sending simulation request. Retrying after 5s...
2025-12-29 11:54:50,404 - ERROR - Error in sending simulation request: 400 Client Error: Bad Request for url: https://api.worldquantbrain.com/simulations
2025-12-29 11:54:50,405 - ERROR - Error in sending simulation request. Retrying after 5s...
2025-12-29 11:54:55,648 - ERROR - Error in sending simulation request: 400 Client Error: Bad Request for url: https://api.worldquantbrain.com/simulations
2025-12-29 11:54:55,648 - ERROR - Error in sending simulation request. Retrying after 5s...
2025-12-29 11:55:00,894 - ERROR - Error in sending simulation request: 400 Client Error: Bad Request for url: https://api.worldquantbrain.com/simulations
2025-12-29 11:55:00,894 - ERROR - Error in sending simulation request. Retrying after 5s...
2025-12-29 11:55:06,141 - ERROR - Error in sending simulation request: 400 Client Error: Bad Request for url: https://api.worldquantbrain.com/simulations
2025-12-29 11:55:06,141 - ERROR - Error in sending simulation request. Retrying after 5s...
2025-12-29 11:55:11,392 - ERROR - Error in sending simulation request: 400 Client Error: Bad Request for url: https://api.worldquantbrain.com/simulations
2025-12-29 11:55:11,392 - ERROR - Error in sending simulation request. Retrying after 5s...
2025-12-29 11:55:16,636 - ERROR - Error in sending simulation request: 400 Client Error: Bad Request for url: https://api.worldquantbrain.com/simulations
2025-12-29 11:55:16,636 - ERROR - Error in sending simulation request. Retrying after 5s...
2025-12-29 11:55:21,885 - ERROR - Error in sending simulation request: 400 Client Error: Bad Request for url: https://api.worldquantbrain.com/simulations
2025-12-29 11:55:21,885 - ERROR - Error in sending simulation request. Retrying after 5s...
2025-12-29 11:55:27,135 - ERROR - Error in sending simulation request: 400 Client Error: Bad Request for url: https://api.worldquantbrain.com/simulations
2025-12-29 11:55:27,136 - ERROR - Error in sending simulation request. Retrying after 5s...
2025-12-29 11:55:34,712 - ERROR - Error in sending simulation request: 400 Client Error: Bad Request for url: https://api.worldquantbrain.com/simulations
2025-12-29 11:55:34,713 - ERROR - Error in sending simulation request. Retrying after 5s...
2025-12-29 11:55:39,969 - ERROR - Error in sending simulation request: 400 Client Error: Bad Request for url: https://api.worldquantbrain.com/simulations
2025-12-29 11:55:39,969 - ERROR - Error in sending simulation request. Retrying after 5s...
2025-12-29 11:55:45,215 - ERROR - Error in sending simulation request: 400 Client Error: Bad Request for url: https://api.worldquantbrain.com/simulations
2025-12-29 11:55:45,215 - ERROR - Error in sending simulation request. Retrying after 5s...
2025-12-29 11:55:50,454 - ERROR - Error in sending simulation request: 400 Client Error: Bad Request for url: https://api.worldquantbrain.com/simulations
2025-12-29 11:55:50,454 - ERROR - Error in sending simulation request. Retrying after 5s...
2025-12-29 11:55:58,110 - ERROR - Error in sending simulation request: 400 Client Error: Bad Request for url: https://api.worldquantbrain.com/simulations
2025-12-29 11:55:58,111 - ERROR - Error in sending simulation request. Retrying after 5s...
2025-12-29 11:56:03,358 - ERROR - Error in sending simulation request: 400 Client Error: Bad Request for url: https://api.worldquantbrain.com/simulations
2025-12-29 11:56:03,358 - ERROR - Error in sending simulation request. Retrying after 5s...
2025-12-29 11:56:08,605 - ERROR - Error in sending simulation request: 400 Client Error: Bad Request for url: https://api.worldquantbrain.com/simulations
2025-12-29 11:56:08,605 - ERROR - Error in sending simulation request. Retrying after 5s...
2025-12-29 11:56:13,857 - ERROR - Error in sending simulation request: 400 Client Error: Bad Request for url: https://api.worldquantbrain.com/simulations
2025-12-29 11:56:13,857 - ERROR - Error in sending simulation request. Retrying after 5s...
2025-12-29 11:56:19,109 - ERROR - Error in sending simulation request: 400 Client Error: Bad Request for url: https://api.worldquantbrain.com/simulations
2025-12-29 11:56:19,109 - ERROR - Error in sending simulation request. Retrying after 5s...
2025-12-29 11:56:24,353 - ERROR - Error in sending simulation request: 400 Client Error: Bad Request for url: https://api.worldquantbrain.com/simulations
2025-12-29 11:56:24,353 - ERROR - Error in sending simulation request. Retrying after 5s...
2025-12-29 11:56:29,598 - ERROR - Error in sending simulation request: 400 Client Error: Bad Request for url: https://api.worldquantbrain.com/simulations
2025-12-29 11:56:29,598 - ERROR - Error in sending simulation request. Retrying after 5s...
2025-12-29 11:56:34,854 - ERROR - Error in sending simulation request: 400 Client Error: Bad Request for url: https://api.worldquantbrain.com/simulations
2025-12-29 11:56:34,855 - ERROR - Error in sending simulation request. Retrying after 5s...
2025-12-29 11:56:40,105 - ERROR - Error in sending simulation request: 400 Client Error: Bad Request for url: https://api.worldquantbrain.com/simulations
2025-12-29 11:56:40,107 - ERROR - Error in sending simulation request. Retrying after 5s...
2025-12-29 11:56:45,350 - ERROR - Error in sending simulation request: 400 Client Error: Bad Request for url: https://api.worldquantbrain.com/simulations
2025-12-29 11:56:45,350 - ERROR - Error in sending simulation request. Retrying after 5s...
2025-12-29 11:56:50,642 - ERROR - Error in sending simulation request: 400 Client Error: Bad Request for url: https://api.worldquantbrain.com/simulations
2025-12-29 11:56:50,642 - ERROR - Error in sending simulation request. Retrying after 5s...
2025-12-29 11:56:55,893 - ERROR - Error in sending simulation request: 400 Client Error: Bad Request for url: https://api.worldquantbrain.com/simulations
2025-12-29 11:56:55,893 - ERROR - Error in sending simulation request. Retrying after 5s...
2025-12-29 11:57:01,136 - ERROR - Error in sending simulation request: 400 Client Error: Bad Request for url: https://api.worldquantbrain.com/simulations
2025-12-29 11:57:01,136 - ERROR - Error in sending simulation request. Retrying after 5s...
2025-12-29 11:57:06,380 - ERROR - Error in sending simulation request: 400 Client Error: Bad Request for url: https://api.worldquantbrain.com/simulations
2025-12-29 11:57:07,358 - INFO - Login to BRAIN successfully.
2025-12-29 11:57:07,358 - ERROR - Error occurred too many times, skipping this alpha and re-logging in.
2025-12-29 11:57:07,358 - ERROR - Simulation request failed after 36 attempts.
2025-12-29 11:57:10,360 - INFO - No one is in active simulation now
2025-12-29 11:57:10,360 - INFO - Loading new alpha...
2025-12-29 11:57:10,360 - INFO - Starting simulation for alpha: ts_mean(rank(model66) * ts_rank(government_debt, 60), 60) with settings: {'instrumentType': 'EQUITY', 'region': 'IND', 'universe': 'TOP2000', 'delay': 1, 'decay': 6, 'neutralization': 'market', 'truncation': 0.01, 'pasteurization': 'ON', 'unitHandling': 'VERIFY', 'nanHandling': 'ON', 'language': 'FASTEXPR', 'visualization': False}
2025-12-29 11:57:10,603 - ERROR - Error in sending simulation request: 400 Client Error: Bad Request for url: https://api.worldquantbrain.com/simulations
2025-12-29 11:57:10,603 - ERROR - Error in sending simulation request. Retrying after 5s...
2025-12-29 11:57:15,852 - ERROR - Error in sending simulation request: 400 Client Error: Bad Request for url: https://api.worldquantbrain.com/simulations
2025-12-29 11:57:15,852 - ERROR - Error in sending simulation request. Retrying after 5s...
2025-12-29 11:57:21,100 - ERROR - Error in sending simulation request: 400 Client Error: Bad Request for url: https://api.worldquantbrain.com/simulations
2025-12-29 11:57:21,100 - ERROR - Error in sending simulation request. Retrying after 5s...
2025-12-29 11:57:26,350 - ERROR - Error in sending simulation request: 400 Client Error: Bad Request for url: https://api.worldquantbrain.com/simulations
2025-12-29 11:57:26,350 - ERROR - Error in sending simulation request. Retrying after 5s...
2025-12-29 11:57:31,635 - ERROR - Error in sending simulation request: 400 Client Error: Bad Request for url: https://api.worldquantbrain.com/simulations
2025-12-29 11:57:31,636 - ERROR - Error in sending simulation request. Retrying after 5s...
2025-12-29 11:57:36,886 - ERROR - Error in sending simulation request: 400 Client Error: Bad Request for url: https://api.worldquantbrain.com/simulations
2025-12-29 11:57:36,886 - ERROR - Error in sending simulation request. Retrying after 5s...
2025-12-29 11:57:43,080 - ERROR - Error in sending simulation request: 400 Client Error: Bad Request for url: https://api.worldquantbrain.com/simulations
2025-12-29 11:57:43,080 - ERROR - Error in sending simulation request. Retrying after 5s...
2025-12-29 11:57:48,326 - ERROR - Error in sending simulation request: 400 Client Error: Bad Request for url: https://api.worldquantbrain.com/simulations
2025-12-29 11:57:48,326 - ERROR - Error in sending simulation request. Retrying after 5s...
2025-12-29 11:57:53,574 - ERROR - Error in sending simulation request: 400 Client Error: Bad Request for url: https://api.worldquantbrain.com/simulations
2025-12-29 11:57:53,575 - ERROR - Error in sending simulation request. Retrying after 5s...
2025-12-29 11:57:58,822 - ERROR - Error in sending simulation request: 400 Client Error: Bad Request for url: https://api.worldquantbrain.com/simulations
2025-12-29 11:57:58,822 - ERROR - Error in sending simulation request. Retrying after 5s...
2025-12-29 11:58:04,075 - ERROR - Error in sending simulation request: 400 Client Error: Bad Request for url: https://api.worldquantbrain.com/simulations
2025-12-29 11:58:04,075 - ERROR - Error in sending simulation request. Retrying after 5s...
2025-12-29 11:58:09,326 - ERROR - Error in sending simulation request: 400 Client Error: Bad Request for url: https://api.worldquantbrain.com/simulations
2025-12-29 11:58:09,326 - ERROR - Error in sending simulation request. Retrying after 5s...
2025-12-29 11:58:14,576 - ERROR - Error in sending simulation request: 400 Client Error: Bad Request for url: https://api.worldquantbrain.com/simulations
2025-12-29 11:58:14,576 - ERROR - Error in sending simulation request. Retrying after 5s...
2025-12-29 11:58:19,821 - ERROR - Error in sending simulation request: 400 Client Error: Bad Request for url: https://api.worldquantbrain.com/simulations
2025-12-29 11:58:19,821 - ERROR - Error in sending simulation request. Retrying after 5s...
2025-12-29 11:58:25,079 - ERROR - Error in sending simulation request: 400 Client Error: Bad Request for url: https://api.worldquantbrain.com/simulations
2025-12-29 11:58:25,080 - ERROR - Error in sending simulation request. Retrying after 5s...
2025-12-29 11:58:30,322 - ERROR - Error in sending simulation request: 400 Client Error: Bad Request for url: https://api.worldquantbrain.com/simulations
2025-12-29 11:58:30,323 - ERROR - Error in sending simulation request. Retrying after 5s...
2025-12-29 11:58:35,579 - ERROR - Error in sending simulation request: 400 Client Error: Bad Request for url: https://api.worldquantbrain.com/simulations
2025-12-29 11:58:35,580 - ERROR - Error in sending simulation request. Retrying after 5s...
2025-12-29 11:58:40,825 - ERROR - Error in sending simulation request: 400 Client Error: Bad Request for url: https://api.worldquantbrain.com/simulations
2025-12-29 11:58:40,825 - ERROR - Error in sending simulation request. Retrying after 5s...
2025-12-29 11:58:46,083 - ERROR - Error in sending simulation request: 400 Client Error: Bad Request for url: https://api.worldquantbrain.com/simulations
2025-12-29 11:58:46,083 - ERROR - Error in sending simulation request. Retrying after 5s...
2025-12-29 11:58:51,337 - ERROR - Error in sending simulation request: 400 Client Error: Bad Request for url: https://api.worldquantbrain.com/simulations
2025-12-29 11:58:51,337 - ERROR - Error in sending simulation request. Retrying after 5s...
2025-12-29 11:58:58,572 - ERROR - Error in sending simulation request: 400 Client Error: Bad Request for url: https://api.worldquantbrain.com/simulations
2025-12-29 11:58:58,572 - ERROR - Error in sending simulation request. Retrying after 5s...
2025-12-29 11:59:03,820 - ERROR - Error in sending simulation request: 400 Client Error: Bad Request for url: https://api.worldquantbrain.com/simulations
2025-12-29 11:59:03,822 - ERROR - Error in sending simulation request. Retrying after 5s...
2025-12-29 11:59:09,082 - ERROR - Error in sending simulation request: 400 Client Error: Bad Request for url: https://api.worldquantbrain.com/simulations
2025-12-29 11:59:09,082 - ERROR - Error in sending simulation request. Retrying after 5s...
2025-12-29 11:59:14,322 - ERROR - Error in sending simulation request: 400 Client Error: Bad Request for url: https://api.worldquantbrain.com/simulations
2025-12-29 11:59:14,322 - ERROR - Error in sending simulation request. Retrying after 5s...
2025-12-29 11:59:19,579 - ERROR - Error in sending simulation request: 400 Client Error: Bad Request for url: https://api.worldquantbrain.com/simulations
2025-12-29 11:59:19,579 - ERROR - Error in sending simulation request. Retrying after 5s...
2025-12-29 11:59:24,825 - ERROR - Error in sending simulation request: 400 Client Error: Bad Request for url: https://api.worldquantbrain.com/simulations
2025-12-29 11:59:24,825 - ERROR - Error in sending simulation request. Retrying after 5s...
2025-12-29 11:59:30,075 - ERROR - Error in sending simulation request: 400 Client Error: Bad Request for url: https://api.worldquantbrain.com/simulations
2025-12-29 11:59:30,075 - ERROR - Error in sending simulation request. Retrying after 5s...
2025-12-29 11:59:35,327 - ERROR - Error in sending simulation request: 400 Client Error: Bad Request for url: https://api.worldquantbrain.com/simulations
2025-12-29 11:59:35,327 - ERROR - Error in sending simulation request. Retrying after 5s...
2025-12-29 11:59:41,622 - ERROR - Error in sending simulation request: 400 Client Error: Bad Request for url: https://api.worldquantbrain.com/simulations
2025-12-29 11:59:41,623 - ERROR - Error in sending simulation request. Retrying after 5s...
2025-12-29 11:59:46,873 - ERROR - Error in sending simulation request: 400 Client Error: Bad Request for url: https://api.worldquantbrain.com/simulations
2025-12-29 11:59:46,873 - ERROR - Error in sending simulation request. Retrying after 5s...
2025-12-29 11:59:52,120 - ERROR - Error in sending simulation request: 400 Client Error: Bad Request for url: https://api.worldquantbrain.com/simulations
2025-12-29 11:59:52,120 - ERROR - Error in sending simulation request. Retrying after 5s...
2025-12-29 11:59:57,378 - ERROR - Error in sending simulation request: 400 Client Error: Bad Request for url: https://api.worldquantbrain.com/simulations
2025-12-29 11:59:57,378 - ERROR - Error in sending simulation request. Retrying after 5s...
2025-12-29 12:00:02,624 - ERROR - Error in sending simulation request: 400 Client Error: Bad Request for url: https://api.worldquantbrain.com/simulations
2025-12-29 12:00:02,624 - ERROR - Error in sending simulation request. Retrying after 5s...
2025-12-29 12:00:07,879 - ERROR - Error in sending simulation request: 400 Client Error: Bad Request for url: https://api.worldquantbrain.com/simulations
2025-12-29 12:00:07,880 - ERROR - Error in sending simulation request. Retrying after 5s...
2025-12-29 12:00:13,125 - ERROR - Error in sending simulation request: 400 Client Error: Bad Request for url: https://api.worldquantbrain.com/simulations
2025-12-29 12:00:13,125 - ERROR - Error in sending simulation request. Retrying after 5s...
2025-12-29 12:00:18,376 - ERROR - Error in sending simulation request: 400 Client Error: Bad Request for url: https://api.worldquantbrain.com/simulations
2025-12-29 12:00:18,377 - ERROR - Error in sending simulation request. Retrying after 5s...
2025-12-29 12:00:23,630 - ERROR - Error in sending simulation request: 400 Client Error: Bad Request for url: https://api.worldquantbrain.com/simulations
2025-12-29 12:00:24,670 - INFO - Login to BRAIN successfully.
2025-12-29 12:00:24,670 - ERROR - Error occurred too many times, skipping this alpha and re-logging in.
2025-12-29 12:00:24,670 - ERROR - Simulation request failed after 36 attempts.
2025-12-29 12:00:27,677 - INFO - No one is in active simulation now
2025-12-29 12:00:27,677 - INFO - Loading new alpha...
2025-12-29 12:00:27,677 - INFO - Starting simulation for alpha: ts_mean(rank(model44) * ts_rank(current_gdp, 30), 30) with settings: {'instrumentType': 'EQUITY', 'region': 'IND', 'universe': 'TOP2000', 'delay': 1, 'decay': 8, 'neutralization': 'exchange', 'truncation': 0.01, 'pasteurization': 'ON', 'unitHandling': 'VERIFY', 'nanHandling': 'ON', 'language': 'FASTEXPR', 'visualization': False}
2025-12-29 12:00:27,936 - ERROR - Error in sending simulation request: 400 Client Error: Bad Request for url: https://api.worldquantbrain.com/simulations
2025-12-29 12:00:27,936 - ERROR - Error in sending simulation request. Retrying after 5s...
2025-12-29 12:00:33,192 - ERROR - Error in sending simulation request: 400 Client Error: Bad Request for url: https://api.worldquantbrain.com/simulations
2025-12-29 12:00:33,192 - ERROR - Error in sending simulation request. Retrying after 5s...
2025-12-29 12:00:38,443 - ERROR - Error in sending simulation request: 400 Client Error: Bad Request for url: https://api.worldquantbrain.com/simulations
2025-12-29 12:00:38,444 - ERROR - Error in sending simulation request. Retrying after 5s...
2025-12-29 12:00:43,697 - ERROR - Error in sending simulation request: 400 Client Error: Bad Request for url: https://api.worldquantbrain.com/simulations
2025-12-29 12:00:43,697 - ERROR - Error in sending simulation request. Retrying after 5s...
2025-12-29 12:00:48,945 - ERROR - Error in sending simulation request: 400 Client Error: Bad Request for url: https://api.worldquantbrain.com/simulations
2025-12-29 12:00:48,946 - ERROR - Error in sending simulation request. Retrying after 5s...
2025-12-29 12:00:54,193 - ERROR - Error in sending simulation request: 400 Client Error: Bad Request for url: https://api.worldquantbrain.com/simulations
2025-12-29 12:00:54,193 - ERROR - Error in sending simulation request. Retrying after 5s...
2025-12-29 12:00:59,444 - ERROR - Error in sending simulation request: 400 Client Error: Bad Request for url: https://api.worldquantbrain.com/simulations
2025-12-29 12:00:59,445 - ERROR - Error in sending simulation request. Retrying after 5s...
2025-12-29 12:01:05,506 - ERROR - Error in sending simulation request: 400 Client Error: Bad Request for url: https://api.worldquantbrain.com/simulations
2025-12-29 12:01:05,506 - ERROR - Error in sending simulation request. Retrying after 5s...
2025-12-29 12:01:10,763 - ERROR - Error in sending simulation request: 400 Client Error: Bad Request for url: https://api.worldquantbrain.com/simulations
2025-12-29 12:01:10,763 - ERROR - Error in sending simulation request. Retrying after 5s...
2025-12-29 12:01:16,014 - ERROR - Error in sending simulation request: 400 Client Error: Bad Request for url: https://api.worldquantbrain.com/simulations
2025-12-29 12:01:16,014 - ERROR - Error in sending simulation request. Retrying after 5s...
2025-12-29 12:01:21,258 - ERROR - Error in sending simulation request: 400 Client Error: Bad Request for url: https://api.worldquantbrain.com/simulations
2025-12-29 12:01:21,259 - ERROR - Error in sending simulation request. Retrying after 5s...
2025-12-29 12:01:26,506 - ERROR - Error in sending simulation request: 400 Client Error: Bad Request for url: https://api.worldquantbrain.com/simulations
2025-12-29 12:01:26,507 - ERROR - Error in sending simulation request. Retrying after 5s...
2025-12-29 12:01:31,755 - ERROR - Error in sending simulation request: 400 Client Error: Bad Request for url: https://api.worldquantbrain.com/simulations
2025-12-29 12:01:31,756 - ERROR - Error in sending simulation request. Retrying after 5s...
2025-12-29 12:01:37,012 - ERROR - Error in sending simulation request: 400 Client Error: Bad Request for url: https://api.worldquantbrain.com/simulations
2025-12-29 12:01:37,012 - ERROR - Error in sending simulation request. Retrying after 5s...
2025-12-29 12:01:42,266 - ERROR - Error in sending simulation request: 400 Client Error: Bad Request for url: https://api.worldquantbrain.com/simulations
2025-12-29 12:01:42,268 - ERROR - Error in sending simulation request. Retrying after 5s...
2025-12-29 12:01:47,517 - ERROR - Error in sending simulation request: 400 Client Error: Bad Request for url: https://api.worldquantbrain.com/simulations
2025-12-29 12:01:47,518 - ERROR - Error in sending simulation request. Retrying after 5s...
2025-12-29 12:01:52,768 - ERROR - Error in sending simulation request: 400 Client Error: Bad Request for url: https://api.worldquantbrain.com/simulations
2025-12-29 12:01:52,768 - ERROR - Error in sending simulation request. Retrying after 5s...
2025-12-29 12:01:58,021 - ERROR - Error in sending simulation request: 400 Client Error: Bad Request for url: https://api.worldquantbrain.com/simulations
2025-12-29 12:01:58,021 - ERROR - Error in sending simulation request. Retrying after 5s...
2025-12-29 12:02:05,790 - ERROR - Error in sending simulation request: 400 Client Error: Bad Request for url: https://api.worldquantbrain.com/simulations
2025-12-29 12:02:05,790 - ERROR - Error in sending simulation request. Retrying after 5s...
2025-12-29 12:02:11,057 - ERROR - Error in sending simulation request: 400 Client Error: Bad Request for url: https://api.worldquantbrain.com/simulations
2025-12-29 12:02:11,057 - ERROR - Error in sending simulation request. Retrying after 5s...
2025-12-29 12:02:16,319 - ERROR - Error in sending simulation request: 400 Client Error: Bad Request for url: https://api.worldquantbrain.com/simulations
2025-12-29 12:02:16,319 - ERROR - Error in sending simulation request. Retrying after 5s...
2025-12-29 12:02:21,565 - ERROR - Error in sending simulation request: 400 Client Error: Bad Request for url: https://api.worldquantbrain.com/simulations
2025-12-29 12:02:21,565 - ERROR - Error in sending simulation request. Retrying after 5s...
2025-12-29 12:02:26,819 - ERROR - Error in sending simulation request: 400 Client Error: Bad Request for url: https://api.worldquantbrain.com/simulations
2025-12-29 12:02:26,819 - ERROR - Error in sending simulation request. Retrying after 5s...
2025-12-29 12:02:32,074 - ERROR - Error in sending simulation request: 400 Client Error: Bad Request for url: https://api.worldquantbrain.com/simulations
2025-12-29 12:02:32,074 - ERROR - Error in sending simulation request. Retrying after 5s...
2025-12-29 12:02:37,327 - ERROR - Error in sending simulation request: 400 Client Error: Bad Request for url: https://api.worldquantbrain.com/simulations
2025-12-29 12:02:37,327 - ERROR - Error in sending simulation request. Retrying after 5s...
2025-12-29 12:02:42,575 - ERROR - Error in sending simulation request: 400 Client Error: Bad Request for url: https://api.worldquantbrain.com/simulations
2025-12-29 12:02:42,576 - ERROR - Error in sending simulation request. Retrying after 5s...
2025-12-29 12:02:47,818 - ERROR - Error in sending simulation request: 400 Client Error: Bad Request for url: https://api.worldquantbrain.com/simulations
2025-12-29 12:02:47,818 - ERROR - Error in sending simulation request. Retrying after 5s...
2025-12-29 12:02:53,086 - ERROR - Error in sending simulation request: 400 Client Error: Bad Request for url: https://api.worldquantbrain.com/simulations
2025-12-29 12:02:53,087 - ERROR - Error in sending simulation request. Retrying after 5s...
2025-12-29 12:02:58,341 - ERROR - Error in sending simulation request: 400 Client Error: Bad Request for url: https://api.worldquantbrain.com/simulations
2025-12-29 12:02:58,341 - ERROR - Error in sending simulation request. Retrying after 5s...
2025-12-29 12:03:03,589 - ERROR - Error in sending simulation request: 400 Client Error: Bad Request for url: https://api.worldquantbrain.com/simulations
2025-12-29 12:03:03,589 - ERROR - Error in sending simulation request. Retrying after 5s...
2025-12-29 12:03:08,842 - ERROR - Error in sending simulation request: 400 Client Error: Bad Request for url: https://api.worldquantbrain.com/simulations
2025-12-29 12:03:08,844 - ERROR - Error in sending simulation request. Retrying after 5s...
2025-12-29 12:03:14,094 - ERROR - Error in sending simulation request: 400 Client Error: Bad Request for url: https://api.worldquantbrain.com/simulations
2025-12-29 12:03:14,094 - ERROR - Error in sending simulation request. Retrying after 5s...
2025-12-29 12:03:19,347 - ERROR - Error in sending simulation request: 400 Client Error: Bad Request for url: https://api.worldquantbrain.com/simulations
2025-12-29 12:03:19,347 - ERROR - Error in sending simulation request. Retrying after 5s...
2025-12-29 12:03:24,597 - ERROR - Error in sending simulation request: 400 Client Error: Bad Request for url: https://api.worldquantbrain.com/simulations
2025-12-29 12:03:24,597 - ERROR - Error in sending simulation request. Retrying after 5s...
2025-12-29 12:03:29,846 - ERROR - Error in sending simulation request: 400 Client Error: Bad Request for url: https://api.worldquantbrain.com/simulations
2025-12-29 12:03:29,847 - ERROR - Error in sending simulation request. Retrying after 5s...
2025-12-29 12:03:35,095 - ERROR - Error in sending simulation request: 400 Client Error: Bad Request for url: https://api.worldquantbrain.com/simulations
2025-12-29 12:03:35,095 - ERROR - Error in sending simulation request. Retrying after 5s...
2025-12-29 12:03:40,345 - ERROR - Error in sending simulation request: 400 Client Error: Bad Request for url: https://api.worldquantbrain.com/simulations
2025-12-29 12:03:41,573 - INFO - Login to BRAIN successfully.
2025-12-29 12:03:41,573 - ERROR - Error occurred too many times, skipping this alpha and re-logging in.
2025-12-29 12:03:41,573 - ERROR - Simulation request failed after 36 attempts.
2025-12-29 12:03:44,580 - INFO - No one is in active simulation now
2025-12-29 12:03:44,580 - INFO - Loading new alpha...
2025-12-29 12:03:44,580 - INFO - Starting simulation for alpha: group_neutralize(ts_rank(model12, 30) + ts_rank(current_gdp, 30), country) with settings: {'instrumentType': 'EQUITY', 'region': 'IND', 'universe': 'TOP2000', 'delay': 1, 'decay': 4, 'neutralization': 'exchange', 'truncation': 0.01, 'pasteurization': 'ON', 'unitHandling': 'VERIFY', 'nanHandling': 'ON', 'language': 'FASTEXPR', 'visualization': False}
2025-12-29 12:03:44,841 - ERROR - Error in sending simulation request: 400 Client Error: Bad Request for url: https://api.worldquantbrain.com/simulations
2025-12-29 12:03:44,841 - ERROR - Error in sending simulation request. Retrying after 5s...
2025-12-29 12:03:50,520 - ERROR - Error in sending simulation request: 400 Client Error: Bad Request for url: https://api.worldquantbrain.com/simulations
2025-12-29 12:03:50,520 - ERROR - Error in sending simulation request. Retrying after 5s...
2025-12-29 12:03:55,765 - ERROR - Error in sending simulation request: 400 Client Error: Bad Request for url: https://api.worldquantbrain.com/simulations
2025-12-29 12:03:55,765 - ERROR - Error in sending simulation request. Retrying after 5s...
2025-12-29 12:04:01,008 - ERROR - Error in sending simulation request: 400 Client Error: Bad Request for url: https://api.worldquantbrain.com/simulations
2025-12-29 12:04:01,008 - ERROR - Error in sending simulation request. Retrying after 5s...
2025-12-29 12:04:06,255 - ERROR - Error in sending simulation request: 400 Client Error: Bad Request for url: https://api.worldquantbrain.com/simulations
2025-12-29 12:04:06,255 - ERROR - Error in sending simulation request. Retrying after 5s...
2025-12-29 12:04:11,498 - ERROR - Error in sending simulation request: 400 Client Error: Bad Request for url: https://api.worldquantbrain.com/simulations
2025-12-29 12:04:11,498 - ERROR - Error in sending simulation request. Retrying after 5s...
2025-12-29 12:04:16,741 - ERROR - Error in sending simulation request: 400 Client Error: Bad Request for url: https://api.worldquantbrain.com/simulations
2025-12-29 12:04:16,741 - ERROR - Error in sending simulation request. Retrying after 5s...
2025-12-29 12:04:22,425 - ERROR - Error in sending simulation request: 400 Client Error: Bad Request for url: https://api.worldquantbrain.com/simulations
2025-12-29 12:04:22,425 - ERROR - Error in sending simulation request. Retrying after 5s...
2025-12-29 12:04:27,791 - ERROR - Error in sending simulation request: 400 Client Error: Bad Request for url: https://api.worldquantbrain.com/simulations
2025-12-29 12:04:27,791 - ERROR - Error in sending simulation request. Retrying after 5s...
2025-12-29 12:04:33,040 - ERROR - Error in sending simulation request: 400 Client Error: Bad Request for url: https://api.worldquantbrain.com/simulations
2025-12-29 12:04:33,040 - ERROR - Error in sending simulation request. Retrying after 5s...
2025-12-29 12:04:38,281 - ERROR - Error in sending simulation request: 400 Client Error: Bad Request for url: https://api.worldquantbrain.com/simulations
2025-12-29 12:04:38,282 - ERROR - Error in sending simulation request. Retrying after 5s...
2025-12-29 12:04:43,528 - ERROR - Error in sending simulation request: 400 Client Error: Bad Request for url: https://api.worldquantbrain.com/simulations
2025-12-29 12:04:43,529 - ERROR - Error in sending simulation request. Retrying after 5s...
2025-12-29 12:04:48,770 - ERROR - Error in sending simulation request: 400 Client Error: Bad Request for url: https://api.worldquantbrain.com/simulations
2025-12-29 12:04:48,770 - ERROR - Error in sending simulation request. Retrying after 5s...
2025-12-29 12:04:54,019 - ERROR - Error in sending simulation request: 400 Client Error: Bad Request for url: https://api.worldquantbrain.com/simulations
2025-12-29 12:04:54,019 - ERROR - Error in sending simulation request. Retrying after 5s...
2025-12-29 12:04:59,265 - ERROR - Error in sending simulation request: 400 Client Error: Bad Request for url: https://api.worldquantbrain.com/simulations
2025-12-29 12:04:59,265 - ERROR - Error in sending simulation request. Retrying after 5s...
2025-12-29 12:05:04,511 - ERROR - Error in sending simulation request: 400 Client Error: Bad Request for url: https://api.worldquantbrain.com/simulations
2025-12-29 12:05:04,512 - ERROR - Error in sending simulation request. Retrying after 5s...
2025-12-29 12:05:10,205 - ERROR - Error in sending simulation request: 400 Client Error: Bad Request for url: https://api.worldquantbrain.com/simulations
2025-12-29 12:05:10,205 - ERROR - Error in sending simulation request. Retrying after 5s...
2025-12-29 12:05:15,540 - ERROR - Error in sending simulation request: 400 Client Error: Bad Request for url: https://api.worldquantbrain.com/simulations
2025-12-29 12:05:15,540 - ERROR - Error in sending simulation request. Retrying after 5s...
2025-12-29 12:05:21,998 - ERROR - Error in sending simulation request: 400 Client Error: Bad Request for url: https://api.worldquantbrain.com/simulations
2025-12-29 12:05:21,998 - ERROR - Error in sending simulation request. Retrying after 5s...
2025-12-29 12:05:27,255 - ERROR - Error in sending simulation request: 400 Client Error: Bad Request for url: https://api.worldquantbrain.com/simulations
2025-12-29 12:05:27,255 - ERROR - Error in sending simulation request. Retrying after 5s...
2025-12-29 12:05:32,502 - ERROR - Error in sending simulation request: 400 Client Error: Bad Request for url: https://api.worldquantbrain.com/simulations
2025-12-29 12:05:32,502 - ERROR - Error in sending simulation request. Retrying after 5s...
2025-12-29 12:05:37,741 - ERROR - Error in sending simulation request: 400 Client Error: Bad Request for url: https://api.worldquantbrain.com/simulations
2025-12-29 12:05:37,741 - ERROR - Error in sending simulation request. Retrying after 5s...
2025-12-29 12:05:42,989 - ERROR - Error in sending simulation request: 400 Client Error: Bad Request for url: https://api.worldquantbrain.com/simulations
2025-12-29 12:05:42,989 - ERROR - Error in sending simulation request. Retrying after 5s...
2025-12-29 12:05:48,236 - ERROR - Error in sending simulation request: 400 Client Error: Bad Request for url: https://api.worldquantbrain.com/simulations
2025-12-29 12:05:48,236 - ERROR - Error in sending simulation request. Retrying after 5s...
2025-12-29 12:05:53,483 - ERROR - Error in sending simulation request: 400 Client Error: Bad Request for url: https://api.worldquantbrain.com/simulations
2025-12-29 12:05:53,484 - ERROR - Error in sending simulation request. Retrying after 5s...
2025-12-29 12:05:58,728 - ERROR - Error in sending simulation request: 400 Client Error: Bad Request for url: https://api.worldquantbrain.com/simulations
2025-12-29 12:05:58,728 - ERROR - Error in sending simulation request. Retrying after 5s...
2025-12-29 12:06:03,976 - ERROR - Error in sending simulation request: 400 Client Error: Bad Request for url: https://api.worldquantbrain.com/simulations
2025-12-29 12:06:03,976 - ERROR - Error in sending simulation request. Retrying after 5s...
2025-12-29 12:06:09,220 - ERROR - Error in sending simulation request: 400 Client Error: Bad Request for url: https://api.worldquantbrain.com/simulations
2025-12-29 12:06:09,220 - ERROR - Error in sending simulation request. Retrying after 5s...
2025-12-29 12:06:14,463 - ERROR - Error in sending simulation request: 400 Client Error: Bad Request for url: https://api.worldquantbrain.com/simulations
2025-12-29 12:06:14,463 - ERROR - Error in sending simulation request. Retrying after 5s...
2025-12-29 12:06:19,736 - ERROR - Error in sending simulation request: 400 Client Error: Bad Request for url: https://api.worldquantbrain.com/simulations
2025-12-29 12:06:19,736 - ERROR - Error in sending simulation request. Retrying after 5s...
2025-12-29 12:06:24,975 - ERROR - Error in sending simulation request: 400 Client Error: Bad Request for url: https://api.worldquantbrain.com/simulations
2025-12-29 12:06:24,975 - ERROR - Error in sending simulation request. Retrying after 5s...
2025-12-29 12:06:30,215 - ERROR - Error in sending simulation request: 400 Client Error: Bad Request for url: https://api.worldquantbrain.com/simulations
2025-12-29 12:06:30,215 - ERROR - Error in sending simulation request. Retrying after 5s...
2025-12-29 12:06:35,644 - ERROR - Error in sending simulation request: 400 Client Error: Bad Request for url: https://api.worldquantbrain.com/simulations
2025-12-29 12:06:35,644 - ERROR - Error in sending simulation request. Retrying after 5s...
2025-12-29 12:06:40,892 - ERROR - Error in sending simulation request: 400 Client Error: Bad Request for url: https://api.worldquantbrain.com/simulations
2025-12-29 12:06:40,892 - ERROR - Error in sending simulation request. Retrying after 5s...
2025-12-29 12:06:46,137 - ERROR - Error in sending simulation request: 400 Client Error: Bad Request for url: https://api.worldquantbrain.com/simulations
2025-12-29 12:06:46,137 - ERROR - Error in sending simulation request. Retrying after 5s...
2025-12-29 12:06:51,382 - ERROR - Error in sending simulation request: 400 Client Error: Bad Request for url: https://api.worldquantbrain.com/simulations
2025-12-29 12:06:51,382 - ERROR - Error in sending simulation request. Retrying after 5s...
2025-12-29 12:06:56,630 - ERROR - Error in sending simulation request: 400 Client Error: Bad Request for url: https://api.worldquantbrain.com/simulations
2025-12-29 12:07:01,635 - ERROR - Connection down, trying to login again...
2025-12-29 12:07:17,593 - INFO - Login to BRAIN successfully.
2025-12-29 12:07:17,593 - ERROR - Error occurred too many times, skipping this alpha and re-logging in.
2025-12-29 12:07:17,593 - ERROR - Simulation request failed after 36 attempts.
2025-12-29 12:07:20,596 - INFO - No one is in active simulation now
2025-12-29 12:07:20,596 - INFO - Loading new alpha...
2025-12-29 12:07:20,596 - INFO - Starting simulation for alpha: group_neutralize(model68 / cpi, exchange) with settings: {'instrumentType': 'EQUITY', 'region': 'IND', 'universe': 'TOP2000', 'delay': 1, 'decay': 8, 'neutralization': 'market', 'truncation': 0.01, 'pasteurization': 'ON', 'unitHandling': 'VERIFY', 'nanHandling': 'ON', 'language': 'FASTEXPR', 'visualization': False}
2025-12-29 12:07:23,093 - ERROR - Error in sending simulation request: 400 Client Error: Bad Request for url: https://api.worldquantbrain.com/simulations
2025-12-29 12:07:23,093 - ERROR - Error in sending simulation request. Retrying after 5s...
2025-12-29 12:07:28,341 - ERROR - Error in sending simulation request: 400 Client Error: Bad Request for url: https://api.worldquantbrain.com/simulations
2025-12-29 12:07:28,341 - ERROR - Error in sending simulation request. Retrying after 5s...
2025-12-29 12:07:33,582 - ERROR - Error in sending simulation request: 400 Client Error: Bad Request for url: https://api.worldquantbrain.com/simulations
2025-12-29 12:07:33,582 - ERROR - Error in sending simulation request. Retrying after 5s...
2025-12-29 12:07:38,832 - ERROR - Error in sending simulation request: 400 Client Error: Bad Request for url: https://api.worldquantbrain.com/simulations
2025-12-29 12:07:38,832 - ERROR - Error in sending simulation request. Retrying after 5s...
2025-12-29 12:07:44,083 - ERROR - Error in sending simulation request: 400 Client Error: Bad Request for url: https://api.worldquantbrain.com/simulations
2025-12-29 12:07:44,084 - ERROR - Error in sending simulation request. Retrying after 5s...
2025-12-29 12:07:49,331 - ERROR - Error in sending simulation request: 400 Client Error: Bad Request for url: https://api.worldquantbrain.com/simulations
2025-12-29 12:07:49,332 - ERROR - Error in sending simulation request. Retrying after 5s...
2025-12-29 12:07:54,582 - ERROR - Error in sending simulation request: 400 Client Error: Bad Request for url: https://api.worldquantbrain.com/simulations
2025-12-29 12:07:54,583 - ERROR - Error in sending simulation request. Retrying after 5s...
2025-12-29 12:07:59,846 - ERROR - Error in sending simulation request: 400 Client Error: Bad Request for url: https://api.worldquantbrain.com/simulations
2025-12-29 12:07:59,846 - ERROR - Error in sending simulation request. Retrying after 5s...
2025-12-29 12:08:05,091 - ERROR - Error in sending simulation request: 400 Client Error: Bad Request for url: https://api.worldquantbrain.com/simulations
2025-12-29 12:08:05,092 - ERROR - Error in sending simulation request. Retrying after 5s...
2025-12-29 12:08:10,362 - ERROR - Error in sending simulation request: 400 Client Error: Bad Request for url: https://api.worldquantbrain.com/simulations
2025-12-29 12:08:10,362 - ERROR - Error in sending simulation request. Retrying after 5s...
2025-12-29 12:08:15,662 - ERROR - Error in sending simulation request: 400 Client Error: Bad Request for url: https://api.worldquantbrain.com/simulations
2025-12-29 12:08:15,662 - ERROR - Error in sending simulation request. Retrying after 5s...
2025-12-29 12:08:20,905 - ERROR - Error in sending simulation request: 400 Client Error: Bad Request for url: https://api.worldquantbrain.com/simulations
2025-12-29 12:08:20,906 - ERROR - Error in sending simulation request. Retrying after 5s...
2025-12-29 12:08:26,161 - ERROR - Error in sending simulation request: 400 Client Error: Bad Request for url: https://api.worldquantbrain.com/simulations
2025-12-29 12:08:26,161 - ERROR - Error in sending simulation request. Retrying after 5s...
2025-12-29 12:08:31,409 - ERROR - Error in sending simulation request: 400 Client Error: Bad Request for url: https://api.worldquantbrain.com/simulations
2025-12-29 12:08:31,410 - ERROR - Error in sending simulation request. Retrying after 5s...
2025-12-29 12:08:36,653 - ERROR - Error in sending simulation request: 400 Client Error: Bad Request for url: https://api.worldquantbrain.com/simulations
2025-12-29 12:08:36,653 - ERROR - Error in sending simulation request. Retrying after 5s...
2025-12-29 12:08:41,901 - ERROR - Error in sending simulation request: 400 Client Error: Bad Request for url: https://api.worldquantbrain.com/simulations
2025-12-29 12:08:41,901 - ERROR - Error in sending simulation request. Retrying after 5s...
2025-12-29 12:08:47,217 - ERROR - Error in sending simulation request: 400 Client Error: Bad Request for url: https://api.worldquantbrain.com/simulations
2025-12-29 12:08:47,218 - ERROR - Error in sending simulation request. Retrying after 5s...
2025-12-29 12:08:52,473 - ERROR - Error in sending simulation request: 400 Client Error: Bad Request for url: https://api.worldquantbrain.com/simulations
2025-12-29 12:08:52,474 - ERROR - Error in sending simulation request. Retrying after 5s...
2025-12-29 12:08:57,753 - ERROR - Error in sending simulation request: 400 Client Error: Bad Request for url: https://api.worldquantbrain.com/simulations
2025-12-29 12:08:57,754 - ERROR - Error in sending simulation request. Retrying after 5s...
2025-12-29 12:09:03,641 - ERROR - Error in sending simulation request: 400 Client Error: Bad Request for url: https://api.worldquantbrain.com/simulations
2025-12-29 12:09:03,641 - ERROR - Error in sending simulation request. Retrying after 5s...
2025-12-29 12:09:08,897 - ERROR - Error in sending simulation request: 400 Client Error: Bad Request for url: https://api.worldquantbrain.com/simulations
2025-12-29 12:09:08,897 - ERROR - Error in sending simulation request. Retrying after 5s...
2025-12-29 12:09:14,145 - ERROR - Error in sending simulation request: 400 Client Error: Bad Request for url: https://api.worldquantbrain.com/simulations
2025-12-29 12:09:14,145 - ERROR - Error in sending simulation request. Retrying after 5s...
2025-12-29 12:09:19,399 - ERROR - Error in sending simulation request: 400 Client Error: Bad Request for url: https://api.worldquantbrain.com/simulations
2025-12-29 12:09:19,399 - ERROR - Error in sending simulation request. Retrying after 5s...
2025-12-29 12:09:24,652 - ERROR - Error in sending simulation request: 400 Client Error: Bad Request for url: https://api.worldquantbrain.com/simulations
2025-12-29 12:09:24,652 - ERROR - Error in sending simulation request. Retrying after 5s...
2025-12-29 12:09:29,928 - ERROR - Error in sending simulation request: 400 Client Error: Bad Request for url: https://api.worldquantbrain.com/simulations
2025-12-29 12:09:29,929 - ERROR - Error in sending simulation request. Retrying after 5s...
2025-12-29 12:09:35,182 - ERROR - Error in sending simulation request: 400 Client Error: Bad Request for url: https://api.worldquantbrain.com/simulations
2025-12-29 12:09:35,182 - ERROR - Error in sending simulation request. Retrying after 5s...
2025-12-29 12:09:40,422 - ERROR - Error in sending simulation request: 400 Client Error: Bad Request for url: https://api.worldquantbrain.com/simulations
2025-12-29 12:09:40,422 - ERROR - Error in sending simulation request. Retrying after 5s...
2025-12-29 12:09:45,665 - ERROR - Error in sending simulation request: 400 Client Error: Bad Request for url: https://api.worldquantbrain.com/simulations
2025-12-29 12:09:45,666 - ERROR - Error in sending simulation request. Retrying after 5s...
2025-12-29 12:09:50,941 - ERROR - Error in sending simulation request: 400 Client Error: Bad Request for url: https://api.worldquantbrain.com/simulations
2025-12-29 12:09:50,941 - ERROR - Error in sending simulation request. Retrying after 5s...
2025-12-29 12:09:56,193 - ERROR - Error in sending simulation request: 400 Client Error: Bad Request for url: https://api.worldquantbrain.com/simulations
2025-12-29 12:09:56,193 - ERROR - Error in sending simulation request. Retrying after 5s...
2025-12-29 12:10:01,496 - ERROR - Error in sending simulation request: 400 Client Error: Bad Request for url: https://api.worldquantbrain.com/simulations
2025-12-29 12:10:01,498 - ERROR - Error in sending simulation request. Retrying after 5s...
2025-12-29 12:10:06,743 - ERROR - Error in sending simulation request: 400 Client Error: Bad Request for url: https://api.worldquantbrain.com/simulations
2025-12-29 12:10:06,745 - ERROR - Error in sending simulation request. Retrying after 5s...
2025-12-29 12:10:12,000 - ERROR - Error in sending simulation request: 400 Client Error: Bad Request for url: https://api.worldquantbrain.com/simulations
2025-12-29 12:10:12,000 - ERROR - Error in sending simulation request. Retrying after 5s...
2025-12-29 12:10:17,243 - ERROR - Error in sending simulation request: 400 Client Error: Bad Request for url: https://api.worldquantbrain.com/simulations
2025-12-29 12:10:17,243 - ERROR - Error in sending simulation request. Retrying after 5s...
2025-12-29 12:10:22,499 - ERROR - Error in sending simulation request: 400 Client Error: Bad Request for url: https://api.worldquantbrain.com/simulations
2025-12-29 12:10:22,499 - ERROR - Error in sending simulation request. Retrying after 5s...
2025-12-29 12:10:27,750 - ERROR - Error in sending simulation request: 400 Client Error: Bad Request for url: https://api.worldquantbrain.com/simulations
2025-12-29 12:10:27,751 - ERROR - Error in sending simulation request. Retrying after 5s...
2025-12-29 12:10:33,000 - ERROR - Error in sending simulation request: 400 Client Error: Bad Request for url: https://api.worldquantbrain.com/simulations
2025-12-29 12:10:33,944 - INFO - Login to BRAIN successfully.
2025-12-29 12:10:33,944 - ERROR - Error occurred too many times, skipping this alpha and re-logging in.
2025-12-29 12:10:33,944 - ERROR - Simulation request failed after 36 attempts.
2025-12-29 12:10:36,955 - INFO - No one is in active simulation now
2025-12-29 12:10:36,955 - INFO - Loading new alpha...
2025-12-29 12:10:36,955 - INFO - Starting simulation for alpha: group_neutralize(ts_rank(model6, 30) + ts_rank(unemployment_rate, 30), industry) with settings: {'instrumentType': 'EQUITY', 'region': 'IND', 'universe': 'TOP2000', 'delay': 1, 'decay': 8, 'neutralization': 'exchange', 'truncation': 0.01, 'pasteurization': 'ON', 'unitHandling': 'VERIFY', 'nanHandling': 'ON', 'language': 'FASTEXPR', 'visualization': False}
2025-12-29 12:10:37,197 - ERROR - Error in sending simulation request: 400 Client Error: Bad Request for url: https://api.worldquantbrain.com/simulations
2025-12-29 12:10:37,197 - ERROR - Error in sending simulation request. Retrying after 5s...
2025-12-29 12:10:42,460 - ERROR - Error in sending simulation request: 400 Client Error: Bad Request for url: https://api.worldquantbrain.com/simulations
2025-12-29 12:10:42,460 - ERROR - Error in sending simulation request. Retrying after 5s...
2025-12-29 12:10:47,710 - ERROR - Error in sending simulation request: 400 Client Error: Bad Request for url: https://api.worldquantbrain.com/simulations
2025-12-29 12:10:47,710 - ERROR - Error in sending simulation request. Retrying after 5s...
2025-12-29 12:10:52,952 - ERROR - Error in sending simulation request: 400 Client Error: Bad Request for url: https://api.worldquantbrain.com/simulations
2025-12-29 12:10:52,952 - ERROR - Error in sending simulation request. Retrying after 5s...
2025-12-29 12:10:58,203 - ERROR - Error in sending simulation request: 400 Client Error: Bad Request for url: https://api.worldquantbrain.com/simulations
2025-12-29 12:10:58,203 - ERROR - Error in sending simulation request. Retrying after 5s...
2025-12-29 12:11:03,445 - ERROR - Error in sending simulation request: 400 Client Error: Bad Request for url: https://api.worldquantbrain.com/simulations
2025-12-29 12:11:03,445 - ERROR - Error in sending simulation request. Retrying after 5s...
2025-12-29 12:11:08,694 - ERROR - Error in sending simulation request: 400 Client Error: Bad Request for url: https://api.worldquantbrain.com/simulations
2025-12-29 12:11:08,694 - ERROR - Error in sending simulation request. Retrying after 5s...
2025-12-29 12:11:13,940 - ERROR - Error in sending simulation request: 400 Client Error: Bad Request for url: https://api.worldquantbrain.com/simulations
2025-12-29 12:11:13,941 - ERROR - Error in sending simulation request. Retrying after 5s...
2025-12-29 12:11:19,183 - ERROR - Error in sending simulation request: 400 Client Error: Bad Request for url: https://api.worldquantbrain.com/simulations
2025-12-29 12:11:19,183 - ERROR - Error in sending simulation request. Retrying after 5s...
2025-12-29 12:11:24,441 - ERROR - Error in sending simulation request: 400 Client Error: Bad Request for url: https://api.worldquantbrain.com/simulations
2025-12-29 12:11:24,441 - ERROR - Error in sending simulation request. Retrying after 5s...
2025-12-29 12:11:29,694 - ERROR - Error in sending simulation request: 400 Client Error: Bad Request for url: https://api.worldquantbrain.com/simulations
2025-12-29 12:11:29,694 - ERROR - Error in sending simulation request. Retrying after 5s...
2025-12-29 12:11:34,979 - ERROR - Error in sending simulation request: 400 Client Error: Bad Request for url: https://api.worldquantbrain.com/simulations
2025-12-29 12:11:34,979 - ERROR - Error in sending simulation request. Retrying after 5s...
2025-12-29 12:11:40,230 - ERROR - Error in sending simulation request: 400 Client Error: Bad Request for url: https://api.worldquantbrain.com/simulations
2025-12-29 12:11:40,230 - ERROR - Error in sending simulation request. Retrying after 5s...
2025-12-29 12:11:45,472 - ERROR - Error in sending simulation request: 400 Client Error: Bad Request for url: https://api.worldquantbrain.com/simulations
2025-12-29 12:11:45,473 - ERROR - Error in sending simulation request. Retrying after 5s...
2025-12-29 12:11:50,715 - ERROR - Error in sending simulation request: 400 Client Error: Bad Request for url: https://api.worldquantbrain.com/simulations
2025-12-29 12:11:50,715 - ERROR - Error in sending simulation request. Retrying after 5s...
2025-12-29 12:11:55,956 - ERROR - Error in sending simulation request: 400 Client Error: Bad Request for url: https://api.worldquantbrain.com/simulations
2025-12-29 12:11:55,956 - ERROR - Error in sending simulation request. Retrying after 5s...
2025-12-29 12:12:01,204 - ERROR - Error in sending simulation request: 400 Client Error: Bad Request for url: https://api.worldquantbrain.com/simulations
2025-12-29 12:12:01,204 - ERROR - Error in sending simulation request. Retrying after 5s...
2025-12-29 12:12:06,442 - ERROR - Error in sending simulation request: 400 Client Error: Bad Request for url: https://api.worldquantbrain.com/simulations
2025-12-29 12:12:06,442 - ERROR - Error in sending simulation request. Retrying after 5s...
2025-12-29 12:12:11,693 - ERROR - Error in sending simulation request: 400 Client Error: Bad Request for url: https://api.worldquantbrain.com/simulations
2025-12-29 12:12:11,693 - ERROR - Error in sending simulation request. Retrying after 5s...
2025-12-29 12:12:16,940 - ERROR - Error in sending simulation request: 400 Client Error: Bad Request for url: https://api.worldquantbrain.com/simulations
2025-12-29 12:12:16,940 - ERROR - Error in sending simulation request. Retrying after 5s...
2025-12-29 12:12:22,186 - ERROR - Error in sending simulation request: 400 Client Error: Bad Request for url: https://api.worldquantbrain.com/simulations
2025-12-29 12:12:22,186 - ERROR - Error in sending simulation request. Retrying after 5s...
2025-12-29 12:12:27,433 - ERROR - Error in sending simulation request: 400 Client Error: Bad Request for url: https://api.worldquantbrain.com/simulations
2025-12-29 12:12:27,433 - ERROR - Error in sending simulation request. Retrying after 5s...
2025-12-29 12:12:32,668 - ERROR - Error in sending simulation request: 400 Client Error: Bad Request for url: https://api.worldquantbrain.com/simulations
2025-12-29 12:12:32,669 - ERROR - Error in sending simulation request. Retrying after 5s...
2025-12-29 12:12:37,910 - ERROR - Error in sending simulation request: 400 Client Error: Bad Request for url: https://api.worldquantbrain.com/simulations
2025-12-29 12:12:37,910 - ERROR - Error in sending simulation request. Retrying after 5s...
2025-12-29 12:12:43,161 - ERROR - Error in sending simulation request: 400 Client Error: Bad Request for url: https://api.worldquantbrain.com/simulations
2025-12-29 12:12:43,163 - ERROR - Error in sending simulation request. Retrying after 5s...
2025-12-29 12:12:48,407 - ERROR - Error in sending simulation request: 400 Client Error: Bad Request for url: https://api.worldquantbrain.com/simulations
2025-12-29 12:12:48,407 - ERROR - Error in sending simulation request. Retrying after 5s...
2025-12-29 12:12:53,703 - ERROR - Error in sending simulation request: 400 Client Error: Bad Request for url: https://api.worldquantbrain.com/simulations
2025-12-29 12:12:53,703 - ERROR - Error in sending simulation request. Retrying after 5s...
2025-12-29 12:12:58,949 - ERROR - Error in sending simulation request: 400 Client Error: Bad Request for url: https://api.worldquantbrain.com/simulations
2025-12-29 12:12:58,949 - ERROR - Error in sending simulation request. Retrying after 5s...
2025-12-29 12:13:04,193 - ERROR - Error in sending simulation request: 400 Client Error: Bad Request for url: https://api.worldquantbrain.com/simulations
2025-12-29 12:13:04,193 - ERROR - Error in sending simulation request. Retrying after 5s...
2025-12-29 12:13:09,441 - ERROR - Error in sending simulation request: 400 Client Error: Bad Request for url: https://api.worldquantbrain.com/simulations
2025-12-29 12:13:09,441 - ERROR - Error in sending simulation request. Retrying after 5s...
2025-12-29 12:13:14,697 - ERROR - Error in sending simulation request: 400 Client Error: Bad Request for url: https://api.worldquantbrain.com/simulations
2025-12-29 12:13:14,697 - ERROR - Error in sending simulation request. Retrying after 5s...
2025-12-29 12:13:20,408 - ERROR - Error in sending simulation request: 400 Client Error: Bad Request for url: https://api.worldquantbrain.com/simulations
2025-12-29 12:13:20,409 - ERROR - Error in sending simulation request. Retrying after 5s...
2025-12-29 12:13:25,655 - ERROR - Error in sending simulation request: 400 Client Error: Bad Request for url: https://api.worldquantbrain.com/simulations
2025-12-29 12:13:25,655 - ERROR - Error in sending simulation request. Retrying after 5s...
2025-12-29 12:13:30,897 - ERROR - Error in sending simulation request: 400 Client Error: Bad Request for url: https://api.worldquantbrain.com/simulations
2025-12-29 12:13:30,898 - ERROR - Error in sending simulation request. Retrying after 5s...
2025-12-29 12:13:36,145 - ERROR - Error in sending simulation request: 400 Client Error: Bad Request for url: https://api.worldquantbrain.com/simulations
2025-12-29 12:13:36,146 - ERROR - Error in sending simulation request. Retrying after 5s...
2025-12-29 12:13:41,390 - ERROR - Error in sending simulation request: 400 Client Error: Bad Request for url: https://api.worldquantbrain.com/simulations
2025-12-29 12:13:41,391 - ERROR - Error in sending simulation request. Retrying after 5s...
2025-12-29 12:13:46,638 - ERROR - Error in sending simulation request: 400 Client Error: Bad Request for url: https://api.worldquantbrain.com/simulations
2025-12-29 12:13:47,599 - INFO - Login to BRAIN successfully.
2025-12-29 12:13:47,599 - ERROR - Error occurred too many times, skipping this alpha and re-logging in.
2025-12-29 12:13:47,599 - ERROR - Simulation request failed after 36 attempts.
2025-12-29 12:13:50,603 - INFO - No one is in active simulation now
2025-12-29 12:13:50,603 - INFO - Loading new alpha...
2025-12-29 12:13:50,603 - INFO - Starting simulation for alpha: ts_zscore(inflation, 30) with settings: {'instrumentType': 'EQUITY', 'region': 'IND', 'universe': 'TOP2000', 'delay': 1, 'decay': 4, 'neutralization': 'country', 'truncation': 0.01, 'pasteurization': 'ON', 'unitHandling': 'VERIFY', 'nanHandling': 'ON', 'language': 'FASTEXPR', 'visualization': False}
2025-12-29 12:13:50,845 - ERROR - Error in sending simulation request: 400 Client Error: Bad Request for url: https://api.worldquantbrain.com/simulations
2025-12-29 12:13:50,846 - ERROR - Error in sending simulation request. Retrying after 5s...
2025-12-29 12:13:56,097 - ERROR - Error in sending simulation request: 400 Client Error: Bad Request for url: https://api.worldquantbrain.com/simulations
2025-12-29 12:13:56,097 - ERROR - Error in sending simulation request. Retrying after 5s...
2025-12-29 12:14:01,352 - ERROR - Error in sending simulation request: 400 Client Error: Bad Request for url: https://api.worldquantbrain.com/simulations
2025-12-29 12:14:01,352 - ERROR - Error in sending simulation request. Retrying after 5s...
2025-12-29 12:14:06,600 - ERROR - Error in sending simulation request: 400 Client Error: Bad Request for url: https://api.worldquantbrain.com/simulations
2025-12-29 12:14:06,600 - ERROR - Error in sending simulation request. Retrying after 5s...
2025-12-29 12:14:11,853 - ERROR - Error in sending simulation request: 400 Client Error: Bad Request for url: https://api.worldquantbrain.com/simulations
2025-12-29 12:14:11,853 - ERROR - Error in sending simulation request. Retrying after 5s...
2025-12-29 12:14:17,097 - ERROR - Error in sending simulation request: 400 Client Error: Bad Request for url: https://api.worldquantbrain.com/simulations
2025-12-29 12:14:17,097 - ERROR - Error in sending simulation request. Retrying after 5s...
2025-12-29 12:14:22,435 - ERROR - Error in sending simulation request: 400 Client Error: Bad Request for url: https://api.worldquantbrain.com/simulations
2025-12-29 12:14:22,435 - ERROR - Error in sending simulation request. Retrying after 5s...
2025-12-29 12:14:27,687 - ERROR - Error in sending simulation request: 400 Client Error: Bad Request for url: https://api.worldquantbrain.com/simulations
2025-12-29 12:14:27,687 - ERROR - Error in sending simulation request. Retrying after 5s...
2025-12-29 12:14:32,934 - ERROR - Error in sending simulation request: 400 Client Error: Bad Request for url: https://api.worldquantbrain.com/simulations
2025-12-29 12:14:32,934 - ERROR - Error in sending simulation request. Retrying after 5s...
2025-12-29 12:14:38,185 - ERROR - Error in sending simulation request: 400 Client Error: Bad Request for url: https://api.worldquantbrain.com/simulations
2025-12-29 12:14:38,185 - ERROR - Error in sending simulation request. Retrying after 5s...
2025-12-29 12:14:43,439 - ERROR - Error in sending simulation request: 400 Client Error: Bad Request for url: https://api.worldquantbrain.com/simulations
2025-12-29 12:14:43,440 - ERROR - Error in sending simulation request. Retrying after 5s...
2025-12-29 12:14:48,690 - ERROR - Error in sending simulation request: 400 Client Error: Bad Request for url: https://api.worldquantbrain.com/simulations
2025-12-29 12:14:48,690 - ERROR - Error in sending simulation request. Retrying after 5s...
2025-12-29 12:14:53,939 - ERROR - Error in sending simulation request: 400 Client Error: Bad Request for url: https://api.worldquantbrain.com/simulations
2025-12-29 12:14:53,939 - ERROR - Error in sending simulation request. Retrying after 5s...
2025-12-29 12:14:59,186 - ERROR - Error in sending simulation request: 400 Client Error: Bad Request for url: https://api.worldquantbrain.com/simulations
2025-12-29 12:14:59,186 - ERROR - Error in sending simulation request. Retrying after 5s...
2025-12-29 12:15:04,436 - ERROR - Error in sending simulation request: 400 Client Error: Bad Request for url: https://api.worldquantbrain.com/simulations
2025-12-29 12:15:04,437 - ERROR - Error in sending simulation request. Retrying after 5s...
2025-12-29 12:15:09,674 - ERROR - Error in sending simulation request: 400 Client Error: Bad Request for url: https://api.worldquantbrain.com/simulations
2025-12-29 12:15:09,675 - ERROR - Error in sending simulation request. Retrying after 5s...
2025-12-29 12:15:14,923 - ERROR - Error in sending simulation request: 400 Client Error: Bad Request for url: https://api.worldquantbrain.com/simulations
2025-12-29 12:15:14,923 - ERROR - Error in sending simulation request. Retrying after 5s...
2025-12-29 12:15:20,170 - ERROR - Error in sending simulation request: 400 Client Error: Bad Request for url: https://api.worldquantbrain.com/simulations
2025-12-29 12:15:20,171 - ERROR - Error in sending simulation request. Retrying after 5s...
2025-12-29 12:15:25,417 - ERROR - Error in sending simulation request: 400 Client Error: Bad Request for url: https://api.worldquantbrain.com/simulations
2025-12-29 12:15:25,417 - ERROR - Error in sending simulation request. Retrying after 5s...
2025-12-29 12:15:30,660 - ERROR - Error in sending simulation request: 400 Client Error: Bad Request for url: https://api.worldquantbrain.com/simulations
2025-12-29 12:15:30,661 - ERROR - Error in sending simulation request. Retrying after 5s...
2025-12-29 12:15:35,920 - ERROR - Error in sending simulation request: 400 Client Error: Bad Request for url: https://api.worldquantbrain.com/simulations
2025-12-29 12:15:35,920 - ERROR - Error in sending simulation request. Retrying after 5s...
2025-12-29 12:15:41,161 - ERROR - Error in sending simulation request: 400 Client Error: Bad Request for url: https://api.worldquantbrain.com/simulations
2025-12-29 12:15:41,162 - ERROR - Error in sending simulation request. Retrying after 5s...
2025-12-29 12:15:46,872 - ERROR - Error in sending simulation request: 400 Client Error: Bad Request for url: https://api.worldquantbrain.com/simulations
2025-12-29 12:15:46,872 - ERROR - Error in sending simulation request. Retrying after 5s...
2025-12-29 12:15:52,117 - ERROR - Error in sending simulation request: 400 Client Error: Bad Request for url: https://api.worldquantbrain.com/simulations
2025-12-29 12:15:52,119 - ERROR - Error in sending simulation request. Retrying after 5s...
2025-12-29 12:16:03,018 - ERROR - Error in sending simulation request: 400 Client Error: Bad Request for url: https://api.worldquantbrain.com/simulations
2025-12-29 12:16:03,019 - ERROR - Error in sending simulation request. Retrying after 5s...
2025-12-29 12:16:08,272 - ERROR - Error in sending simulation request: 400 Client Error: Bad Request for url: https://api.worldquantbrain.com/simulations
2025-12-29 12:16:08,272 - ERROR - Error in sending simulation request. Retrying after 5s...
2025-12-29 12:16:13,519 - ERROR - Error in sending simulation request: 400 Client Error: Bad Request for url: https://api.worldquantbrain.com/simulations
2025-12-29 12:16:13,519 - ERROR - Error in sending simulation request. Retrying after 5s...
2025-12-29 12:16:18,762 - ERROR - Error in sending simulation request: 400 Client Error: Bad Request for url: https://api.worldquantbrain.com/simulations
2025-12-29 12:16:18,763 - ERROR - Error in sending simulation request. Retrying after 5s...
2025-12-29 12:16:24,015 - ERROR - Error in sending simulation request: 400 Client Error: Bad Request for url: https://api.worldquantbrain.com/simulations
2025-12-29 12:16:24,015 - ERROR - Error in sending simulation request. Retrying after 5s...
2025-12-29 12:16:29,259 - ERROR - Error in sending simulation request: 400 Client Error: Bad Request for url: https://api.worldquantbrain.com/simulations
2025-12-29 12:16:29,261 - ERROR - Error in sending simulation request. Retrying after 5s...
2025-12-29 12:16:34,521 - ERROR - Error in sending simulation request: 400 Client Error: Bad Request for url: https://api.worldquantbrain.com/simulations
2025-12-29 12:16:34,521 - ERROR - Error in sending simulation request. Retrying after 5s...
2025-12-29 12:16:39,771 - ERROR - Error in sending simulation request: 400 Client Error: Bad Request for url: https://api.worldquantbrain.com/simulations
2025-12-29 12:16:39,772 - ERROR - Error in sending simulation request. Retrying after 5s...
2025-12-29 12:16:45,010 - ERROR - Error in sending simulation request: 400 Client Error: Bad Request for url: https://api.worldquantbrain.com/simulations
2025-12-29 12:16:45,010 - ERROR - Error in sending simulation request. Retrying after 5s...
2025-12-29 12:16:50,255 - ERROR - Error in sending simulation request: 400 Client Error: Bad Request for url: https://api.worldquantbrain.com/simulations
2025-12-29 12:16:50,255 - ERROR - Error in sending simulation request. Retrying after 5s...
2025-12-29 12:16:55,505 - ERROR - Error in sending simulation request: 400 Client Error: Bad Request for url: https://api.worldquantbrain.com/simulations
2025-12-29 12:16:55,505 - ERROR - Error in sending simulation request. Retrying after 5s...
2025-12-29 12:17:00,754 - ERROR - Error in sending simulation request: 400 Client Error: Bad Request for url: https://api.worldquantbrain.com/simulations
2025-12-29 12:17:00,755 - ERROR - Error in sending simulation request. Retrying after 5s...
2025-12-29 12:17:06,009 - ERROR - Error in sending simulation request: 400 Client Error: Bad Request for url: https://api.worldquantbrain.com/simulations
2025-12-29 12:17:07,069 - INFO - Login to BRAIN successfully.
2025-12-29 12:17:07,069 - ERROR - Error occurred too many times, skipping this alpha and re-logging in.
2025-12-29 12:17:07,069 - ERROR - Simulation request failed after 36 attempts.
2025-12-29 12:17:10,081 - INFO - No one is in active simulation now
2025-12-29 12:17:10,081 - INFO - Loading new alpha...
2025-12-29 12:17:10,081 - INFO - Starting simulation for alpha: -1 * ts_zscore(current_account, 40) with settings: {'instrumentType': 'EQUITY', 'region': 'IND', 'universe': 'TOP2000', 'delay': 1, 'decay': 5, 'neutralization': 'subindustry', 'truncation': 0.01, 'pasteurization': 'ON', 'unitHandling': 'VERIFY', 'nanHandling': 'ON', 'language': 'FASTEXPR', 'visualization': False}
2025-12-29 12:17:10,317 - ERROR - Error in sending simulation request: 400 Client Error: Bad Request for url: https://api.worldquantbrain.com/simulations
2025-12-29 12:17:10,317 - ERROR - Error in sending simulation request. Retrying after 5s...
2025-12-29 12:17:15,564 - ERROR - Error in sending simulation request: 400 Client Error: Bad Request for url: https://api.worldquantbrain.com/simulations
2025-12-29 12:17:15,564 - ERROR - Error in sending simulation request. Retrying after 5s...
2025-12-29 12:17:20,815 - ERROR - Error in sending simulation request: 400 Client Error: Bad Request for url: https://api.worldquantbrain.com/simulations
2025-12-29 12:17:20,815 - ERROR - Error in sending simulation request. Retrying after 5s...
2025-12-29 12:17:26,065 - ERROR - Error in sending simulation request: 400 Client Error: Bad Request for url: https://api.worldquantbrain.com/simulations
2025-12-29 12:17:26,065 - ERROR - Error in sending simulation request. Retrying after 5s...
2025-12-29 12:17:31,315 - ERROR - Error in sending simulation request: 400 Client Error: Bad Request for url: https://api.worldquantbrain.com/simulations
2025-12-29 12:17:31,316 - ERROR - Error in sending simulation request. Retrying after 5s...
2025-12-29 12:17:36,565 - ERROR - Error in sending simulation request: 400 Client Error: Bad Request for url: https://api.worldquantbrain.com/simulations
2025-12-29 12:17:36,566 - ERROR - Error in sending simulation request. Retrying after 5s...
2025-12-29 12:17:42,096 - ERROR - Error in sending simulation request: 400 Client Error: Bad Request for url: https://api.worldquantbrain.com/simulations
2025-12-29 12:17:42,097 - ERROR - Error in sending simulation request. Retrying after 5s...
2025-12-29 12:17:47,344 - ERROR - Error in sending simulation request: 400 Client Error: Bad Request for url: https://api.worldquantbrain.com/simulations
2025-12-29 12:17:47,344 - ERROR - Error in sending simulation request. Retrying after 5s...
2025-12-29 12:17:52,586 - ERROR - Error in sending simulation request: 400 Client Error: Bad Request for url: https://api.worldquantbrain.com/simulations
2025-12-29 12:17:52,586 - ERROR - Error in sending simulation request. Retrying after 5s...
2025-12-29 12:17:57,827 - ERROR - Error in sending simulation request: 400 Client Error: Bad Request for url: https://api.worldquantbrain.com/simulations
2025-12-29 12:17:57,828 - ERROR - Error in sending simulation request. Retrying after 5s...
2025-12-29 12:18:03,074 - ERROR - Error in sending simulation request: 400 Client Error: Bad Request for url: https://api.worldquantbrain.com/simulations
2025-12-29 12:18:03,074 - ERROR - Error in sending simulation request. Retrying after 5s...
2025-12-29 12:18:08,318 - ERROR - Error in sending simulation request: 400 Client Error: Bad Request for url: https://api.worldquantbrain.com/simulations
2025-12-29 12:18:08,318 - ERROR - Error in sending simulation request. Retrying after 5s...
2025-12-29 12:18:13,556 - ERROR - Error in sending simulation request: 400 Client Error: Bad Request for url: https://api.worldquantbrain.com/simulations
2025-12-29 12:18:13,556 - ERROR - Error in sending simulation request. Retrying after 5s...
2025-12-29 12:18:18,807 - ERROR - Error in sending simulation request: 400 Client Error: Bad Request for url: https://api.worldquantbrain.com/simulations
2025-12-29 12:18:18,807 - ERROR - Error in sending simulation request. Retrying after 5s...
2025-12-29 12:18:24,475 - ERROR - Error in sending simulation request: 400 Client Error: Bad Request for url: https://api.worldquantbrain.com/simulations
2025-12-29 12:18:24,476 - ERROR - Error in sending simulation request. Retrying after 5s...
2025-12-29 12:18:29,721 - ERROR - Error in sending simulation request: 400 Client Error: Bad Request for url: https://api.worldquantbrain.com/simulations
2025-12-29 12:18:29,721 - ERROR - Error in sending simulation request. Retrying after 5s...
2025-12-29 12:18:34,961 - ERROR - Error in sending simulation request: 400 Client Error: Bad Request for url: https://api.worldquantbrain.com/simulations
2025-12-29 12:18:34,962 - ERROR - Error in sending simulation request. Retrying after 5s...
2025-12-29 12:18:40,205 - ERROR - Error in sending simulation request: 400 Client Error: Bad Request for url: https://api.worldquantbrain.com/simulations
2025-12-29 12:18:40,205 - ERROR - Error in sending simulation request. Retrying after 5s...
2025-12-29 12:18:45,446 - ERROR - Error in sending simulation request: 400 Client Error: Bad Request for url: https://api.worldquantbrain.com/simulations
2025-12-29 12:18:45,447 - ERROR - Error in sending simulation request. Retrying after 5s...
2025-12-29 12:18:50,694 - ERROR - Error in sending simulation request: 400 Client Error: Bad Request for url: https://api.worldquantbrain.com/simulations
2025-12-29 12:18:50,694 - ERROR - Error in sending simulation request. Retrying after 5s...
2025-12-29 12:18:55,934 - ERROR - Error in sending simulation request: 400 Client Error: Bad Request for url: https://api.worldquantbrain.com/simulations
2025-12-29 12:18:55,934 - ERROR - Error in sending simulation request. Retrying after 5s...
2025-12-29 12:19:01,180 - ERROR - Error in sending simulation request: 400 Client Error: Bad Request for url: https://api.worldquantbrain.com/simulations
2025-12-29 12:19:01,181 - ERROR - Error in sending simulation request. Retrying after 5s...
2025-12-29 12:19:06,420 - ERROR - Error in sending simulation request: 400 Client Error: Bad Request for url: https://api.worldquantbrain.com/simulations
2025-12-29 12:19:06,420 - ERROR - Error in sending simulation request. Retrying after 5s...
2025-12-29 12:19:11,662 - ERROR - Error in sending simulation request: 400 Client Error: Bad Request for url: https://api.worldquantbrain.com/simulations
2025-12-29 12:19:11,663 - ERROR - Error in sending simulation request. Retrying after 5s...
2025-12-29 12:19:16,913 - ERROR - Error in sending simulation request: 400 Client Error: Bad Request for url: https://api.worldquantbrain.com/simulations
2025-12-29 12:19:16,913 - ERROR - Error in sending simulation request. Retrying after 5s...
2025-12-29 12:19:22,160 - ERROR - Error in sending simulation request: 400 Client Error: Bad Request for url: https://api.worldquantbrain.com/simulations
2025-12-29 12:19:22,160 - ERROR - Error in sending simulation request. Retrying after 5s...
2025-12-29 12:19:29,364 - ERROR - Error in sending simulation request: 400 Client Error: Bad Request for url: https://api.worldquantbrain.com/simulations
2025-12-29 12:19:29,365 - ERROR - Error in sending simulation request. Retrying after 5s...
2025-12-29 12:19:34,614 - ERROR - Error in sending simulation request: 400 Client Error: Bad Request for url: https://api.worldquantbrain.com/simulations
2025-12-29 12:19:34,614 - ERROR - Error in sending simulation request. Retrying after 5s...
2025-12-29 12:19:39,855 - ERROR - Error in sending simulation request: 400 Client Error: Bad Request for url: https://api.worldquantbrain.com/simulations
2025-12-29 12:19:39,856 - ERROR - Error in sending simulation request. Retrying after 5s...
2025-12-29 12:19:45,102 - ERROR - Error in sending simulation request: 400 Client Error: Bad Request for url: https://api.worldquantbrain.com/simulations
2025-12-29 12:19:45,103 - ERROR - Error in sending simulation request. Retrying after 5s...
2025-12-29 12:19:50,345 - ERROR - Error in sending simulation request: 400 Client Error: Bad Request for url: https://api.worldquantbrain.com/simulations
2025-12-29 12:19:50,345 - ERROR - Error in sending simulation request. Retrying after 5s...
2025-12-29 12:19:55,585 - ERROR - Error in sending simulation request: 400 Client Error: Bad Request for url: https://api.worldquantbrain.com/simulations
2025-12-29 12:19:55,585 - ERROR - Error in sending simulation request. Retrying after 5s...
2025-12-29 12:20:00,823 - ERROR - Error in sending simulation request: 400 Client Error: Bad Request for url: https://api.worldquantbrain.com/simulations
2025-12-29 12:20:00,824 - ERROR - Error in sending simulation request. Retrying after 5s...
2025-12-29 12:20:06,063 - ERROR - Error in sending simulation request: 400 Client Error: Bad Request for url: https://api.worldquantbrain.com/simulations
2025-12-29 12:20:06,063 - ERROR - Error in sending simulation request. Retrying after 5s...
2025-12-29 12:20:11,307 - ERROR - Error in sending simulation request: 400 Client Error: Bad Request for url: https://api.worldquantbrain.com/simulations
2025-12-29 12:20:11,308 - ERROR - Error in sending simulation request. Retrying after 5s...
2025-12-29 12:20:16,554 - ERROR - Error in sending simulation request: 400 Client Error: Bad Request for url: https://api.worldquantbrain.com/simulations
2025-12-29 12:20:16,554 - ERROR - Error in sending simulation request. Retrying after 5s...
2025-12-29 12:20:21,789 - ERROR - Error in sending simulation request: 400 Client Error: Bad Request for url: https://api.worldquantbrain.com/simulations
2025-12-29 12:20:25,798 - INFO - Login to BRAIN successfully.
2025-12-29 12:20:25,799 - ERROR - Error occurred too many times, skipping this alpha and re-logging in.
2025-12-29 12:20:25,799 - ERROR - Simulation request failed after 36 attempts.
2025-12-29 12:20:28,807 - INFO - No one is in active simulation now
2025-12-29 12:20:28,807 - INFO - Loading new alpha...
2025-12-29 12:20:28,807 - INFO - Starting simulation for alpha: group_neutralize(model43 / current_gdp, sector) with settings: {'instrumentType': 'EQUITY', 'region': 'IND', 'universe': 'TOP2000', 'delay': 1, 'decay': 4, 'neutralization': 'market', 'truncation': 0.01, 'pasteurization': 'ON', 'unitHandling': 'VERIFY', 'nanHandling': 'ON', 'language': 'FASTEXPR', 'visualization': False}
2025-12-29 12:20:29,055 - ERROR - Error in sending simulation request: 400 Client Error: Bad Request for url: https://api.worldquantbrain.com/simulations
2025-12-29 12:20:29,055 - ERROR - Error in sending simulation request. Retrying after 5s...
2025-12-29 12:20:34,307 - ERROR - Error in sending simulation request: 400 Client Error: Bad Request for url: https://api.worldquantbrain.com/simulations
2025-12-29 12:20:34,308 - ERROR - Error in sending simulation request. Retrying after 5s...
2025-12-29 12:20:39,556 - ERROR - Error in sending simulation request: 400 Client Error: Bad Request for url: https://api.worldquantbrain.com/simulations
2025-12-29 12:20:39,557 - ERROR - Error in sending simulation request. Retrying after 5s...
2025-12-29 12:20:44,814 - ERROR - Error in sending simulation request: 400 Client Error: Bad Request for url: https://api.worldquantbrain.com/simulations
2025-12-29 12:20:44,814 - ERROR - Error in sending simulation request. Retrying after 5s...
2025-12-29 12:20:50,069 - ERROR - Error in sending simulation request: 400 Client Error: Bad Request for url: https://api.worldquantbrain.com/simulations
2025-12-29 12:20:50,069 - ERROR - Error in sending simulation request. Retrying after 5s...
2025-12-29 12:20:55,328 - ERROR - Error in sending simulation request: 400 Client Error: Bad Request for url: https://api.worldquantbrain.com/simulations
2025-12-29 12:20:55,328 - ERROR - Error in sending simulation request. Retrying after 5s...
2025-12-29 12:21:00,583 - ERROR - Error in sending simulation request: 400 Client Error: Bad Request for url: https://api.worldquantbrain.com/simulations
2025-12-29 12:21:00,583 - ERROR - Error in sending simulation request. Retrying after 5s...
2025-12-29 12:21:06,299 - ERROR - Error in sending simulation request: 400 Client Error: Bad Request for url: https://api.worldquantbrain.com/simulations
2025-12-29 12:21:06,299 - ERROR - Error in sending simulation request. Retrying after 5s...
2025-12-29 12:21:12,040 - ERROR - Error in sending simulation request: 400 Client Error: Bad Request for url: https://api.worldquantbrain.com/simulations
2025-12-29 12:21:12,041 - ERROR - Error in sending simulation request. Retrying after 5s...
2025-12-29 12:21:17,305 - ERROR - Error in sending simulation request: 400 Client Error: Bad Request for url: https://api.worldquantbrain.com/simulations
2025-12-29 12:21:17,305 - ERROR - Error in sending simulation request. Retrying after 5s...
2025-12-29 12:21:22,546 - ERROR - Error in sending simulation request: 400 Client Error: Bad Request for url: https://api.worldquantbrain.com/simulations
2025-12-29 12:21:22,546 - ERROR - Error in sending simulation request. Retrying after 5s...
2025-12-29 12:21:27,797 - ERROR - Error in sending simulation request: 400 Client Error: Bad Request for url: https://api.worldquantbrain.com/simulations
2025-12-29 12:21:27,797 - ERROR - Error in sending simulation request. Retrying after 5s...
2025-12-29 12:21:33,066 - ERROR - Error in sending simulation request: 400 Client Error: Bad Request for url: https://api.worldquantbrain.com/simulations
2025-12-29 12:21:33,067 - ERROR - Error in sending simulation request. Retrying after 5s...
2025-12-29 12:21:38,314 - ERROR - Error in sending simulation request: 400 Client Error: Bad Request for url: https://api.worldquantbrain.com/simulations
2025-12-29 12:21:38,314 - ERROR - Error in sending simulation request. Retrying after 5s...
2025-12-29 12:21:43,572 - ERROR - Error in sending simulation request: 400 Client Error: Bad Request for url: https://api.worldquantbrain.com/simulations
2025-12-29 12:21:43,573 - ERROR - Error in sending simulation request. Retrying after 5s...
2025-12-29 12:21:48,825 - ERROR - Error in sending simulation request: 400 Client Error: Bad Request for url: https://api.worldquantbrain.com/simulations
2025-12-29 12:21:48,825 - ERROR - Error in sending simulation request. Retrying after 5s...
2025-12-29 12:21:54,616 - ERROR - Error in sending simulation request: 400 Client Error: Bad Request for url: https://api.worldquantbrain.com/simulations
2025-12-29 12:21:54,616 - ERROR - Error in sending simulation request. Retrying after 5s...
2025-12-29 12:21:59,923 - ERROR - Error in sending simulation request: 400 Client Error: Bad Request for url: https://api.worldquantbrain.com/simulations
2025-12-29 12:21:59,923 - ERROR - Error in sending simulation request. Retrying after 5s...
2025-12-29 12:22:05,173 - ERROR - Error in sending simulation request: 400 Client Error: Bad Request for url: https://api.worldquantbrain.com/simulations
2025-12-29 12:22:05,173 - ERROR - Error in sending simulation request. Retrying after 5s...
2025-12-29 12:22:10,413 - ERROR - Error in sending simulation request: 400 Client Error: Bad Request for url: https://api.worldquantbrain.com/simulations
2025-12-29 12:22:10,413 - ERROR - Error in sending simulation request. Retrying after 5s...
2025-12-29 12:22:15,658 - ERROR - Error in sending simulation request: 400 Client Error: Bad Request for url: https://api.worldquantbrain.com/simulations
2025-12-29 12:22:15,659 - ERROR - Error in sending simulation request. Retrying after 5s...
2025-12-29 12:22:20,914 - ERROR - Error in sending simulation request: 400 Client Error: Bad Request for url: https://api.worldquantbrain.com/simulations
2025-12-29 12:22:20,914 - ERROR - Error in sending simulation request. Retrying after 5s...
2025-12-29 12:22:26,166 - ERROR - Error in sending simulation request: 400 Client Error: Bad Request for url: https://api.worldquantbrain.com/simulations
2025-12-29 12:22:26,167 - ERROR - Error in sending simulation request. Retrying after 5s...
2025-12-29 12:22:31,420 - ERROR - Error in sending simulation request: 400 Client Error: Bad Request for url: https://api.worldquantbrain.com/simulations
2025-12-29 12:22:31,420 - ERROR - Error in sending simulation request. Retrying after 5s...
2025-12-29 12:22:36,665 - ERROR - Error in sending simulation request: 400 Client Error: Bad Request for url: https://api.worldquantbrain.com/simulations
2025-12-29 12:22:36,666 - ERROR - Error in sending simulation request. Retrying after 5s...
2025-12-29 12:22:41,922 - ERROR - Error in sending simulation request: 400 Client Error: Bad Request for url: https://api.worldquantbrain.com/simulations
2025-12-29 12:22:41,923 - ERROR - Error in sending simulation request. Retrying after 5s...
2025-12-29 12:22:47,611 - ERROR - Error in sending simulation request: 400 Client Error: Bad Request for url: https://api.worldquantbrain.com/simulations
2025-12-29 12:22:47,611 - ERROR - Error in sending simulation request. Retrying after 5s...
2025-12-29 12:22:52,855 - ERROR - Error in sending simulation request: 400 Client Error: Bad Request for url: https://api.worldquantbrain.com/simulations
2025-12-29 12:22:52,855 - ERROR - Error in sending simulation request. Retrying after 5s...
2025-12-29 12:22:58,125 - ERROR - Error in sending simulation request: 400 Client Error: Bad Request for url: https://api.worldquantbrain.com/simulations
2025-12-29 12:22:58,125 - ERROR - Error in sending simulation request. Retrying after 5s...
2025-12-29 12:23:03,380 - ERROR - Error in sending simulation request: 400 Client Error: Bad Request for url: https://api.worldquantbrain.com/simulations
2025-12-29 12:23:03,380 - ERROR - Error in sending simulation request. Retrying after 5s...
2025-12-29 12:23:08,639 - ERROR - Error in sending simulation request: 400 Client Error: Bad Request for url: https://api.worldquantbrain.com/simulations
2025-12-29 12:23:08,639 - ERROR - Error in sending simulation request. Retrying after 5s...
2025-12-29 12:23:13,885 - ERROR - Error in sending simulation request: 400 Client Error: Bad Request for url: https://api.worldquantbrain.com/simulations
2025-12-29 12:23:13,886 - ERROR - Error in sending simulation request. Retrying after 5s...
2025-12-29 12:23:19,133 - ERROR - Error in sending simulation request: 400 Client Error: Bad Request for url: https://api.worldquantbrain.com/simulations
2025-12-29 12:23:19,133 - ERROR - Error in sending simulation request. Retrying after 5s...
2025-12-29 12:23:24,395 - ERROR - Error in sending simulation request: 400 Client Error: Bad Request for url: https://api.worldquantbrain.com/simulations
2025-12-29 12:23:24,395 - ERROR - Error in sending simulation request. Retrying after 5s...
2025-12-29 12:23:29,652 - ERROR - Error in sending simulation request: 400 Client Error: Bad Request for url: https://api.worldquantbrain.com/simulations
2025-12-29 12:23:29,652 - ERROR - Error in sending simulation request. Retrying after 5s...
2025-12-29 12:23:34,899 - ERROR - Error in sending simulation request: 400 Client Error: Bad Request for url: https://api.worldquantbrain.com/simulations
2025-12-29 12:23:34,899 - ERROR - Error in sending simulation request. Retrying after 5s...
2025-12-29 12:23:40,149 - ERROR - Error in sending simulation request: 400 Client Error: Bad Request for url: https://api.worldquantbrain.com/simulations
2025-12-29 12:23:41,098 - INFO - Login to BRAIN successfully.
2025-12-29 12:23:41,098 - ERROR - Error occurred too many times, skipping this alpha and re-logging in.
2025-12-29 12:23:41,098 - ERROR - Simulation request failed after 36 attempts.
2025-12-29 12:23:44,102 - INFO - No one is in active simulation now
2025-12-29 12:23:44,102 - INFO - Loading new alpha...
2025-12-29 12:23:44,102 - INFO - Starting simulation for alpha: ts_rank(ts_delta(government_debt, 1), 40) with settings: {'instrumentType': 'EQUITY', 'region': 'IND', 'universe': 'TOP2000', 'delay': 1, 'decay': 4, 'neutralization': 'sector', 'truncation': 0.01, 'pasteurization': 'ON', 'unitHandling': 'VERIFY', 'nanHandling': 'ON', 'language': 'FASTEXPR', 'visualization': False}
2025-12-29 12:23:44,343 - ERROR - Error in sending simulation request: 400 Client Error: Bad Request for url: https://api.worldquantbrain.com/simulations
2025-12-29 12:23:44,343 - ERROR - Error in sending simulation request. Retrying after 5s...
2025-12-29 12:23:49,597 - ERROR - Error in sending simulation request: 400 Client Error: Bad Request for url: https://api.worldquantbrain.com/simulations
2025-12-29 12:23:49,597 - ERROR - Error in sending simulation request. Retrying after 5s...
2025-12-29 12:23:54,842 - ERROR - Error in sending simulation request: 400 Client Error: Bad Request for url: https://api.worldquantbrain.com/simulations
2025-12-29 12:23:54,842 - ERROR - Error in sending simulation request. Retrying after 5s...
2025-12-29 12:24:00,094 - ERROR - Error in sending simulation request: 400 Client Error: Bad Request for url: https://api.worldquantbrain.com/simulations
2025-12-29 12:24:00,094 - ERROR - Error in sending simulation request. Retrying after 5s...
2025-12-29 12:24:05,342 - ERROR - Error in sending simulation request: 400 Client Error: Bad Request for url: https://api.worldquantbrain.com/simulations
2025-12-29 12:24:05,342 - ERROR - Error in sending simulation request. Retrying after 5s...
2025-12-29 12:24:10,594 - ERROR - Error in sending simulation request: 400 Client Error: Bad Request for url: https://api.worldquantbrain.com/simulations
2025-12-29 12:24:10,595 - ERROR - Error in sending simulation request. Retrying after 5s...
2025-12-29 12:24:15,838 - ERROR - Error in sending simulation request: 400 Client Error: Bad Request for url: https://api.worldquantbrain.com/simulations
2025-12-29 12:24:15,838 - ERROR - Error in sending simulation request. Retrying after 5s...
2025-12-29 12:24:21,095 - ERROR - Error in sending simulation request: 400 Client Error: Bad Request for url: https://api.worldquantbrain.com/simulations
2025-12-29 12:24:21,096 - ERROR - Error in sending simulation request. Retrying after 5s...
2025-12-29 12:24:26,344 - ERROR - Error in sending simulation request: 400 Client Error: Bad Request for url: https://api.worldquantbrain.com/simulations
2025-12-29 12:24:26,344 - ERROR - Error in sending simulation request. Retrying after 5s...
2025-12-29 12:24:31,588 - ERROR - Error in sending simulation request: 400 Client Error: Bad Request for url: https://api.worldquantbrain.com/simulations
2025-12-29 12:24:31,588 - ERROR - Error in sending simulation request. Retrying after 5s...
2025-12-29 12:24:36,840 - ERROR - Error in sending simulation request: 400 Client Error: Bad Request for url: https://api.worldquantbrain.com/simulations
2025-12-29 12:24:36,840 - ERROR - Error in sending simulation request. Retrying after 5s...
2025-12-29 12:24:42,083 - ERROR - Error in sending simulation request: 400 Client Error: Bad Request for url: https://api.worldquantbrain.com/simulations
2025-12-29 12:24:42,083 - ERROR - Error in sending simulation request. Retrying after 5s...
2025-12-29 12:24:47,421 - ERROR - Error in sending simulation request: 400 Client Error: Bad Request for url: https://api.worldquantbrain.com/simulations
2025-12-29 12:24:47,421 - ERROR - Error in sending simulation request. Retrying after 5s...
2025-12-29 12:24:52,678 - ERROR - Error in sending simulation request: 400 Client Error: Bad Request for url: https://api.worldquantbrain.com/simulations
2025-12-29 12:24:52,679 - ERROR - Error in sending simulation request. Retrying after 5s...
2025-12-29 12:24:57,928 - ERROR - Error in sending simulation request: 400 Client Error: Bad Request for url: https://api.worldquantbrain.com/simulations
2025-12-29 12:24:57,928 - ERROR - Error in sending simulation request. Retrying after 5s...
2025-12-29 12:25:03,176 - ERROR - Error in sending simulation request: 400 Client Error: Bad Request for url: https://api.worldquantbrain.com/simulations
2025-12-29 12:25:03,176 - ERROR - Error in sending simulation request. Retrying after 5s...
2025-12-29 12:25:08,429 - ERROR - Error in sending simulation request: 400 Client Error: Bad Request for url: https://api.worldquantbrain.com/simulations
2025-12-29 12:25:08,430 - ERROR - Error in sending simulation request. Retrying after 5s...
2025-12-29 12:25:13,670 - ERROR - Error in sending simulation request: 400 Client Error: Bad Request for url: https://api.worldquantbrain.com/simulations
2025-12-29 12:25:13,670 - ERROR - Error in sending simulation request. Retrying after 5s...
2025-12-29 12:25:18,916 - ERROR - Error in sending simulation request: 400 Client Error: Bad Request for url: https://api.worldquantbrain.com/simulations
2025-12-29 12:25:18,917 - ERROR - Error in sending simulation request. Retrying after 5s...
2025-12-29 12:25:24,157 - ERROR - Error in sending simulation request: 400 Client Error: Bad Request for url: https://api.worldquantbrain.com/simulations
2025-12-29 12:25:24,157 - ERROR - Error in sending simulation request. Retrying after 5s...
2025-12-29 12:25:29,401 - ERROR - Error in sending simulation request: 400 Client Error: Bad Request for url: https://api.worldquantbrain.com/simulations
2025-12-29 12:25:29,402 - ERROR - Error in sending simulation request. Retrying after 5s...
2025-12-29 12:25:34,642 - ERROR - Error in sending simulation request: 400 Client Error: Bad Request for url: https://api.worldquantbrain.com/simulations
2025-12-29 12:25:34,642 - ERROR - Error in sending simulation request. Retrying after 5s...
2025-12-29 12:25:39,883 - ERROR - Error in sending simulation request: 400 Client Error: Bad Request for url: https://api.worldquantbrain.com/simulations
2025-12-29 12:25:39,883 - ERROR - Error in sending simulation request. Retrying after 5s...
2025-12-29 12:25:45,123 - ERROR - Error in sending simulation request: 400 Client Error: Bad Request for url: https://api.worldquantbrain.com/simulations
2025-12-29 12:25:45,123 - ERROR - Error in sending simulation request. Retrying after 5s...
2025-12-29 12:25:50,375 - ERROR - Error in sending simulation request: 400 Client Error: Bad Request for url: https://api.worldquantbrain.com/simulations
2025-12-29 12:25:50,376 - ERROR - Error in sending simulation request. Retrying after 5s...
2025-12-29 12:25:55,638 - ERROR - Error in sending simulation request: 400 Client Error: Bad Request for url: https://api.worldquantbrain.com/simulations
2025-12-29 12:25:55,638 - ERROR - Error in sending simulation request. Retrying after 5s...
2025-12-29 12:26:00,877 - ERROR - Error in sending simulation request: 400 Client Error: Bad Request for url: https://api.worldquantbrain.com/simulations
2025-12-29 12:26:00,877 - ERROR - Error in sending simulation request. Retrying after 5s...
2025-12-29 12:26:06,116 - ERROR - Error in sending simulation request: 400 Client Error: Bad Request for url: https://api.worldquantbrain.com/simulations
2025-12-29 12:26:06,116 - ERROR - Error in sending simulation request. Retrying after 5s...
2025-12-29 12:26:11,357 - ERROR - Error in sending simulation request: 400 Client Error: Bad Request for url: https://api.worldquantbrain.com/simulations
2025-12-29 12:26:11,357 - ERROR - Error in sending simulation request. Retrying after 5s...
2025-12-29 12:26:16,601 - ERROR - Error in sending simulation request: 400 Client Error: Bad Request for url: https://api.worldquantbrain.com/simulations
2025-12-29 12:26:16,601 - ERROR - Error in sending simulation request. Retrying after 5s...
2025-12-29 12:26:21,844 - ERROR - Error in sending simulation request: 400 Client Error: Bad Request for url: https://api.worldquantbrain.com/simulations
2025-12-29 12:26:21,845 - ERROR - Error in sending simulation request. Retrying after 5s...
2025-12-29 12:26:27,088 - ERROR - Error in sending simulation request: 400 Client Error: Bad Request for url: https://api.worldquantbrain.com/simulations
2025-12-29 12:26:27,088 - ERROR - Error in sending simulation request. Retrying after 5s...
2025-12-29 12:26:32,333 - ERROR - Error in sending simulation request: 400 Client Error: Bad Request for url: https://api.worldquantbrain.com/simulations
2025-12-29 12:26:32,334 - ERROR - Error in sending simulation request. Retrying after 5s...
2025-12-29 12:26:38,014 - ERROR - Error in sending simulation request: 400 Client Error: Bad Request for url: https://api.worldquantbrain.com/simulations
2025-12-29 12:26:38,015 - ERROR - Error in sending simulation request. Retrying after 5s...
2025-12-29 12:26:43,265 - ERROR - Error in sending simulation request: 400 Client Error: Bad Request for url: https://api.worldquantbrain.com/simulations
2025-12-29 12:26:43,265 - ERROR - Error in sending simulation request. Retrying after 5s...
2025-12-29 12:26:48,517 - ERROR - Error in sending simulation request: 400 Client Error: Bad Request for url: https://api.worldquantbrain.com/simulations
2025-12-29 12:26:48,517 - ERROR - Error in sending simulation request. Retrying after 5s...
2025-12-29 12:26:53,770 - ERROR - Error in sending simulation request: 400 Client Error: Bad Request for url: https://api.worldquantbrain.com/simulations
2025-12-29 12:26:54,759 - INFO - Login to BRAIN successfully.
2025-12-29 12:26:54,759 - ERROR - Error occurred too many times, skipping this alpha and re-logging in.
2025-12-29 12:26:54,759 - ERROR - Simulation request failed after 36 attempts.
2025-12-29 12:26:57,768 - INFO - No one is in active simulation now
2025-12-29 12:26:57,768 - INFO - Loading new alpha...
2025-12-29 12:26:57,768 - INFO - Starting simulation for alpha: ts_mean(consumer_confidence, 60) with settings: {'instrumentType': 'EQUITY', 'region': 'IND', 'universe': 'TOP2000', 'delay': 1, 'decay': 6, 'neutralization': 'subindustry', 'truncation': 0.01, 'pasteurization': 'ON', 'unitHandling': 'VERIFY', 'nanHandling': 'ON', 'language': 'FASTEXPR', 'visualization': False}
2025-12-29 12:26:58,013 - ERROR - Error in sending simulation request: 400 Client Error: Bad Request for url: https://api.worldquantbrain.com/simulations
2025-12-29 12:26:58,013 - ERROR - Error in sending simulation request. Retrying after 5s...
2025-12-29 12:27:03,278 - ERROR - Error in sending simulation request: 400 Client Error: Bad Request for url: https://api.worldquantbrain.com/simulations
2025-12-29 12:27:03,278 - ERROR - Error in sending simulation request. Retrying after 5s...
2025-12-29 12:27:08,532 - ERROR - Error in sending simulation request: 400 Client Error: Bad Request for url: https://api.worldquantbrain.com/simulations
2025-12-29 12:27:08,533 - ERROR - Error in sending simulation request. Retrying after 5s...
2025-12-29 12:27:13,782 - ERROR - Error in sending simulation request: 400 Client Error: Bad Request for url: https://api.worldquantbrain.com/simulations
2025-12-29 12:27:13,782 - ERROR - Error in sending simulation request. Retrying after 5s...
2025-12-29 12:27:19,043 - ERROR - Error in sending simulation request: 400 Client Error: Bad Request for url: https://api.worldquantbrain.com/simulations
2025-12-29 12:27:19,044 - ERROR - Error in sending simulation request. Retrying after 5s...
2025-12-29 12:27:24,298 - ERROR - Error in sending simulation request: 400 Client Error: Bad Request for url: https://api.worldquantbrain.com/simulations
2025-12-29 12:27:24,298 - ERROR - Error in sending simulation request. Retrying after 5s...
2025-12-29 12:27:29,566 - ERROR - Error in sending simulation request: 400 Client Error: Bad Request for url: https://api.worldquantbrain.com/simulations
2025-12-29 12:27:29,567 - ERROR - Error in sending simulation request. Retrying after 5s...
2025-12-29 12:27:34,827 - ERROR - Error in sending simulation request: 400 Client Error: Bad Request for url: https://api.worldquantbrain.com/simulations
2025-12-29 12:27:34,827 - ERROR - Error in sending simulation request. Retrying after 5s...
2025-12-29 12:27:40,083 - ERROR - Error in sending simulation request: 400 Client Error: Bad Request for url: https://api.worldquantbrain.com/simulations
2025-12-29 12:27:40,083 - ERROR - Error in sending simulation request. Retrying after 5s...
2025-12-29 12:27:45,343 - ERROR - Error in sending simulation request: 400 Client Error: Bad Request for url: https://api.worldquantbrain.com/simulations
2025-12-29 12:27:45,343 - ERROR - Error in sending simulation request. Retrying after 5s...
2025-12-29 12:27:50,600 - ERROR - Error in sending simulation request: 400 Client Error: Bad Request for url: https://api.worldquantbrain.com/simulations
2025-12-29 12:27:50,600 - ERROR - Error in sending simulation request. Retrying after 5s...
2025-12-29 12:27:55,855 - ERROR - Error in sending simulation request: 400 Client Error: Bad Request for url: https://api.worldquantbrain.com/simulations
2025-12-29 12:27:55,855 - ERROR - Error in sending simulation request. Retrying after 5s...
2025-12-29 12:28:01,115 - ERROR - Error in sending simulation request: 400 Client Error: Bad Request for url: https://api.worldquantbrain.com/simulations
2025-12-29 12:28:01,116 - ERROR - Error in sending simulation request. Retrying after 5s...
2025-12-29 12:28:06,370 - ERROR - Error in sending simulation request: 400 Client Error: Bad Request for url: https://api.worldquantbrain.com/simulations
2025-12-29 12:28:06,370 - ERROR - Error in sending simulation request. Retrying after 5s...
2025-12-29 12:28:11,630 - ERROR - Error in sending simulation request: 400 Client Error: Bad Request for url: https://api.worldquantbrain.com/simulations
2025-12-29 12:28:11,631 - ERROR - Error in sending simulation request. Retrying after 5s...
2025-12-29 12:28:16,887 - ERROR - Error in sending simulation request: 400 Client Error: Bad Request for url: https://api.worldquantbrain.com/simulations
2025-12-29 12:28:16,888 - ERROR - Error in sending simulation request. Retrying after 5s...
2025-12-29 12:28:22,148 - ERROR - Error in sending simulation request: 400 Client Error: Bad Request for url: https://api.worldquantbrain.com/simulations
2025-12-29 12:28:22,148 - ERROR - Error in sending simulation request. Retrying after 5s...
2025-12-29 12:28:27,901 - ERROR - Error in sending simulation request: 400 Client Error: Bad Request for url: https://api.worldquantbrain.com/simulations
2025-12-29 12:28:27,901 - ERROR - Error in sending simulation request. Retrying after 5s...
2025-12-29 12:28:33,152 - ERROR - Error in sending simulation request: 400 Client Error: Bad Request for url: https://api.worldquantbrain.com/simulations
2025-12-29 12:28:33,152 - ERROR - Error in sending simulation request. Retrying after 5s...
2025-12-29 12:28:38,427 - ERROR - Error in sending simulation request: 400 Client Error: Bad Request for url: https://api.worldquantbrain.com/simulations
2025-12-29 12:28:38,427 - ERROR - Error in sending simulation request. Retrying after 5s...
2025-12-29 12:28:43,724 - ERROR - Error in sending simulation request: 400 Client Error: Bad Request for url: https://api.worldquantbrain.com/simulations
2025-12-29 12:28:43,725 - ERROR - Error in sending simulation request. Retrying after 5s...
2025-12-29 12:28:48,981 - ERROR - Error in sending simulation request: 400 Client Error: Bad Request for url: https://api.worldquantbrain.com/simulations
2025-12-29 12:28:48,982 - ERROR - Error in sending simulation request. Retrying after 5s...
2025-12-29 12:28:58,780 - ERROR - Error in sending simulation request: 400 Client Error: Bad Request for url: https://api.worldquantbrain.com/simulations
2025-12-29 12:28:58,780 - ERROR - Error in sending simulation request. Retrying after 5s...
2025-12-29 12:29:04,116 - ERROR - Error in sending simulation request: 400 Client Error: Bad Request for url: https://api.worldquantbrain.com/simulations
2025-12-29 12:29:04,116 - ERROR - Error in sending simulation request. Retrying after 5s...
2025-12-29 12:29:09,361 - ERROR - Error in sending simulation request: 400 Client Error: Bad Request for url: https://api.worldquantbrain.com/simulations
2025-12-29 12:29:09,362 - ERROR - Error in sending simulation request. Retrying after 5s...
2025-12-29 12:29:14,620 - ERROR - Error in sending simulation request: 400 Client Error: Bad Request for url: https://api.worldquantbrain.com/simulations
2025-12-29 12:29:14,620 - ERROR - Error in sending simulation request. Retrying after 5s...
2025-12-29 12:29:19,885 - ERROR - Error in sending simulation request: 400 Client Error: Bad Request for url: https://api.worldquantbrain.com/simulations
2025-12-29 12:29:19,885 - ERROR - Error in sending simulation request. Retrying after 5s...
2025-12-29 12:29:25,599 - ERROR - Error in sending simulation request: 400 Client Error: Bad Request for url: https://api.worldquantbrain.com/simulations
2025-12-29 12:29:25,599 - ERROR - Error in sending simulation request. Retrying after 5s...
2025-12-29 12:29:30,859 - ERROR - Error in sending simulation request: 400 Client Error: Bad Request for url: https://api.worldquantbrain.com/simulations
2025-12-29 12:29:30,860 - ERROR - Error in sending simulation request. Retrying after 5s...
2025-12-29 12:29:36,120 - ERROR - Error in sending simulation request: 400 Client Error: Bad Request for url: https://api.worldquantbrain.com/simulations
2025-12-29 12:29:36,121 - ERROR - Error in sending simulation request. Retrying after 5s...
2025-12-29 12:29:41,380 - ERROR - Error in sending simulation request: 400 Client Error: Bad Request for url: https://api.worldquantbrain.com/simulations
2025-12-29 12:29:41,380 - ERROR - Error in sending simulation request. Retrying after 5s...
2025-12-29 12:29:46,625 - ERROR - Error in sending simulation request: 400 Client Error: Bad Request for url: https://api.worldquantbrain.com/simulations
2025-12-29 12:29:46,625 - ERROR - Error in sending simulation request. Retrying after 5s...
2025-12-29 12:29:51,887 - ERROR - Error in sending simulation request: 400 Client Error: Bad Request for url: https://api.worldquantbrain.com/simulations
2025-12-29 12:29:51,887 - ERROR - Error in sending simulation request. Retrying after 5s...
2025-12-29 12:29:57,145 - ERROR - Error in sending simulation request: 400 Client Error: Bad Request for url: https://api.worldquantbrain.com/simulations
2025-12-29 12:29:57,145 - ERROR - Error in sending simulation request. Retrying after 5s...
2025-12-29 12:30:02,404 - ERROR - Error in sending simulation request: 400 Client Error: Bad Request for url: https://api.worldquantbrain.com/simulations
2025-12-29 12:30:02,405 - ERROR - Error in sending simulation request. Retrying after 5s...
2025-12-29 12:30:07,661 - ERROR - Error in sending simulation request: 400 Client Error: Bad Request for url: https://api.worldquantbrain.com/simulations
2025-12-29 12:30:07,661 - ERROR - Error in sending simulation request. Retrying after 5s...
2025-12-29 12:30:12,916 - ERROR - Error in sending simulation request: 400 Client Error: Bad Request for url: https://api.worldquantbrain.com/simulations
2025-12-29 12:30:13,881 - INFO - Login to BRAIN successfully.
2025-12-29 12:30:13,881 - ERROR - Error occurred too many times, skipping this alpha and re-logging in.
2025-12-29 12:30:13,881 - ERROR - Simulation request failed after 36 attempts.
2025-12-29 12:30:16,885 - INFO - No one is in active simulation now
2025-12-29 12:30:16,885 - INFO - Loading new alpha...
2025-12-29 12:30:16,885 - INFO - Starting simulation for alpha: ts_zscore(model9, 60) with settings: {'instrumentType': 'EQUITY', 'region': 'IND', 'universe': 'TOP2000', 'delay': 1, 'decay': 6, 'neutralization': 'subindustry', 'truncation': 0.01, 'pasteurization': 'ON', 'unitHandling': 'VERIFY', 'nanHandling': 'ON', 'language': 'FASTEXPR', 'visualization': False}
2025-12-29 12:30:17,134 - ERROR - Error in sending simulation request: 400 Client Error: Bad Request for url: https://api.worldquantbrain.com/simulations
2025-12-29 12:30:17,134 - ERROR - Error in sending simulation request. Retrying after 5s...
2025-12-29 12:30:23,102 - ERROR - Error in sending simulation request: 400 Client Error: Bad Request for url: https://api.worldquantbrain.com/simulations
2025-12-29 12:30:23,102 - ERROR - Error in sending simulation request. Retrying after 5s...
2025-12-29 12:30:28,359 - ERROR - Error in sending simulation request: 400 Client Error: Bad Request for url: https://api.worldquantbrain.com/simulations
2025-12-29 12:30:28,359 - ERROR - Error in sending simulation request. Retrying after 5s...
2025-12-29 12:30:33,608 - ERROR - Error in sending simulation request: 400 Client Error: Bad Request for url: https://api.worldquantbrain.com/simulations
2025-12-29 12:30:33,608 - ERROR - Error in sending simulation request. Retrying after 5s...
2025-12-29 12:30:38,859 - ERROR - Error in sending simulation request: 400 Client Error: Bad Request for url: https://api.worldquantbrain.com/simulations
2025-12-29 12:30:38,859 - ERROR - Error in sending simulation request. Retrying after 5s...
2025-12-29 12:30:44,104 - ERROR - Error in sending simulation request: 400 Client Error: Bad Request for url: https://api.worldquantbrain.com/simulations
2025-12-29 12:30:44,104 - ERROR - Error in sending simulation request. Retrying after 5s...
2025-12-29 12:30:49,361 - ERROR - Error in sending simulation request: 400 Client Error: Bad Request for url: https://api.worldquantbrain.com/simulations
2025-12-29 12:30:49,362 - ERROR - Error in sending simulation request. Retrying after 5s...
2025-12-29 12:30:54,640 - ERROR - Error in sending simulation request: 400 Client Error: Bad Request for url: https://api.worldquantbrain.com/simulations
2025-12-29 12:30:54,642 - ERROR - Error in sending simulation request. Retrying after 5s...
2025-12-29 12:31:00,351 - ERROR - Error in sending simulation request: 400 Client Error: Bad Request for url: https://api.worldquantbrain.com/simulations
2025-12-29 12:31:00,351 - ERROR - Error in sending simulation request. Retrying after 5s...
2025-12-29 12:31:05,596 - ERROR - Error in sending simulation request: 400 Client Error: Bad Request for url: https://api.worldquantbrain.com/simulations
2025-12-29 12:31:05,598 - ERROR - Error in sending simulation request. Retrying after 5s...
2025-12-29 12:31:10,850 - ERROR - Error in sending simulation request: 400 Client Error: Bad Request for url: https://api.worldquantbrain.com/simulations
2025-12-29 12:31:10,851 - ERROR - Error in sending simulation request. Retrying after 5s...
2025-12-29 12:31:16,104 - ERROR - Error in sending simulation request: 400 Client Error: Bad Request for url: https://api.worldquantbrain.com/simulations
2025-12-29 12:31:16,104 - ERROR - Error in sending simulation request. Retrying after 5s...
2025-12-29 12:31:21,369 - ERROR - Error in sending simulation request: 400 Client Error: Bad Request for url: https://api.worldquantbrain.com/simulations
2025-12-29 12:31:21,369 - ERROR - Error in sending simulation request. Retrying after 5s...
2025-12-29 12:31:26,624 - ERROR - Error in sending simulation request: 400 Client Error: Bad Request for url: https://api.worldquantbrain.com/simulations
2025-12-29 12:31:26,624 - ERROR - Error in sending simulation request. Retrying after 5s...
2025-12-29 12:31:31,881 - ERROR - Error in sending simulation request: 400 Client Error: Bad Request for url: https://api.worldquantbrain.com/simulations
2025-12-29 12:31:31,881 - ERROR - Error in sending simulation request. Retrying after 5s...
2025-12-29 12:31:37,133 - ERROR - Error in sending simulation request: 400 Client Error: Bad Request for url: https://api.worldquantbrain.com/simulations
2025-12-29 12:31:37,133 - ERROR - Error in sending simulation request. Retrying after 5s...
2025-12-29 12:31:42,386 - ERROR - Error in sending simulation request: 400 Client Error: Bad Request for url: https://api.worldquantbrain.com/simulations
2025-12-29 12:31:42,386 - ERROR - Error in sending simulation request. Retrying after 5s...
2025-12-29 12:31:47,630 - ERROR - Error in sending simulation request: 400 Client Error: Bad Request for url: https://api.worldquantbrain.com/simulations
2025-12-29 12:31:47,630 - ERROR - Error in sending simulation request. Retrying after 5s...
2025-12-29 12:31:52,874 - ERROR - Error in sending simulation request: 400 Client Error: Bad Request for url: https://api.worldquantbrain.com/simulations
2025-12-29 12:31:52,874 - ERROR - Error in sending simulation request. Retrying after 5s...
2025-12-29 12:31:58,118 - ERROR - Error in sending simulation request: 400 Client Error: Bad Request for url: https://api.worldquantbrain.com/simulations
2025-12-29 12:31:58,118 - ERROR - Error in sending simulation request. Retrying after 5s...
2025-12-29 12:32:03,370 - ERROR - Error in sending simulation request: 400 Client Error: Bad Request for url: https://api.worldquantbrain.com/simulations
2025-12-29 12:32:03,371 - ERROR - Error in sending simulation request. Retrying after 5s...
2025-12-29 12:32:08,618 - ERROR - Error in sending simulation request: 400 Client Error: Bad Request for url: https://api.worldquantbrain.com/simulations
2025-12-29 12:32:08,618 - ERROR - Error in sending simulation request. Retrying after 5s...
2025-12-29 12:32:13,874 - ERROR - Error in sending simulation request: 400 Client Error: Bad Request for url: https://api.worldquantbrain.com/simulations
2025-12-29 12:32:13,874 - ERROR - Error in sending simulation request. Retrying after 5s...
2025-12-29 12:32:19,220 - ERROR - Error in sending simulation request: 400 Client Error: Bad Request for url: https://api.worldquantbrain.com/simulations
2025-12-29 12:32:19,220 - ERROR - Error in sending simulation request. Retrying after 5s...
2025-12-29 12:32:24,475 - ERROR - Error in sending simulation request: 400 Client Error: Bad Request for url: https://api.worldquantbrain.com/simulations
2025-12-29 12:32:24,475 - ERROR - Error in sending simulation request. Retrying after 5s...
2025-12-29 12:32:29,729 - ERROR - Error in sending simulation request: 400 Client Error: Bad Request for url: https://api.worldquantbrain.com/simulations
2025-12-29 12:32:29,730 - ERROR - Error in sending simulation request. Retrying after 5s...
2025-12-29 12:32:35,419 - ERROR - Error in sending simulation request: 400 Client Error: Bad Request for url: https://api.worldquantbrain.com/simulations
2025-12-29 12:32:35,419 - ERROR - Error in sending simulation request. Retrying after 5s...
2025-12-29 12:32:40,674 - ERROR - Error in sending simulation request: 400 Client Error: Bad Request for url: https://api.worldquantbrain.com/simulations
2025-12-29 12:32:40,674 - ERROR - Error in sending simulation request. Retrying after 5s...
2025-12-29 12:32:45,928 - ERROR - Error in sending simulation request: 400 Client Error: Bad Request for url: https://api.worldquantbrain.com/simulations
2025-12-29 12:32:45,928 - ERROR - Error in sending simulation request. Retrying after 5s...
2025-12-29 12:32:51,181 - ERROR - Error in sending simulation request: 400 Client Error: Bad Request for url: https://api.worldquantbrain.com/simulations
2025-12-29 12:32:51,182 - ERROR - Error in sending simulation request. Retrying after 5s...
2025-12-29 12:32:56,439 - ERROR - Error in sending simulation request: 400 Client Error: Bad Request for url: https://api.worldquantbrain.com/simulations
2025-12-29 12:32:56,439 - ERROR - Error in sending simulation request. Retrying after 5s...
2025-12-29 12:33:01,683 - ERROR - Error in sending simulation request: 400 Client Error: Bad Request for url: https://api.worldquantbrain.com/simulations
2025-12-29 12:33:01,684 - ERROR - Error in sending simulation request. Retrying after 5s...
2025-12-29 12:33:06,940 - ERROR - Error in sending simulation request: 400 Client Error: Bad Request for url: https://api.worldquantbrain.com/simulations
2025-12-29 12:33:06,940 - ERROR - Error in sending simulation request. Retrying after 5s...
2025-12-29 12:33:12,191 - ERROR - Error in sending simulation request: 400 Client Error: Bad Request for url: https://api.worldquantbrain.com/simulations
2025-12-29 12:33:12,191 - ERROR - Error in sending simulation request. Retrying after 5s...
2025-12-29 12:33:17,476 - ERROR - Error in sending simulation request: 400 Client Error: Bad Request for url: https://api.worldquantbrain.com/simulations
2025-12-29 12:33:17,476 - ERROR - Error in sending simulation request. Retrying after 5s...
2025-12-29 12:33:23,195 - ERROR - Error in sending simulation request: 400 Client Error: Bad Request for url: https://api.worldquantbrain.com/simulations
2025-12-29 12:33:23,195 - ERROR - Error in sending simulation request. Retrying after 5s...
2025-12-29 12:33:28,436 - ERROR - Error in sending simulation request: 400 Client Error: Bad Request for url: https://api.worldquantbrain.com/simulations
2025-12-29 12:33:29,403 - INFO - Login to BRAIN successfully.
2025-12-29 12:33:29,403 - ERROR - Error occurred too many times, skipping this alpha and re-logging in.
2025-12-29 12:33:29,403 - ERROR - Simulation request failed after 36 attempts.
2025-12-29 12:33:32,415 - INFO - No one is in active simulation now
2025-12-29 12:33:32,415 - INFO - Loading new alpha...
2025-12-29 12:33:32,415 - INFO - Starting simulation for alpha: ts_delta(model9, 1) with settings: {'instrumentType': 'EQUITY', 'region': 'IND', 'universe': 'TOP2000', 'delay': 1, 'decay': 8, 'neutralization': 'sector', 'truncation': 0.01, 'pasteurization': 'ON', 'unitHandling': 'VERIFY', 'nanHandling': 'ON', 'language': 'FASTEXPR', 'visualization': False}
2025-12-29 12:33:32,663 - ERROR - Error in sending simulation request: 400 Client Error: Bad Request for url: https://api.worldquantbrain.com/simulations
2025-12-29 12:33:32,663 - ERROR - Error in sending simulation request. Retrying after 5s...
2025-12-29 12:33:37,938 - ERROR - Error in sending simulation request: 400 Client Error: Bad Request for url: https://api.worldquantbrain.com/simulations
2025-12-29 12:33:37,938 - ERROR - Error in sending simulation request. Retrying after 5s...
2025-12-29 12:33:43,194 - ERROR - Error in sending simulation request: 400 Client Error: Bad Request for url: https://api.worldquantbrain.com/simulations
2025-12-29 12:33:43,194 - ERROR - Error in sending simulation request. Retrying after 5s...
2025-12-29 12:33:48,452 - ERROR - Error in sending simulation request: 400 Client Error: Bad Request for url: https://api.worldquantbrain.com/simulations
2025-12-29 12:33:48,452 - ERROR - Error in sending simulation request. Retrying after 5s...
2025-12-29 12:33:53,708 - ERROR - Error in sending simulation request: 400 Client Error: Bad Request for url: https://api.worldquantbrain.com/simulations
2025-12-29 12:33:53,708 - ERROR - Error in sending simulation request. Retrying after 5s...
2025-12-29 12:33:58,952 - ERROR - Error in sending simulation request: 400 Client Error: Bad Request for url: https://api.worldquantbrain.com/simulations
2025-12-29 12:33:58,952 - ERROR - Error in sending simulation request. Retrying after 5s...
2025-12-29 12:34:04,267 - ERROR - Error in sending simulation request: 400 Client Error: Bad Request for url: https://api.worldquantbrain.com/simulations
2025-12-29 12:34:04,267 - ERROR - Error in sending simulation request. Retrying after 5s...
2025-12-29 12:34:09,525 - ERROR - Error in sending simulation request: 400 Client Error: Bad Request for url: https://api.worldquantbrain.com/simulations
2025-12-29 12:34:09,526 - ERROR - Error in sending simulation request. Retrying after 5s...
2025-12-29 12:34:14,777 - ERROR - Error in sending simulation request: 400 Client Error: Bad Request for url: https://api.worldquantbrain.com/simulations
2025-12-29 12:34:14,777 - ERROR - Error in sending simulation request. Retrying after 5s...
2025-12-29 12:34:20,023 - ERROR - Error in sending simulation request: 400 Client Error: Bad Request for url: https://api.worldquantbrain.com/simulations
2025-12-29 12:34:20,023 - ERROR - Error in sending simulation request. Retrying after 5s...
2025-12-29 12:34:25,285 - ERROR - Error in sending simulation request: 400 Client Error: Bad Request for url: https://api.worldquantbrain.com/simulations
2025-12-29 12:34:25,286 - ERROR - Error in sending simulation request. Retrying after 5s...
2025-12-29 12:34:30,528 - ERROR - Error in sending simulation request: 400 Client Error: Bad Request for url: https://api.worldquantbrain.com/simulations
2025-12-29 12:34:30,528 - ERROR - Error in sending simulation request. Retrying after 5s...
2025-12-29 12:34:35,790 - ERROR - Error in sending simulation request: 400 Client Error: Bad Request for url: https://api.worldquantbrain.com/simulations
2025-12-29 12:34:35,792 - ERROR - Error in sending simulation request. Retrying after 5s...
2025-12-29 12:34:41,036 - ERROR - Error in sending simulation request: 400 Client Error: Bad Request for url: https://api.worldquantbrain.com/simulations
2025-12-29 12:34:41,036 - ERROR - Error in sending simulation request. Retrying after 5s...
2025-12-29 12:34:46,291 - ERROR - Error in sending simulation request: 400 Client Error: Bad Request for url: https://api.worldquantbrain.com/simulations
2025-12-29 12:34:46,291 - ERROR - Error in sending simulation request. Retrying after 5s...
2025-12-29 12:34:51,541 - ERROR - Error in sending simulation request: 400 Client Error: Bad Request for url: https://api.worldquantbrain.com/simulations
2025-12-29 12:34:51,541 - ERROR - Error in sending simulation request. Retrying after 5s...
2025-12-29 12:34:56,821 - ERROR - Error in sending simulation request: 400 Client Error: Bad Request for url: https://api.worldquantbrain.com/simulations
2025-12-29 12:34:56,821 - ERROR - Error in sending simulation request. Retrying after 5s...
2025-12-29 12:35:02,069 - ERROR - Error in sending simulation request: 400 Client Error: Bad Request for url: https://api.worldquantbrain.com/simulations
2025-12-29 12:35:02,069 - ERROR - Error in sending simulation request. Retrying after 5s...
2025-12-29 12:35:07,315 - ERROR - Error in sending simulation request: 400 Client Error: Bad Request for url: https://api.worldquantbrain.com/simulations
2025-12-29 12:35:07,315 - ERROR - Error in sending simulation request. Retrying after 5s...
2025-12-29 12:35:12,564 - ERROR - Error in sending simulation request: 400 Client Error: Bad Request for url: https://api.worldquantbrain.com/simulations
2025-12-29 12:35:12,565 - ERROR - Error in sending simulation request. Retrying after 5s...
2025-12-29 12:35:17,817 - ERROR - Error in sending simulation request: 400 Client Error: Bad Request for url: https://api.worldquantbrain.com/simulations
2025-12-29 12:35:17,817 - ERROR - Error in sending simulation request. Retrying after 5s...
2025-12-29 12:35:23,063 - ERROR - Error in sending simulation request: 400 Client Error: Bad Request for url: https://api.worldquantbrain.com/simulations
2025-12-29 12:35:23,064 - ERROR - Error in sending simulation request. Retrying after 5s...
2025-12-29 12:35:28,316 - ERROR - Error in sending simulation request: 400 Client Error: Bad Request for url: https://api.worldquantbrain.com/simulations
2025-12-29 12:35:28,316 - ERROR - Error in sending simulation request. Retrying after 5s...
2025-12-29 12:35:33,571 - ERROR - Error in sending simulation request: 400 Client Error: Bad Request for url: https://api.worldquantbrain.com/simulations
2025-12-29 12:35:33,572 - ERROR - Error in sending simulation request. Retrying after 5s...
2025-12-29 12:35:39,268 - ERROR - Error in sending simulation request: 400 Client Error: Bad Request for url: https://api.worldquantbrain.com/simulations
2025-12-29 12:35:39,268 - ERROR - Error in sending simulation request. Retrying after 5s...
2025-12-29 12:35:44,545 - ERROR - Error in sending simulation request: 400 Client Error: Bad Request for url: https://api.worldquantbrain.com/simulations
2025-12-29 12:35:44,545 - ERROR - Error in sending simulation request. Retrying after 5s...
2025-12-29 12:35:49,797 - ERROR - Error in sending simulation request: 400 Client Error: Bad Request for url: https://api.worldquantbrain.com/simulations
2025-12-29 12:35:49,797 - ERROR - Error in sending simulation request. Retrying after 5s...
2025-12-29 12:35:55,051 - ERROR - Error in sending simulation request: 400 Client Error: Bad Request for url: https://api.worldquantbrain.com/simulations
2025-12-29 12:35:55,053 - ERROR - Error in sending simulation request. Retrying after 5s...
2025-12-29 12:36:00,739 - ERROR - Error in sending simulation request: 400 Client Error: Bad Request for url: https://api.worldquantbrain.com/simulations
2025-12-29 12:36:00,740 - ERROR - Error in sending simulation request. Retrying after 5s...
2025-12-29 12:36:05,998 - ERROR - Error in sending simulation request: 400 Client Error: Bad Request for url: https://api.worldquantbrain.com/simulations
2025-12-29 12:36:05,998 - ERROR - Error in sending simulation request. Retrying after 5s...
2025-12-29 12:36:11,275 - ERROR - Error in sending simulation request: 400 Client Error: Bad Request for url: https://api.worldquantbrain.com/simulations
2025-12-29 12:36:11,275 - ERROR - Error in sending simulation request. Retrying after 5s...
2025-12-29 12:36:16,608 - ERROR - Error in sending simulation request: 400 Client Error: Bad Request for url: https://api.worldquantbrain.com/simulations
2025-12-29 12:36:16,608 - ERROR - Error in sending simulation request. Retrying after 5s...
2025-12-29 12:36:21,863 - ERROR - Error in sending simulation request: 400 Client Error: Bad Request for url: https://api.worldquantbrain.com/simulations
2025-12-29 12:36:21,864 - ERROR - Error in sending simulation request. Retrying after 5s...
2025-12-29 12:36:27,111 - ERROR - Error in sending simulation request: 400 Client Error: Bad Request for url: https://api.worldquantbrain.com/simulations
2025-12-29 12:36:27,111 - ERROR - Error in sending simulation request. Retrying after 5s...
2025-12-29 12:36:32,376 - ERROR - Error in sending simulation request: 400 Client Error: Bad Request for url: https://api.worldquantbrain.com/simulations
2025-12-29 12:36:32,377 - ERROR - Error in sending simulation request. Retrying after 5s...
2025-12-29 12:36:37,626 - ERROR - Error in sending simulation request: 400 Client Error: Bad Request for url: https://api.worldquantbrain.com/simulations
2025-12-29 12:36:37,626 - ERROR - Error in sending simulation request. Retrying after 5s...
2025-12-29 12:36:42,894 - ERROR - Error in sending simulation request: 400 Client Error: Bad Request for url: https://api.worldquantbrain.com/simulations
2025-12-29 12:36:43,843 - INFO - Login to BRAIN successfully.
2025-12-29 12:36:43,843 - ERROR - Error occurred too many times, skipping this alpha and re-logging in.
2025-12-29 12:36:43,843 - ERROR - Simulation request failed after 36 attempts.
2025-12-29 12:36:46,854 - INFO - No one is in active simulation now
2025-12-29 12:36:46,854 - INFO - Loading new alpha...
2025-12-29 12:36:46,854 - INFO - Starting simulation for alpha: rank(trade_balance - ts_mean(trade_balance, 30)) / ts_std_dev(trade_balance, 30) with settings: {'instrumentType': 'EQUITY', 'region': 'IND', 'universe': 'TOP2000', 'delay': 1, 'decay': 4, 'neutralization': 'market', 'truncation': 0.01, 'pasteurization': 'ON', 'unitHandling': 'VERIFY', 'nanHandling': 'ON', 'language': 'FASTEXPR', 'visualization': False}
2025-12-29 12:36:47,104 - ERROR - Error in sending simulation request: 400 Client Error: Bad Request for url: https://api.worldquantbrain.com/simulations
2025-12-29 12:36:47,104 - ERROR - Error in sending simulation request. Retrying after 5s...
2025-12-29 12:36:52,372 - ERROR - Error in sending simulation request: 400 Client Error: Bad Request for url: https://api.worldquantbrain.com/simulations
2025-12-29 12:36:52,372 - ERROR - Error in sending simulation request. Retrying after 5s...
2025-12-29 12:36:57,621 - ERROR - Error in sending simulation request: 400 Client Error: Bad Request for url: https://api.worldquantbrain.com/simulations
2025-12-29 12:36:57,621 - ERROR - Error in sending simulation request. Retrying after 5s...
2025-12-29 12:37:02,880 - ERROR - Error in sending simulation request: 400 Client Error: Bad Request for url: https://api.worldquantbrain.com/simulations
2025-12-29 12:37:02,880 - ERROR - Error in sending simulation request. Retrying after 5s...
2025-12-29 12:37:08,134 - ERROR - Error in sending simulation request: 400 Client Error: Bad Request for url: https://api.worldquantbrain.com/simulations
2025-12-29 12:37:08,134 - ERROR - Error in sending simulation request. Retrying after 5s...
2025-12-29 12:37:13,393 - ERROR - Error in sending simulation request: 400 Client Error: Bad Request for url: https://api.worldquantbrain.com/simulations
2025-12-29 12:37:13,393 - ERROR - Error in sending simulation request. Retrying after 5s...
2025-12-29 12:37:18,643 - ERROR - Error in sending simulation request: 400 Client Error: Bad Request for url: https://api.worldquantbrain.com/simulations
2025-12-29 12:37:18,643 - ERROR - Error in sending simulation request. Retrying after 5s...
2025-12-29 12:37:23,928 - ERROR - Error in sending simulation request: 400 Client Error: Bad Request for url: https://api.worldquantbrain.com/simulations
2025-12-29 12:37:23,929 - ERROR - Error in sending simulation request. Retrying after 5s...
2025-12-29 12:37:29,186 - ERROR - Error in sending simulation request: 400 Client Error: Bad Request for url: https://api.worldquantbrain.com/simulations
2025-12-29 12:37:29,186 - ERROR - Error in sending simulation request. Retrying after 5s...
2025-12-29 12:37:34,438 - ERROR - Error in sending simulation request: 400 Client Error: Bad Request for url: https://api.worldquantbrain.com/simulations
2025-12-29 12:37:34,438 - ERROR - Error in sending simulation request. Retrying after 5s...
2025-12-29 12:37:39,680 - ERROR - Error in sending simulation request: 400 Client Error: Bad Request for url: https://api.worldquantbrain.com/simulations
2025-12-29 12:37:39,682 - ERROR - Error in sending simulation request. Retrying after 5s...
2025-12-29 12:37:44,936 - ERROR - Error in sending simulation request: 400 Client Error: Bad Request for url: https://api.worldquantbrain.com/simulations
2025-12-29 12:37:44,937 - ERROR - Error in sending simulation request. Retrying after 5s...
2025-12-29 12:37:50,186 - ERROR - Error in sending simulation request: 400 Client Error: Bad Request for url: https://api.worldquantbrain.com/simulations
2025-12-29 12:37:50,186 - ERROR - Error in sending simulation request. Retrying after 5s...
2025-12-29 12:37:55,425 - ERROR - Error in sending simulation request: 400 Client Error: Bad Request for url: https://api.worldquantbrain.com/simulations
2025-12-29 12:37:55,425 - ERROR - Error in sending simulation request. Retrying after 5s...
2025-12-29 12:38:00,688 - ERROR - Error in sending simulation request: 400 Client Error: Bad Request for url: https://api.worldquantbrain.com/simulations
2025-12-29 12:38:00,688 - ERROR - Error in sending simulation request. Retrying after 5s...
2025-12-29 12:38:05,938 - ERROR - Error in sending simulation request: 400 Client Error: Bad Request for url: https://api.worldquantbrain.com/simulations
2025-12-29 12:38:05,939 - ERROR - Error in sending simulation request. Retrying after 5s...
2025-12-29 12:38:11,179 - ERROR - Error in sending simulation request: 400 Client Error: Bad Request for url: https://api.worldquantbrain.com/simulations
2025-12-29 12:38:11,179 - ERROR - Error in sending simulation request. Retrying after 5s...
2025-12-29 12:38:16,430 - ERROR - Error in sending simulation request: 400 Client Error: Bad Request for url: https://api.worldquantbrain.com/simulations
2025-12-29 12:38:16,430 - ERROR - Error in sending simulation request. Retrying after 5s...
2025-12-29 12:38:21,676 - ERROR - Error in sending simulation request: 400 Client Error: Bad Request for url: https://api.worldquantbrain.com/simulations
2025-12-29 12:38:21,676 - ERROR - Error in sending simulation request. Retrying after 5s...
2025-12-29 12:38:26,920 - ERROR - Error in sending simulation request: 400 Client Error: Bad Request for url: https://api.worldquantbrain.com/simulations
2025-12-29 12:38:26,921 - ERROR - Error in sending simulation request. Retrying after 5s...
2025-12-29 12:38:32,170 - ERROR - Error in sending simulation request: 400 Client Error: Bad Request for url: https://api.worldquantbrain.com/simulations
2025-12-29 12:38:32,170 - ERROR - Error in sending simulation request. Retrying after 5s...
2025-12-29 12:38:37,433 - ERROR - Error in sending simulation request: 400 Client Error: Bad Request for url: https://api.worldquantbrain.com/simulations
2025-12-29 12:38:37,433 - ERROR - Error in sending simulation request. Retrying after 5s...
2025-12-29 12:38:42,674 - ERROR - Error in sending simulation request: 400 Client Error: Bad Request for url: https://api.worldquantbrain.com/simulations
2025-12-29 12:38:42,674 - ERROR - Error in sending simulation request. Retrying after 5s...
2025-12-29 12:38:47,982 - ERROR - Error in sending simulation request: 400 Client Error: Bad Request for url: https://api.worldquantbrain.com/simulations
2025-12-29 12:38:47,983 - ERROR - Error in sending simulation request. Retrying after 5s...
2025-12-29 12:38:53,237 - ERROR - Error in sending simulation request: 400 Client Error: Bad Request for url: https://api.worldquantbrain.com/simulations
2025-12-29 12:38:53,237 - ERROR - Error in sending simulation request. Retrying after 5s...
2025-12-29 12:38:58,500 - ERROR - Error in sending simulation request: 400 Client Error: Bad Request for url: https://api.worldquantbrain.com/simulations
2025-12-29 12:38:58,500 - ERROR - Error in sending simulation request. Retrying after 5s...
2025-12-29 12:39:03,756 - ERROR - Error in sending simulation request: 400 Client Error: Bad Request for url: https://api.worldquantbrain.com/simulations
2025-12-29 12:39:03,757 - ERROR - Error in sending simulation request. Retrying after 5s...
2025-12-29 12:39:09,073 - ERROR - Error in sending simulation request: 400 Client Error: Bad Request for url: https://api.worldquantbrain.com/simulations
2025-12-29 12:39:09,074 - ERROR - Error in sending simulation request. Retrying after 5s...
2025-12-29 12:39:14,413 - ERROR - Error in sending simulation request: 400 Client Error: Bad Request for url: https://api.worldquantbrain.com/simulations
2025-12-29 12:39:14,414 - ERROR - Error in sending simulation request. Retrying after 5s...
2025-12-29 12:39:19,803 - ERROR - Error in sending simulation request: 400 Client Error: Bad Request for url: https://api.worldquantbrain.com/simulations
2025-12-29 12:39:19,803 - ERROR - Error in sending simulation request. Retrying after 5s...
2025-12-29 12:39:25,053 - ERROR - Error in sending simulation request: 400 Client Error: Bad Request for url: https://api.worldquantbrain.com/simulations
2025-12-29 12:39:25,053 - ERROR - Error in sending simulation request. Retrying after 5s...
2025-12-29 12:39:30,305 - ERROR - Error in sending simulation request: 400 Client Error: Bad Request for url: https://api.worldquantbrain.com/simulations
2025-12-29 12:39:30,305 - ERROR - Error in sending simulation request. Retrying after 5s...
2025-12-29 12:39:35,560 - ERROR - Error in sending simulation request: 400 Client Error: Bad Request for url: https://api.worldquantbrain.com/simulations
2025-12-29 12:39:35,561 - ERROR - Error in sending simulation request. Retrying after 5s...
2025-12-29 12:39:40,804 - ERROR - Error in sending simulation request: 400 Client Error: Bad Request for url: https://api.worldquantbrain.com/simulations
2025-12-29 12:39:40,804 - ERROR - Error in sending simulation request. Retrying after 5s...
2025-12-29 12:39:46,046 - ERROR - Error in sending simulation request: 400 Client Error: Bad Request for url: https://api.worldquantbrain.com/simulations
2025-12-29 12:39:46,047 - ERROR - Error in sending simulation request. Retrying after 5s...
2025-12-29 12:39:51,337 - ERROR - Error in sending simulation request: 400 Client Error: Bad Request for url: https://api.worldquantbrain.com/simulations
2025-12-29 12:39:51,337 - ERROR - Error in sending simulation request. Retrying after 5s...
2025-12-29 12:39:57,050 - ERROR - Error in sending simulation request: 400 Client Error: Bad Request for url: https://api.worldquantbrain.com/simulations
2025-12-29 12:39:57,999 - INFO - Login to BRAIN successfully.
2025-12-29 12:39:57,999 - ERROR - Error occurred too many times, skipping this alpha and re-logging in.
2025-12-29 12:39:57,999 - ERROR - Simulation request failed after 36 attempts.
2025-12-29 12:40:01,001 - INFO - No one is in active simulation now
2025-12-29 12:40:01,001 - INFO - Loading new alpha...
2025-12-29 12:40:01,001 - INFO - Starting simulation for alpha: ts_mean(interest_rate, 30) with settings: {'instrumentType': 'EQUITY', 'region': 'IND', 'universe': 'TOP2000', 'delay': 1, 'decay': 7, 'neutralization': 'market', 'truncation': 0.01, 'pasteurization': 'ON', 'unitHandling': 'VERIFY', 'nanHandling': 'ON', 'language': 'FASTEXPR', 'visualization': False}
2025-12-29 12:40:01,244 - ERROR - Error in sending simulation request: 400 Client Error: Bad Request for url: https://api.worldquantbrain.com/simulations
2025-12-29 12:40:01,244 - ERROR - Error in sending simulation request. Retrying after 5s...
2025-12-29 12:40:06,496 - ERROR - Error in sending simulation request: 400 Client Error: Bad Request for url: https://api.worldquantbrain.com/simulations
2025-12-29 12:40:06,496 - ERROR - Error in sending simulation request. Retrying after 5s...
2025-12-29 12:40:11,744 - ERROR - Error in sending simulation request: 400 Client Error: Bad Request for url: https://api.worldquantbrain.com/simulations
2025-12-29 12:40:11,745 - ERROR - Error in sending simulation request. Retrying after 5s...
2025-12-29 12:40:17,004 - ERROR - Error in sending simulation request: 400 Client Error: Bad Request for url: https://api.worldquantbrain.com/simulations
2025-12-29 12:40:17,005 - ERROR - Error in sending simulation request. Retrying after 5s...
2025-12-29 12:40:24,271 - ERROR - Error in sending simulation request: 400 Client Error: Bad Request for url: https://api.worldquantbrain.com/simulations
2025-12-29 12:40:24,272 - ERROR - Error in sending simulation request. Retrying after 5s...
2025-12-29 12:40:29,511 - ERROR - Error in sending simulation request: 400 Client Error: Bad Request for url: https://api.worldquantbrain.com/simulations
2025-12-29 12:40:29,511 - ERROR - Error in sending simulation request. Retrying after 5s...
2025-12-29 12:40:34,762 - ERROR - Error in sending simulation request: 400 Client Error: Bad Request for url: https://api.worldquantbrain.com/simulations
2025-12-29 12:40:34,762 - ERROR - Error in sending simulation request. Retrying after 5s...
2025-12-29 12:40:40,012 - ERROR - Error in sending simulation request: 400 Client Error: Bad Request for url: https://api.worldquantbrain.com/simulations
2025-12-29 12:40:40,012 - ERROR - Error in sending simulation request. Retrying after 5s...
2025-12-29 12:40:45,268 - ERROR - Error in sending simulation request: 400 Client Error: Bad Request for url: https://api.worldquantbrain.com/simulations
2025-12-29 12:40:45,268 - ERROR - Error in sending simulation request. Retrying after 5s...
2025-12-29 12:40:50,520 - ERROR - Error in sending simulation request: 400 Client Error: Bad Request for url: https://api.worldquantbrain.com/simulations
2025-12-29 12:40:50,521 - ERROR - Error in sending simulation request. Retrying after 5s...
2025-12-29 12:40:55,780 - ERROR - Error in sending simulation request: 400 Client Error: Bad Request for url: https://api.worldquantbrain.com/simulations
2025-12-29 12:40:55,781 - ERROR - Error in sending simulation request. Retrying after 5s...
2025-12-29 12:41:01,024 - ERROR - Error in sending simulation request: 400 Client Error: Bad Request for url: https://api.worldquantbrain.com/simulations
2025-12-29 12:41:01,024 - ERROR - Error in sending simulation request. Retrying after 5s...
2025-12-29 12:41:06,265 - ERROR - Error in sending simulation request: 400 Client Error: Bad Request for url: https://api.worldquantbrain.com/simulations
2025-12-29 12:41:06,265 - ERROR - Error in sending simulation request. Retrying after 5s...
2025-12-29 12:41:11,527 - ERROR - Error in sending simulation request: 400 Client Error: Bad Request for url: https://api.worldquantbrain.com/simulations
2025-12-29 12:41:11,528 - ERROR - Error in sending simulation request. Retrying after 5s...
2025-12-29 12:41:16,780 - ERROR - Error in sending simulation request: 400 Client Error: Bad Request for url: https://api.worldquantbrain.com/simulations
2025-12-29 12:41:16,780 - ERROR - Error in sending simulation request. Retrying after 5s...
2025-12-29 12:41:22,018 - ERROR - Error in sending simulation request: 400 Client Error: Bad Request for url: https://api.worldquantbrain.com/simulations
2025-12-29 12:41:22,019 - ERROR - Error in sending simulation request. Retrying after 5s...
2025-12-29 12:41:27,287 - ERROR - Error in sending simulation request: 400 Client Error: Bad Request for url: https://api.worldquantbrain.com/simulations
2025-12-29 12:41:27,287 - ERROR - Error in sending simulation request. Retrying after 5s...
2025-12-29 12:41:32,545 - ERROR - Error in sending simulation request: 400 Client Error: Bad Request for url: https://api.worldquantbrain.com/simulations
2025-12-29 12:41:32,546 - ERROR - Error in sending simulation request. Retrying after 5s...
2025-12-29 12:41:37,805 - ERROR - Error in sending simulation request: 400 Client Error: Bad Request for url: https://api.worldquantbrain.com/simulations
2025-12-29 12:41:37,805 - ERROR - Error in sending simulation request. Retrying after 5s...
2025-12-29 12:41:43,057 - ERROR - Error in sending simulation request: 400 Client Error: Bad Request for url: https://api.worldquantbrain.com/simulations
2025-12-29 12:41:43,057 - ERROR - Error in sending simulation request. Retrying after 5s...
2025-12-29 12:41:48,302 - ERROR - Error in sending simulation request: 400 Client Error: Bad Request for url: https://api.worldquantbrain.com/simulations
2025-12-29 12:41:48,302 - ERROR - Error in sending simulation request. Retrying after 5s...
2025-12-29 12:41:53,553 - ERROR - Error in sending simulation request: 400 Client Error: Bad Request for url: https://api.worldquantbrain.com/simulations
2025-12-29 12:41:53,553 - ERROR - Error in sending simulation request. Retrying after 5s...
2025-12-29 12:41:58,808 - ERROR - Error in sending simulation request: 400 Client Error: Bad Request for url: https://api.worldquantbrain.com/simulations
2025-12-29 12:41:58,809 - ERROR - Error in sending simulation request. Retrying after 5s...
2025-12-29 12:42:04,066 - ERROR - Error in sending simulation request: 400 Client Error: Bad Request for url: https://api.worldquantbrain.com/simulations
2025-12-29 12:42:04,066 - ERROR - Error in sending simulation request. Retrying after 5s...
2025-12-29 12:42:09,304 - ERROR - Error in sending simulation request: 400 Client Error: Bad Request for url: https://api.worldquantbrain.com/simulations
2025-12-29 12:42:09,305 - ERROR - Error in sending simulation request. Retrying after 5s...
2025-12-29 12:42:14,555 - ERROR - Error in sending simulation request: 400 Client Error: Bad Request for url: https://api.worldquantbrain.com/simulations
2025-12-29 12:42:14,562 - ERROR - Error in sending simulation request. Retrying after 5s...
2025-12-29 12:42:19,807 - ERROR - Error in sending simulation request: 400 Client Error: Bad Request for url: https://api.worldquantbrain.com/simulations
2025-12-29 12:42:19,807 - ERROR - Error in sending simulation request. Retrying after 5s...
2025-12-29 12:42:25,059 - ERROR - Error in sending simulation request: 400 Client Error: Bad Request for url: https://api.worldquantbrain.com/simulations
2025-12-29 12:42:25,059 - ERROR - Error in sending simulation request. Retrying after 5s...
2025-12-29 12:42:33,422 - ERROR - Error in sending simulation request: 400 Client Error: Bad Request for url: https://api.worldquantbrain.com/simulations
2025-12-29 12:42:33,422 - ERROR - Error in sending simulation request. Retrying after 5s...
2025-12-29 12:42:38,683 - ERROR - Error in sending simulation request: 400 Client Error: Bad Request for url: https://api.worldquantbrain.com/simulations
2025-12-29 12:42:38,683 - ERROR - Error in sending simulation request. Retrying after 5s...
2025-12-29 12:42:43,937 - ERROR - Error in sending simulation request: 400 Client Error: Bad Request for url: https://api.worldquantbrain.com/simulations
2025-12-29 12:42:43,937 - ERROR - Error in sending simulation request. Retrying after 5s...
2025-12-29 12:42:49,190 - ERROR - Error in sending simulation request: 400 Client Error: Bad Request for url: https://api.worldquantbrain.com/simulations
2025-12-29 12:42:49,190 - ERROR - Error in sending simulation request. Retrying after 5s...
2025-12-29 12:42:54,894 - ERROR - Error in sending simulation request: 400 Client Error: Bad Request for url: https://api.worldquantbrain.com/simulations
2025-12-29 12:42:54,894 - ERROR - Error in sending simulation request. Retrying after 5s...
2025-12-29 12:43:00,142 - ERROR - Error in sending simulation request: 400 Client Error: Bad Request for url: https://api.worldquantbrain.com/simulations
2025-12-29 12:43:00,142 - ERROR - Error in sending simulation request. Retrying after 5s...
2025-12-29 12:43:05,393 - ERROR - Error in sending simulation request: 400 Client Error: Bad Request for url: https://api.worldquantbrain.com/simulations
2025-12-29 12:43:05,394 - ERROR - Error in sending simulation request. Retrying after 5s...
2025-12-29 12:43:10,640 - ERROR - Error in sending simulation request: 400 Client Error: Bad Request for url: https://api.worldquantbrain.com/simulations
2025-12-29 12:43:10,640 - ERROR - Error in sending simulation request. Retrying after 5s...
2025-12-29 12:43:15,878 - ERROR - Error in sending simulation request: 400 Client Error: Bad Request for url: https://api.worldquantbrain.com/simulations
2025-12-29 12:43:16,838 - INFO - Login to BRAIN successfully.
2025-12-29 12:43:16,838 - ERROR - Error occurred too many times, skipping this alpha and re-logging in.
2025-12-29 12:43:16,838 - ERROR - Simulation request failed after 36 attempts.
2025-12-29 12:43:19,850 - INFO - No one is in active simulation now
2025-12-29 12:43:19,878 - INFO - Loading new alpha...
2025-12-29 12:43:19,878 - INFO - Starting simulation for alpha: ts_mean(model39, 30) with settings: {'instrumentType': 'EQUITY', 'region': 'IND', 'universe': 'TOP2000', 'delay': 1, 'decay': 4, 'neutralization': 'exchange', 'truncation': 0.01, 'pasteurization': 'ON', 'unitHandling': 'VERIFY', 'nanHandling': 'ON', 'language': 'FASTEXPR', 'visualization': False}
2025-12-29 12:43:20,121 - ERROR - Error in sending simulation request: 400 Client Error: Bad Request for url: https://api.worldquantbrain.com/simulations
2025-12-29 12:43:20,121 - ERROR - Error in sending simulation request. Retrying after 5s...
2025-12-29 12:43:25,376 - ERROR - Error in sending simulation request: 400 Client Error: Bad Request for url: https://api.worldquantbrain.com/simulations
2025-12-29 12:43:25,376 - ERROR - Error in sending simulation request. Retrying after 5s...
2025-12-29 12:43:30,620 - ERROR - Error in sending simulation request: 400 Client Error: Bad Request for url: https://api.worldquantbrain.com/simulations
2025-12-29 12:43:30,620 - ERROR - Error in sending simulation request. Retrying after 5s...
2025-12-29 12:43:35,877 - ERROR - Error in sending simulation request: 400 Client Error: Bad Request for url: https://api.worldquantbrain.com/simulations
2025-12-29 12:43:35,878 - ERROR - Error in sending simulation request. Retrying after 5s...
2025-12-29 12:43:41,121 - ERROR - Error in sending simulation request: 400 Client Error: Bad Request for url: https://api.worldquantbrain.com/simulations
2025-12-29 12:43:41,121 - ERROR - Error in sending simulation request. Retrying after 5s...
2025-12-29 12:43:46,373 - ERROR - Error in sending simulation request: 400 Client Error: Bad Request for url: https://api.worldquantbrain.com/simulations
2025-12-29 12:43:46,374 - ERROR - Error in sending simulation request. Retrying after 5s...
2025-12-29 12:43:51,619 - ERROR - Error in sending simulation request: 400 Client Error: Bad Request for url: https://api.worldquantbrain.com/simulations
2025-12-29 12:43:51,620 - ERROR - Error in sending simulation request. Retrying after 5s...
2025-12-29 12:43:56,876 - ERROR - Error in sending simulation request: 400 Client Error: Bad Request for url: https://api.worldquantbrain.com/simulations
2025-12-29 12:43:56,876 - ERROR - Error in sending simulation request. Retrying after 5s...
2025-12-29 12:44:02,133 - ERROR - Error in sending simulation request: 400 Client Error: Bad Request for url: https://api.worldquantbrain.com/simulations
2025-12-29 12:44:02,134 - ERROR - Error in sending simulation request. Retrying after 5s...
2025-12-29 12:44:07,388 - ERROR - Error in sending simulation request: 400 Client Error: Bad Request for url: https://api.worldquantbrain.com/simulations
2025-12-29 12:44:07,388 - ERROR - Error in sending simulation request. Retrying after 5s...
2025-12-29 12:44:12,644 - ERROR - Error in sending simulation request: 400 Client Error: Bad Request for url: https://api.worldquantbrain.com/simulations
2025-12-29 12:44:12,645 - ERROR - Error in sending simulation request. Retrying after 5s...
2025-12-29 12:44:17,896 - ERROR - Error in sending simulation request: 400 Client Error: Bad Request for url: https://api.worldquantbrain.com/simulations
2025-12-29 12:44:17,896 - ERROR - Error in sending simulation request. Retrying after 5s...
2025-12-29 12:44:23,147 - ERROR - Error in sending simulation request: 400 Client Error: Bad Request for url: https://api.worldquantbrain.com/simulations
2025-12-29 12:44:23,148 - ERROR - Error in sending simulation request. Retrying after 5s...
2025-12-29 12:44:28,862 - ERROR - Error in sending simulation request: 400 Client Error: Bad Request for url: https://api.worldquantbrain.com/simulations
2025-12-29 12:44:28,862 - ERROR - Error in sending simulation request. Retrying after 5s...
2025-12-29 12:44:34,117 - ERROR - Error in sending simulation request: 400 Client Error: Bad Request for url: https://api.worldquantbrain.com/simulations
2025-12-29 12:44:34,117 - ERROR - Error in sending simulation request. Retrying after 5s...
2025-12-29 12:44:39,382 - ERROR - Error in sending simulation request: 400 Client Error: Bad Request for url: https://api.worldquantbrain.com/simulations
2025-12-29 12:44:39,383 - ERROR - Error in sending simulation request. Retrying after 5s...
2025-12-29 12:44:44,642 - ERROR - Error in sending simulation request: 400 Client Error: Bad Request for url: https://api.worldquantbrain.com/simulations
2025-12-29 12:44:44,642 - ERROR - Error in sending simulation request. Retrying after 5s...
2025-12-29 12:44:49,892 - ERROR - Error in sending simulation request: 400 Client Error: Bad Request for url: https://api.worldquantbrain.com/simulations
2025-12-29 12:44:49,892 - ERROR - Error in sending simulation request. Retrying after 5s...
2025-12-29 12:44:55,138 - ERROR - Error in sending simulation request: 400 Client Error: Bad Request for url: https://api.worldquantbrain.com/simulations
2025-12-29 12:44:55,139 - ERROR - Error in sending simulation request. Retrying after 5s...
2025-12-29 12:45:00,387 - ERROR - Error in sending simulation request: 400 Client Error: Bad Request for url: https://api.worldquantbrain.com/simulations
2025-12-29 12:45:00,387 - ERROR - Error in sending simulation request. Retrying after 5s...
2025-12-29 12:45:05,638 - ERROR - Error in sending simulation request: 400 Client Error: Bad Request for url: https://api.worldquantbrain.com/simulations
2025-12-29 12:45:05,639 - ERROR - Error in sending simulation request. Retrying after 5s...
2025-12-29 12:45:10,901 - ERROR - Error in sending simulation request: 400 Client Error: Bad Request for url: https://api.worldquantbrain.com/simulations
2025-12-29 12:45:10,901 - ERROR - Error in sending simulation request. Retrying after 5s...
2025-12-29 12:45:16,157 - ERROR - Error in sending simulation request: 400 Client Error: Bad Request for url: https://api.worldquantbrain.com/simulations
2025-12-29 12:45:16,157 - ERROR - Error in sending simulation request. Retrying after 5s...
2025-12-29 12:45:21,853 - ERROR - Error in sending simulation request: 400 Client Error: Bad Request for url: https://api.worldquantbrain.com/simulations
2025-12-29 12:45:21,854 - ERROR - Error in sending simulation request. Retrying after 5s...
2025-12-29 12:45:27,557 - ERROR - Error in sending simulation request: 400 Client Error: Bad Request for url: https://api.worldquantbrain.com/simulations
2025-12-29 12:45:27,557 - ERROR - Error in sending simulation request. Retrying after 5s...
2025-12-29 12:45:32,876 - ERROR - Error in sending simulation request: 400 Client Error: Bad Request for url: https://api.worldquantbrain.com/simulations
2025-12-29 12:45:32,877 - ERROR - Error in sending simulation request. Retrying after 5s...
2025-12-29 12:45:38,148 - ERROR - Error in sending simulation request: 400 Client Error: Bad Request for url: https://api.worldquantbrain.com/simulations
2025-12-29 12:45:38,148 - ERROR - Error in sending simulation request. Retrying after 5s...
2025-12-29 12:45:43,423 - ERROR - Error in sending simulation request: 400 Client Error: Bad Request for url: https://api.worldquantbrain.com/simulations
2025-12-29 12:45:43,423 - ERROR - Error in sending simulation request. Retrying after 5s...
2025-12-29 12:45:48,668 - ERROR - Error in sending simulation request: 400 Client Error: Bad Request for url: https://api.worldquantbrain.com/simulations
2025-12-29 12:45:48,668 - ERROR - Error in sending simulation request. Retrying after 5s...
2025-12-29 12:45:53,917 - ERROR - Error in sending simulation request: 400 Client Error: Bad Request for url: https://api.worldquantbrain.com/simulations
2025-12-29 12:45:53,918 - ERROR - Error in sending simulation request. Retrying after 5s...
2025-12-29 12:45:59,161 - ERROR - Error in sending simulation request: 400 Client Error: Bad Request for url: https://api.worldquantbrain.com/simulations
2025-12-29 12:45:59,161 - ERROR - Error in sending simulation request. Retrying after 5s...
2025-12-29 12:46:04,413 - ERROR - Error in sending simulation request: 400 Client Error: Bad Request for url: https://api.worldquantbrain.com/simulations
2025-12-29 12:46:04,413 - ERROR - Error in sending simulation request. Retrying after 5s...
2025-12-29 12:46:09,673 - ERROR - Error in sending simulation request: 400 Client Error: Bad Request for url: https://api.worldquantbrain.com/simulations
2025-12-29 12:46:09,673 - ERROR - Error in sending simulation request. Retrying after 5s...
2025-12-29 12:46:18,254 - ERROR - Error in sending simulation request: 400 Client Error: Bad Request for url: https://api.worldquantbrain.com/simulations
2025-12-29 12:46:18,255 - ERROR - Error in sending simulation request. Retrying after 5s...
2025-12-29 12:46:23,510 - ERROR - Error in sending simulation request: 400 Client Error: Bad Request for url: https://api.worldquantbrain.com/simulations
2025-12-29 12:46:23,510 - ERROR - Error in sending simulation request. Retrying after 5s...
2025-12-29 12:46:28,772 - ERROR - Error in sending simulation request: 400 Client Error: Bad Request for url: https://api.worldquantbrain.com/simulations
2025-12-29 12:46:28,772 - ERROR - Error in sending simulation request. Retrying after 5s...
2025-12-29 12:46:34,016 - ERROR - Error in sending simulation request: 400 Client Error: Bad Request for url: https://api.worldquantbrain.com/simulations
2025-12-29 12:46:34,980 - INFO - Login to BRAIN successfully.
2025-12-29 12:46:34,980 - ERROR - Error occurred too many times, skipping this alpha and re-logging in.
2025-12-29 12:46:34,981 - ERROR - Simulation request failed after 36 attempts.
2025-12-29 12:46:37,993 - INFO - No one is in active simulation now
2025-12-29 12:46:37,993 - INFO - Loading new alpha...
2025-12-29 12:46:37,993 - INFO - Starting simulation for alpha: ts_rank(ts_delta(model46, 1), 30) with settings: {'instrumentType': 'EQUITY', 'region': 'IND', 'universe': 'TOP2000', 'delay': 1, 'decay': 8, 'neutralization': 'sector', 'truncation': 0.01, 'pasteurization': 'ON', 'unitHandling': 'VERIFY', 'nanHandling': 'ON', 'language': 'FASTEXPR', 'visualization': False}
2025-12-29 12:46:38,240 - ERROR - Error in sending simulation request: 400 Client Error: Bad Request for url: https://api.worldquantbrain.com/simulations
2025-12-29 12:46:38,240 - ERROR - Error in sending simulation request. Retrying after 5s...
2025-12-29 12:46:43,491 - ERROR - Error in sending simulation request: 400 Client Error: Bad Request for url: https://api.worldquantbrain.com/simulations
2025-12-29 12:46:43,492 - ERROR - Error in sending simulation request. Retrying after 5s...
2025-12-29 12:46:48,744 - ERROR - Error in sending simulation request: 400 Client Error: Bad Request for url: https://api.worldquantbrain.com/simulations
2025-12-29 12:46:48,744 - ERROR - Error in sending simulation request. Retrying after 5s...
2025-12-29 12:46:53,988 - ERROR - Error in sending simulation request: 400 Client Error: Bad Request for url: https://api.worldquantbrain.com/simulations
2025-12-29 12:46:53,988 - ERROR - Error in sending simulation request. Retrying after 5s...
2025-12-29 12:46:59,232 - ERROR - Error in sending simulation request: 400 Client Error: Bad Request for url: https://api.worldquantbrain.com/simulations
2025-12-29 12:46:59,233 - ERROR - Error in sending simulation request. Retrying after 5s...
2025-12-29 12:47:04,491 - ERROR - Error in sending simulation request: 400 Client Error: Bad Request for url: https://api.worldquantbrain.com/simulations
2025-12-29 12:47:04,492 - ERROR - Error in sending simulation request. Retrying after 5s...
2025-12-29 12:47:09,747 - ERROR - Error in sending simulation request: 400 Client Error: Bad Request for url: https://api.worldquantbrain.com/simulations
2025-12-29 12:47:09,747 - ERROR - Error in sending simulation request. Retrying after 5s...
2025-12-29 12:47:15,022 - ERROR - Error in sending simulation request: 400 Client Error: Bad Request for url: https://api.worldquantbrain.com/simulations
2025-12-29 12:47:15,022 - ERROR - Error in sending simulation request. Retrying after 5s...
2025-12-29 12:47:20,278 - ERROR - Error in sending simulation request: 400 Client Error: Bad Request for url: https://api.worldquantbrain.com/simulations
2025-12-29 12:47:20,278 - ERROR - Error in sending simulation request. Retrying after 5s...
2025-12-29 12:47:25,539 - ERROR - Error in sending simulation request: 400 Client Error: Bad Request for url: https://api.worldquantbrain.com/simulations
2025-12-29 12:47:25,539 - ERROR - Error in sending simulation request. Retrying after 5s...
2025-12-29 12:47:30,795 - ERROR - Error in sending simulation request: 400 Client Error: Bad Request for url: https://api.worldquantbrain.com/simulations
2025-12-29 12:47:30,795 - ERROR - Error in sending simulation request. Retrying after 5s...
2025-12-29 12:47:36,050 - ERROR - Error in sending simulation request: 400 Client Error: Bad Request for url: https://api.worldquantbrain.com/simulations
2025-12-29 12:47:36,051 - ERROR - Error in sending simulation request. Retrying after 5s...
2025-12-29 12:47:41,312 - ERROR - Error in sending simulation request: 400 Client Error: Bad Request for url: https://api.worldquantbrain.com/simulations
2025-12-29 12:47:41,312 - ERROR - Error in sending simulation request. Retrying after 5s...
2025-12-29 12:47:46,556 - ERROR - Error in sending simulation request: 400 Client Error: Bad Request for url: https://api.worldquantbrain.com/simulations
2025-12-29 12:47:46,557 - ERROR - Error in sending simulation request. Retrying after 5s...
2025-12-29 12:47:51,802 - ERROR - Error in sending simulation request: 400 Client Error: Bad Request for url: https://api.worldquantbrain.com/simulations
2025-12-29 12:47:51,802 - ERROR - Error in sending simulation request. Retrying after 5s...
2025-12-29 12:47:57,046 - ERROR - Error in sending simulation request: 400 Client Error: Bad Request for url: https://api.worldquantbrain.com/simulations
2025-12-29 12:47:57,047 - ERROR - Error in sending simulation request. Retrying after 5s...
2025-12-29 12:48:02,302 - ERROR - Error in sending simulation request: 400 Client Error: Bad Request for url: https://api.worldquantbrain.com/simulations
2025-12-29 12:48:02,302 - ERROR - Error in sending simulation request. Retrying after 5s...
2025-12-29 12:48:07,577 - ERROR - Error in sending simulation request: 400 Client Error: Bad Request for url: https://api.worldquantbrain.com/simulations
2025-12-29 12:48:07,578 - ERROR - Error in sending simulation request. Retrying after 5s...
2025-12-29 12:48:12,840 - ERROR - Error in sending simulation request: 400 Client Error: Bad Request for url: https://api.worldquantbrain.com/simulations
2025-12-29 12:48:12,840 - ERROR - Error in sending simulation request. Retrying after 5s...
2025-12-29 12:48:18,526 - ERROR - Error in sending simulation request: 400 Client Error: Bad Request for url: https://api.worldquantbrain.com/simulations
2025-12-29 12:48:18,526 - ERROR - Error in sending simulation request. Retrying after 5s...
2025-12-29 12:48:23,774 - ERROR - Error in sending simulation request: 400 Client Error: Bad Request for url: https://api.worldquantbrain.com/simulations
2025-12-29 12:48:23,774 - ERROR - Error in sending simulation request. Retrying after 5s...
2025-12-29 12:48:29,032 - ERROR - Error in sending simulation request: 400 Client Error: Bad Request for url: https://api.worldquantbrain.com/simulations
2025-12-29 12:48:29,032 - ERROR - Error in sending simulation request. Retrying after 5s...
2025-12-29 12:48:34,718 - ERROR - Error in sending simulation request: 400 Client Error: Bad Request for url: https://api.worldquantbrain.com/simulations
2025-12-29 12:48:34,718 - ERROR - Error in sending simulation request. Retrying after 5s...
2025-12-29 12:48:39,968 - ERROR - Error in sending simulation request: 400 Client Error: Bad Request for url: https://api.worldquantbrain.com/simulations
2025-12-29 12:48:39,969 - ERROR - Error in sending simulation request. Retrying after 5s...
2025-12-29 12:48:45,666 - ERROR - Error in sending simulation request: 400 Client Error: Bad Request for url: https://api.worldquantbrain.com/simulations
2025-12-29 12:48:45,666 - ERROR - Error in sending simulation request. Retrying after 5s...
2025-12-29 12:48:50,979 - ERROR - Error in sending simulation request: 400 Client Error: Bad Request for url: https://api.worldquantbrain.com/simulations
2025-12-29 12:48:50,980 - ERROR - Error in sending simulation request. Retrying after 5s...
2025-12-29 12:48:56,237 - ERROR - Error in sending simulation request: 400 Client Error: Bad Request for url: https://api.worldquantbrain.com/simulations
2025-12-29 12:48:56,237 - ERROR - Error in sending simulation request. Retrying after 5s...
2025-12-29 12:49:01,490 - ERROR - Error in sending simulation request: 400 Client Error: Bad Request for url: https://api.worldquantbrain.com/simulations
2025-12-29 12:49:01,490 - ERROR - Error in sending simulation request. Retrying after 5s...
2025-12-29 12:49:06,746 - ERROR - Error in sending simulation request: 400 Client Error: Bad Request for url: https://api.worldquantbrain.com/simulations
2025-12-29 12:49:06,746 - ERROR - Error in sending simulation request. Retrying after 5s...
2025-12-29 12:49:11,999 - ERROR - Error in sending simulation request: 400 Client Error: Bad Request for url: https://api.worldquantbrain.com/simulations
2025-12-29 12:49:11,999 - ERROR - Error in sending simulation request. Retrying after 5s...
2025-12-29 12:49:17,261 - ERROR - Error in sending simulation request: 400 Client Error: Bad Request for url: https://api.worldquantbrain.com/simulations
2025-12-29 12:49:17,261 - ERROR - Error in sending simulation request. Retrying after 5s...
2025-12-29 12:49:22,537 - ERROR - Error in sending simulation request: 400 Client Error: Bad Request for url: https://api.worldquantbrain.com/simulations
2025-12-29 12:49:22,538 - ERROR - Error in sending simulation request. Retrying after 5s...
2025-12-29 12:49:27,787 - ERROR - Error in sending simulation request: 400 Client Error: Bad Request for url: https://api.worldquantbrain.com/simulations
2025-12-29 12:49:27,787 - ERROR - Error in sending simulation request. Retrying after 5s...
2025-12-29 12:49:33,036 - ERROR - Error in sending simulation request: 400 Client Error: Bad Request for url: https://api.worldquantbrain.com/simulations
2025-12-29 12:49:33,037 - ERROR - Error in sending simulation request. Retrying after 5s...
2025-12-29 12:49:38,284 - ERROR - Error in sending simulation request: 400 Client Error: Bad Request for url: https://api.worldquantbrain.com/simulations
2025-12-29 12:49:38,284 - ERROR - Error in sending simulation request. Retrying after 5s...
2025-12-29 12:49:43,535 - ERROR - Error in sending simulation request: 400 Client Error: Bad Request for url: https://api.worldquantbrain.com/simulations
2025-12-29 12:49:43,535 - ERROR - Error in sending simulation request. Retrying after 5s...
2025-12-29 12:49:48,864 - ERROR - Error in sending simulation request: 400 Client Error: Bad Request for url: https://api.worldquantbrain.com/simulations
2025-12-29 12:49:49,821 - INFO - Login to BRAIN successfully.
2025-12-29 12:49:49,821 - ERROR - Error occurred too many times, skipping this alpha and re-logging in.
2025-12-29 12:49:49,821 - ERROR - Simulation request failed after 36 attempts.
2025-12-29 12:49:52,833 - INFO - No one is in active simulation now
2025-12-29 12:49:52,833 - INFO - Loading new alpha...
2025-12-29 12:49:52,833 - INFO - Starting simulation for alpha: ts_zscore(model26, 30) with settings: {'instrumentType': 'EQUITY', 'region': 'IND', 'universe': 'TOP2000', 'delay': 1, 'decay': 7, 'neutralization': 'exchange', 'truncation': 0.01, 'pasteurization': 'ON', 'unitHandling': 'VERIFY', 'nanHandling': 'ON', 'language': 'FASTEXPR', 'visualization': False}
2025-12-29 12:49:53,698 - ERROR - Error in sending simulation request: 400 Client Error: Bad Request for url: https://api.worldquantbrain.com/simulations
2025-12-29 12:49:53,698 - ERROR - Error in sending simulation request. Retrying after 5s...
2025-12-29 12:49:58,943 - ERROR - Error in sending simulation request: 400 Client Error: Bad Request for url: https://api.worldquantbrain.com/simulations
2025-12-29 12:49:58,943 - ERROR - Error in sending simulation request. Retrying after 5s...
2025-12-29 12:50:04,237 - ERROR - Error in sending simulation request: 400 Client Error: Bad Request for url: https://api.worldquantbrain.com/simulations
2025-12-29 12:50:04,237 - ERROR - Error in sending simulation request. Retrying after 5s...
2025-12-29 12:50:09,482 - ERROR - Error in sending simulation request: 400 Client Error: Bad Request for url: https://api.worldquantbrain.com/simulations
2025-12-29 12:50:09,483 - ERROR - Error in sending simulation request. Retrying after 5s...
2025-12-29 12:50:14,727 - ERROR - Error in sending simulation request: 400 Client Error: Bad Request for url: https://api.worldquantbrain.com/simulations
2025-12-29 12:50:14,727 - ERROR - Error in sending simulation request. Retrying after 5s...
2025-12-29 12:50:20,013 - ERROR - Error in sending simulation request: 400 Client Error: Bad Request for url: https://api.worldquantbrain.com/simulations
2025-12-29 12:50:20,013 - ERROR - Error in sending simulation request. Retrying after 5s...
2025-12-29 12:50:25,275 - ERROR - Error in sending simulation request: 400 Client Error: Bad Request for url: https://api.worldquantbrain.com/simulations
2025-12-29 12:50:25,275 - ERROR - Error in sending simulation request. Retrying after 5s...
2025-12-29 12:50:30,524 - ERROR - Error in sending simulation request: 400 Client Error: Bad Request for url: https://api.worldquantbrain.com/simulations
2025-12-29 12:50:30,524 - ERROR - Error in sending simulation request. Retrying after 5s...
2025-12-29 12:50:35,777 - ERROR - Error in sending simulation request: 400 Client Error: Bad Request for url: https://api.worldquantbrain.com/simulations
2025-12-29 12:50:35,778 - ERROR - Error in sending simulation request. Retrying after 5s...
2025-12-29 12:50:41,026 - ERROR - Error in sending simulation request: 400 Client Error: Bad Request for url: https://api.worldquantbrain.com/simulations
2025-12-29 12:50:41,026 - ERROR - Error in sending simulation request. Retrying after 5s...
2025-12-29 12:50:46,714 - ERROR - Error in sending simulation request: 400 Client Error: Bad Request for url: https://api.worldquantbrain.com/simulations
2025-12-29 12:50:46,715 - ERROR - Error in sending simulation request. Retrying after 5s...
2025-12-29 12:50:51,967 - ERROR - Error in sending simulation request: 400 Client Error: Bad Request for url: https://api.worldquantbrain.com/simulations
2025-12-29 12:50:51,967 - ERROR - Error in sending simulation request. Retrying after 5s...
2025-12-29 12:50:57,238 - ERROR - Error in sending simulation request: 400 Client Error: Bad Request for url: https://api.worldquantbrain.com/simulations
2025-12-29 12:50:57,238 - ERROR - Error in sending simulation request. Retrying after 5s...
2025-12-29 12:51:02,943 - ERROR - Error in sending simulation request: 400 Client Error: Bad Request for url: https://api.worldquantbrain.com/simulations
2025-12-29 12:51:02,943 - ERROR - Error in sending simulation request. Retrying after 5s...
2025-12-29 12:51:08,179 - ERROR - Error in sending simulation request: 400 Client Error: Bad Request for url: https://api.worldquantbrain.com/simulations
2025-12-29 12:51:08,179 - ERROR - Error in sending simulation request. Retrying after 5s...
2025-12-29 12:51:13,425 - ERROR - Error in sending simulation request: 400 Client Error: Bad Request for url: https://api.worldquantbrain.com/simulations
2025-12-29 12:51:13,425 - ERROR - Error in sending simulation request. Retrying after 5s...
2025-12-29 12:51:18,672 - ERROR - Error in sending simulation request: 400 Client Error: Bad Request for url: https://api.worldquantbrain.com/simulations
2025-12-29 12:51:18,672 - ERROR - Error in sending simulation request. Retrying after 5s...
2025-12-29 12:51:23,987 - ERROR - Error in sending simulation request: 400 Client Error: Bad Request for url: https://api.worldquantbrain.com/simulations
2025-12-29 12:51:23,987 - ERROR - Error in sending simulation request. Retrying after 5s...
2025-12-29 12:51:29,479 - ERROR - Error in sending simulation request: 400 Client Error: Bad Request for url: https://api.worldquantbrain.com/simulations
2025-12-29 12:51:29,480 - ERROR - Error in sending simulation request. Retrying after 5s...
2025-12-29 12:51:34,720 - ERROR - Error in sending simulation request: 400 Client Error: Bad Request for url: https://api.worldquantbrain.com/simulations
2025-12-29 12:51:34,721 - ERROR - Error in sending simulation request. Retrying after 5s...
2025-12-29 12:51:39,968 - ERROR - Error in sending simulation request: 400 Client Error: Bad Request for url: https://api.worldquantbrain.com/simulations
2025-12-29 12:51:39,969 - ERROR - Error in sending simulation request. Retrying after 5s...
2025-12-29 12:51:45,206 - ERROR - Error in sending simulation request: 400 Client Error: Bad Request for url: https://api.worldquantbrain.com/simulations
2025-12-29 12:51:45,206 - ERROR - Error in sending simulation request. Retrying after 5s...
2025-12-29 12:51:50,480 - ERROR - Error in sending simulation request: 400 Client Error: Bad Request for url: https://api.worldquantbrain.com/simulations
2025-12-29 12:51:50,480 - ERROR - Error in sending simulation request. Retrying after 5s...
2025-12-29 12:51:55,725 - ERROR - Error in sending simulation request: 400 Client Error: Bad Request for url: https://api.worldquantbrain.com/simulations
2025-12-29 12:51:55,725 - ERROR - Error in sending simulation request. Retrying after 5s...
2025-12-29 12:52:00,976 - ERROR - Error in sending simulation request: 400 Client Error: Bad Request for url: https://api.worldquantbrain.com/simulations
2025-12-29 12:52:00,976 - ERROR - Error in sending simulation request. Retrying after 5s...
2025-12-29 12:52:06,225 - ERROR - Error in sending simulation request: 400 Client Error: Bad Request for url: https://api.worldquantbrain.com/simulations
2025-12-29 12:52:06,227 - ERROR - Error in sending simulation request. Retrying after 5s...
2025-12-29 12:52:11,479 - ERROR - Error in sending simulation request: 400 Client Error: Bad Request for url: https://api.worldquantbrain.com/simulations
2025-12-29 12:52:11,480 - ERROR - Error in sending simulation request. Retrying after 5s...
2025-12-29 12:52:16,728 - ERROR - Error in sending simulation request: 400 Client Error: Bad Request for url: https://api.worldquantbrain.com/simulations
2025-12-29 12:52:16,728 - ERROR - Error in sending simulation request. Retrying after 5s...
2025-12-29 12:52:21,980 - ERROR - Error in sending simulation request: 400 Client Error: Bad Request for url: https://api.worldquantbrain.com/simulations
2025-12-29 12:52:21,980 - ERROR - Error in sending simulation request. Retrying after 5s...
2025-12-29 12:52:27,226 - ERROR - Error in sending simulation request: 400 Client Error: Bad Request for url: https://api.worldquantbrain.com/simulations
2025-12-29 12:52:27,226 - ERROR - Error in sending simulation request. Retrying after 5s...
2025-12-29 12:52:32,474 - ERROR - Error in sending simulation request: 400 Client Error: Bad Request for url: https://api.worldquantbrain.com/simulations
2025-12-29 12:52:32,475 - ERROR - Error in sending simulation request. Retrying after 5s...
2025-12-29 12:52:37,725 - ERROR - Error in sending simulation request: 400 Client Error: Bad Request for url: https://api.worldquantbrain.com/simulations
2025-12-29 12:52:37,726 - ERROR - Error in sending simulation request. Retrying after 5s...
2025-12-29 12:52:43,003 - ERROR - Error in sending simulation request: 400 Client Error: Bad Request for url: https://api.worldquantbrain.com/simulations
2025-12-29 12:52:43,003 - ERROR - Error in sending simulation request. Retrying after 5s...
2025-12-29 12:52:48,257 - ERROR - Error in sending simulation request: 400 Client Error: Bad Request for url: https://api.worldquantbrain.com/simulations
2025-12-29 12:52:48,259 - ERROR - Error in sending simulation request. Retrying after 5s...
2025-12-29 12:52:53,511 - ERROR - Error in sending simulation request: 400 Client Error: Bad Request for url: https://api.worldquantbrain.com/simulations
2025-12-29 12:52:53,511 - ERROR - Error in sending simulation request. Retrying after 5s...
2025-12-29 12:52:58,778 - ERROR - Error in sending simulation request: 400 Client Error: Bad Request for url: https://api.worldquantbrain.com/simulations
2025-12-29 12:52:58,778 - ERROR - Error in sending simulation request. Retrying after 5s...
2025-12-29 12:53:04,028 - ERROR - Error in sending simulation request: 400 Client Error: Bad Request for url: https://api.worldquantbrain.com/simulations
2025-12-29 12:53:05,983 - INFO - Login to BRAIN successfully.
2025-12-29 12:53:05,983 - ERROR - Error occurred too many times, skipping this alpha and re-logging in.
2025-12-29 12:53:05,983 - ERROR - Simulation request failed after 36 attempts.
2025-12-29 12:53:08,994 - INFO - No one is in active simulation now
2025-12-29 12:53:08,994 - INFO - Loading new alpha...
2025-12-29 12:53:08,994 - INFO - Starting simulation for alpha: ts_delta(ts_mean(inflation, 40), 1) with settings: {'instrumentType': 'EQUITY', 'region': 'IND', 'universe': 'TOP2000', 'delay': 1, 'decay': 6, 'neutralization': 'industry', 'truncation': 0.01, 'pasteurization': 'ON', 'unitHandling': 'VERIFY', 'nanHandling': 'ON', 'language': 'FASTEXPR', 'visualization': False}
2025-12-29 12:53:09,236 - ERROR - Error in sending simulation request: 400 Client Error: Bad Request for url: https://api.worldquantbrain.com/simulations
2025-12-29 12:53:09,236 - ERROR - Error in sending simulation request. Retrying after 5s...
2025-12-29 12:53:14,520 - ERROR - Error in sending simulation request: 400 Client Error: Bad Request for url: https://api.worldquantbrain.com/simulations
2025-12-29 12:53:14,520 - ERROR - Error in sending simulation request. Retrying after 5s...
2025-12-29 12:53:19,781 - ERROR - Error in sending simulation request: 400 Client Error: Bad Request for url: https://api.worldquantbrain.com/simulations
2025-12-29 12:53:19,782 - ERROR - Error in sending simulation request. Retrying after 5s...
2025-12-29 12:53:25,540 - ERROR - Error in sending simulation request: 400 Client Error: Bad Request for url: https://api.worldquantbrain.com/simulations
2025-12-29 12:53:25,540 - ERROR - Error in sending simulation request. Retrying after 5s...
2025-12-29 12:53:30,790 - ERROR - Error in sending simulation request: 400 Client Error: Bad Request for url: https://api.worldquantbrain.com/simulations
2025-12-29 12:53:30,790 - ERROR - Error in sending simulation request. Retrying after 5s...
2025-12-29 12:53:36,034 - ERROR - Error in sending simulation request: 400 Client Error: Bad Request for url: https://api.worldquantbrain.com/simulations
2025-12-29 12:53:36,035 - ERROR - Error in sending simulation request. Retrying after 5s...
2025-12-29 12:53:41,304 - ERROR - Error in sending simulation request: 400 Client Error: Bad Request for url: https://api.worldquantbrain.com/simulations
2025-12-29 12:53:41,304 - ERROR - Error in sending simulation request. Retrying after 5s...
2025-12-29 12:53:46,555 - ERROR - Error in sending simulation request: 400 Client Error: Bad Request for url: https://api.worldquantbrain.com/simulations
2025-12-29 12:53:46,556 - ERROR - Error in sending simulation request. Retrying after 5s...
2025-12-29 12:53:51,855 - ERROR - Error in sending simulation request: 400 Client Error: Bad Request for url: https://api.worldquantbrain.com/simulations
2025-12-29 12:53:51,855 - ERROR - Error in sending simulation request. Retrying after 5s...
2025-12-29 12:53:57,105 - ERROR - Error in sending simulation request: 400 Client Error: Bad Request for url: https://api.worldquantbrain.com/simulations
2025-12-29 12:53:57,105 - ERROR - Error in sending simulation request. Retrying after 5s...
2025-12-29 12:54:02,353 - ERROR - Error in sending simulation request: 400 Client Error: Bad Request for url: https://api.worldquantbrain.com/simulations
2025-12-29 12:54:02,353 - ERROR - Error in sending simulation request. Retrying after 5s...
2025-12-29 12:54:07,612 - ERROR - Error in sending simulation request: 400 Client Error: Bad Request for url: https://api.worldquantbrain.com/simulations
2025-12-29 12:54:07,612 - ERROR - Error in sending simulation request. Retrying after 5s...
2025-12-29 12:54:13,315 - ERROR - Error in sending simulation request: 400 Client Error: Bad Request for url: https://api.worldquantbrain.com/simulations
2025-12-29 12:54:13,316 - ERROR - Error in sending simulation request. Retrying after 5s...
2025-12-29 12:54:18,588 - ERROR - Error in sending simulation request: 400 Client Error: Bad Request for url: https://api.worldquantbrain.com/simulations
2025-12-29 12:54:18,588 - ERROR - Error in sending simulation request. Retrying after 5s...
2025-12-29 12:54:23,841 - ERROR - Error in sending simulation request: 400 Client Error: Bad Request for url: https://api.worldquantbrain.com/simulations
2025-12-29 12:54:23,841 - ERROR - Error in sending simulation request. Retrying after 5s...
2025-12-29 12:54:29,121 - ERROR - Error in sending simulation request: 400 Client Error: Bad Request for url: https://api.worldquantbrain.com/simulations
2025-12-29 12:54:29,122 - ERROR - Error in sending simulation request. Retrying after 5s...
2025-12-29 12:54:34,377 - ERROR - Error in sending simulation request: 400 Client Error: Bad Request for url: https://api.worldquantbrain.com/simulations
2025-12-29 12:54:34,377 - ERROR - Error in sending simulation request. Retrying after 5s...
2025-12-29 12:54:39,630 - ERROR - Error in sending simulation request: 400 Client Error: Bad Request for url: https://api.worldquantbrain.com/simulations
2025-12-29 12:54:39,630 - ERROR - Error in sending simulation request. Retrying after 5s...
2025-12-29 12:54:44,873 - ERROR - Error in sending simulation request: 400 Client Error: Bad Request for url: https://api.worldquantbrain.com/simulations
2025-12-29 12:54:44,873 - ERROR - Error in sending simulation request. Retrying after 5s...
2025-12-29 12:54:50,121 - ERROR - Error in sending simulation request: 400 Client Error: Bad Request for url: https://api.worldquantbrain.com/simulations
2025-12-29 12:54:50,121 - ERROR - Error in sending simulation request. Retrying after 5s...
2025-12-29 12:54:55,376 - ERROR - Error in sending simulation request: 400 Client Error: Bad Request for url: https://api.worldquantbrain.com/simulations
2025-12-29 12:54:55,376 - ERROR - Error in sending simulation request. Retrying after 5s...
2025-12-29 12:55:00,629 - ERROR - Error in sending simulation request: 400 Client Error: Bad Request for url: https://api.worldquantbrain.com/simulations
2025-12-29 12:55:00,629 - ERROR - Error in sending simulation request. Retrying after 5s...
2025-12-29 12:55:05,881 - ERROR - Error in sending simulation request: 400 Client Error: Bad Request for url: https://api.worldquantbrain.com/simulations
2025-12-29 12:55:05,881 - ERROR - Error in sending simulation request. Retrying after 5s...
2025-12-29 12:55:11,121 - ERROR - Error in sending simulation request: 400 Client Error: Bad Request for url: https://api.worldquantbrain.com/simulations
2025-12-29 12:55:11,121 - ERROR - Error in sending simulation request. Retrying after 5s...
2025-12-29 12:55:16,374 - ERROR - Error in sending simulation request: 400 Client Error: Bad Request for url: https://api.worldquantbrain.com/simulations
2025-12-29 12:55:16,375 - ERROR - Error in sending simulation request. Retrying after 5s...
2025-12-29 12:55:21,623 - ERROR - Error in sending simulation request: 400 Client Error: Bad Request for url: https://api.worldquantbrain.com/simulations
2025-12-29 12:55:21,624 - ERROR - Error in sending simulation request. Retrying after 5s...
2025-12-29 12:55:26,864 - ERROR - Error in sending simulation request: 400 Client Error: Bad Request for url: https://api.worldquantbrain.com/simulations
2025-12-29 12:55:26,864 - ERROR - Error in sending simulation request. Retrying after 5s...
2025-12-29 12:55:32,111 - ERROR - Error in sending simulation request: 400 Client Error: Bad Request for url: https://api.worldquantbrain.com/simulations
2025-12-29 12:55:32,112 - ERROR - Error in sending simulation request. Retrying after 5s...
2025-12-29 12:55:37,357 - ERROR - Error in sending simulation request: 400 Client Error: Bad Request for url: https://api.worldquantbrain.com/simulations
2025-12-29 12:55:37,357 - ERROR - Error in sending simulation request. Retrying after 5s...
2025-12-29 12:55:42,609 - ERROR - Error in sending simulation request: 400 Client Error: Bad Request for url: https://api.worldquantbrain.com/simulations
2025-12-29 12:55:42,609 - ERROR - Error in sending simulation request. Retrying after 5s...
2025-12-29 12:55:47,851 - ERROR - Error in sending simulation request: 400 Client Error: Bad Request for url: https://api.worldquantbrain.com/simulations
2025-12-29 12:55:47,851 - ERROR - Error in sending simulation request. Retrying after 5s...
2025-12-29 12:55:53,102 - ERROR - Error in sending simulation request: 400 Client Error: Bad Request for url: https://api.worldquantbrain.com/simulations
2025-12-29 12:55:53,103 - ERROR - Error in sending simulation request. Retrying after 5s...
2025-12-29 12:55:58,348 - ERROR - Error in sending simulation request: 400 Client Error: Bad Request for url: https://api.worldquantbrain.com/simulations
2025-12-29 12:55:58,349 - ERROR - Error in sending simulation request. Retrying after 5s...
2025-12-29 12:56:03,598 - ERROR - Error in sending simulation request: 400 Client Error: Bad Request for url: https://api.worldquantbrain.com/simulations
2025-12-29 12:56:03,598 - ERROR - Error in sending simulation request. Retrying after 5s...
2025-12-29 12:56:08,847 - ERROR - Error in sending simulation request: 400 Client Error: Bad Request for url: https://api.worldquantbrain.com/simulations
2025-12-29 12:56:08,847 - ERROR - Error in sending simulation request. Retrying after 5s...
2025-12-29 12:56:14,135 - ERROR - Error in sending simulation request: 400 Client Error: Bad Request for url: https://api.worldquantbrain.com/simulations
2025-12-29 12:56:14,135 - ERROR - Error in sending simulation request. Retrying after 5s...
2025-12-29 12:56:19,399 - ERROR - Error in sending simulation request: 400 Client Error: Bad Request for url: https://api.worldquantbrain.com/simulations
2025-12-29 12:56:20,364 - INFO - Login to BRAIN successfully.
2025-12-29 12:56:20,364 - ERROR - Error occurred too many times, skipping this alpha and re-logging in.
2025-12-29 12:56:20,364 - ERROR - Simulation request failed after 36 attempts.
2025-12-29 12:56:23,375 - INFO - No one is in active simulation now
2025-12-29 12:56:23,376 - INFO - Loading new alpha...
2025-12-29 12:56:23,376 - INFO - Starting simulation for alpha: group_neutralize(ts_delta(current_account, 1) - ts_mean(ts_delta(current_account, 1), 60), subindustry) with settings: {'instrumentType': 'EQUITY', 'region': 'IND', 'universe': 'TOP2000', 'delay': 1, 'decay': 4, 'neutralization': 'country', 'truncation': 0.01, 'pasteurization': 'ON', 'unitHandling': 'VERIFY', 'nanHandling': 'ON', 'language': 'FASTEXPR', 'visualization': False}
2025-12-29 12:56:23,652 - ERROR - Error in sending simulation request: 400 Client Error: Bad Request for url: https://api.worldquantbrain.com/simulations
2025-12-29 12:56:23,652 - ERROR - Error in sending simulation request. Retrying after 5s...
2025-12-29 12:56:28,937 - ERROR - Error in sending simulation request: 400 Client Error: Bad Request for url: https://api.worldquantbrain.com/simulations
2025-12-29 12:56:28,938 - ERROR - Error in sending simulation request. Retrying after 5s...
2025-12-29 12:56:34,183 - ERROR - Error in sending simulation request: 400 Client Error: Bad Request for url: https://api.worldquantbrain.com/simulations
2025-12-29 12:56:34,184 - ERROR - Error in sending simulation request. Retrying after 5s...
2025-12-29 12:56:39,434 - ERROR - Error in sending simulation request: 400 Client Error: Bad Request for url: https://api.worldquantbrain.com/simulations
2025-12-29 12:56:39,435 - ERROR - Error in sending simulation request. Retrying after 5s...
2025-12-29 12:56:44,690 - ERROR - Error in sending simulation request: 400 Client Error: Bad Request for url: https://api.worldquantbrain.com/simulations
2025-12-29 12:56:44,690 - ERROR - Error in sending simulation request. Retrying after 5s...
2025-12-29 12:56:49,937 - ERROR - Error in sending simulation request: 400 Client Error: Bad Request for url: https://api.worldquantbrain.com/simulations
2025-12-29 12:56:49,937 - ERROR - Error in sending simulation request. Retrying after 5s...
2025-12-29 12:56:55,452 - ERROR - Error in sending simulation request: 400 Client Error: Bad Request for url: https://api.worldquantbrain.com/simulations
2025-12-29 12:56:55,452 - ERROR - Error in sending simulation request. Retrying after 5s...
2025-12-29 12:57:00,705 - ERROR - Error in sending simulation request: 400 Client Error: Bad Request for url: https://api.worldquantbrain.com/simulations
2025-12-29 12:57:00,705 - ERROR - Error in sending simulation request. Retrying after 5s...
2025-12-29 12:57:05,957 - ERROR - Error in sending simulation request: 400 Client Error: Bad Request for url: https://api.worldquantbrain.com/simulations
2025-12-29 12:57:05,957 - ERROR - Error in sending simulation request. Retrying after 5s...
2025-12-29 12:57:11,211 - ERROR - Error in sending simulation request: 400 Client Error: Bad Request for url: https://api.worldquantbrain.com/simulations
2025-12-29 12:57:11,211 - ERROR - Error in sending simulation request. Retrying after 5s...
2025-12-29 12:57:16,463 - ERROR - Error in sending simulation request: 400 Client Error: Bad Request for url: https://api.worldquantbrain.com/simulations
2025-12-29 12:57:16,463 - ERROR - Error in sending simulation request. Retrying after 5s...
2025-12-29 12:57:22,606 - ERROR - Error in sending simulation request: 400 Client Error: Bad Request for url: https://api.worldquantbrain.com/simulations
2025-12-29 12:57:22,606 - ERROR - Error in sending simulation request. Retrying after 5s...
2025-12-29 12:57:27,853 - ERROR - Error in sending simulation request: 400 Client Error: Bad Request for url: https://api.worldquantbrain.com/simulations
2025-12-29 12:57:27,854 - ERROR - Error in sending simulation request. Retrying after 5s...
2025-12-29 12:57:33,255 - ERROR - Error in sending simulation request: 400 Client Error: Bad Request for url: https://api.worldquantbrain.com/simulations
2025-12-29 12:57:33,256 - ERROR - Error in sending simulation request. Retrying after 5s...
2025-12-29 12:57:38,501 - ERROR - Error in sending simulation request: 400 Client Error: Bad Request for url: https://api.worldquantbrain.com/simulations
2025-12-29 12:57:38,501 - ERROR - Error in sending simulation request. Retrying after 5s...
2025-12-29 12:57:43,745 - ERROR - Error in sending simulation request: 400 Client Error: Bad Request for url: https://api.worldquantbrain.com/simulations
2025-12-29 12:57:43,745 - ERROR - Error in sending simulation request. Retrying after 5s...
2025-12-29 12:57:48,999 - ERROR - Error in sending simulation request: 400 Client Error: Bad Request for url: https://api.worldquantbrain.com/simulations
2025-12-29 12:57:49,000 - ERROR - Error in sending simulation request. Retrying after 5s...
2025-12-29 12:57:54,252 - ERROR - Error in sending simulation request: 400 Client Error: Bad Request for url: https://api.worldquantbrain.com/simulations
2025-12-29 12:57:54,254 - ERROR - Error in sending simulation request. Retrying after 5s...
2025-12-29 12:57:59,607 - ERROR - Error in sending simulation request: 400 Client Error: Bad Request for url: https://api.worldquantbrain.com/simulations
2025-12-29 12:57:59,607 - ERROR - Error in sending simulation request. Retrying after 5s...
2025-12-29 12:58:04,860 - ERROR - Error in sending simulation request: 400 Client Error: Bad Request for url: https://api.worldquantbrain.com/simulations
2025-12-29 12:58:04,860 - ERROR - Error in sending simulation request. Retrying after 5s...
2025-12-29 12:58:10,103 - ERROR - Error in sending simulation request: 400 Client Error: Bad Request for url: https://api.worldquantbrain.com/simulations
2025-12-29 12:58:10,103 - ERROR - Error in sending simulation request. Retrying after 5s...
2025-12-29 12:58:19,142 - ERROR - Error in sending simulation request: 400 Client Error: Bad Request for url: https://api.worldquantbrain.com/simulations
2025-12-29 12:58:19,142 - ERROR - Error in sending simulation request. Retrying after 5s...
2025-12-29 12:58:24,385 - ERROR - Error in sending simulation request: 400 Client Error: Bad Request for url: https://api.worldquantbrain.com/simulations
2025-12-29 12:58:24,385 - ERROR - Error in sending simulation request. Retrying after 5s...
2025-12-29 12:58:29,635 - ERROR - Error in sending simulation request: 400 Client Error: Bad Request for url: https://api.worldquantbrain.com/simulations
2025-12-29 12:58:29,635 - ERROR - Error in sending simulation request. Retrying after 5s...
2025-12-29 12:58:34,892 - ERROR - Error in sending simulation request: 400 Client Error: Bad Request for url: https://api.worldquantbrain.com/simulations
2025-12-29 12:58:34,893 - ERROR - Error in sending simulation request. Retrying after 5s...
2025-12-29 12:58:40,139 - ERROR - Error in sending simulation request: 400 Client Error: Bad Request for url: https://api.worldquantbrain.com/simulations
2025-12-29 12:58:40,139 - ERROR - Error in sending simulation request. Retrying after 5s...
2025-12-29 12:58:45,385 - ERROR - Error in sending simulation request: 400 Client Error: Bad Request for url: https://api.worldquantbrain.com/simulations
2025-12-29 12:58:45,385 - ERROR - Error in sending simulation request. Retrying after 5s...
2025-12-29 12:58:50,640 - ERROR - Error in sending simulation request: 400 Client Error: Bad Request for url: https://api.worldquantbrain.com/simulations
2025-12-29 12:58:50,641 - ERROR - Error in sending simulation request. Retrying after 5s...
2025-12-29 12:58:55,943 - ERROR - Error in sending simulation request: 400 Client Error: Bad Request for url: https://api.worldquantbrain.com/simulations
2025-12-29 12:58:55,943 - ERROR - Error in sending simulation request. Retrying after 5s...
2025-12-29 12:59:01,203 - ERROR - Error in sending simulation request: 400 Client Error: Bad Request for url: https://api.worldquantbrain.com/simulations
2025-12-29 12:59:01,203 - ERROR - Error in sending simulation request. Retrying after 5s...
2025-12-29 12:59:06,457 - ERROR - Error in sending simulation request: 400 Client Error: Bad Request for url: https://api.worldquantbrain.com/simulations
2025-12-29 12:59:06,458 - ERROR - Error in sending simulation request. Retrying after 5s...
2025-12-29 12:59:11,702 - ERROR - Error in sending simulation request: 400 Client Error: Bad Request for url: https://api.worldquantbrain.com/simulations
2025-12-29 12:59:11,702 - ERROR - Error in sending simulation request. Retrying after 5s...
2025-12-29 12:59:16,997 - ERROR - Error in sending simulation request: 400 Client Error: Bad Request for url: https://api.worldquantbrain.com/simulations
2025-12-29 12:59:16,997 - ERROR - Error in sending simulation request. Retrying after 5s...
2025-12-29 12:59:22,241 - ERROR - Error in sending simulation request: 400 Client Error: Bad Request for url: https://api.worldquantbrain.com/simulations
2025-12-29 12:59:22,241 - ERROR - Error in sending simulation request. Retrying after 5s...
2025-12-29 12:59:27,491 - ERROR - Error in sending simulation request: 400 Client Error: Bad Request for url: https://api.worldquantbrain.com/simulations
2025-12-29 12:59:27,491 - ERROR - Error in sending simulation request. Retrying after 5s...
2025-12-29 12:59:32,748 - ERROR - Error in sending simulation request: 400 Client Error: Bad Request for url: https://api.worldquantbrain.com/simulations
2025-12-29 12:59:32,748 - ERROR - Error in sending simulation request. Retrying after 5s...
2025-12-29 12:59:38,011 - ERROR - Error in sending simulation request: 400 Client Error: Bad Request for url: https://api.worldquantbrain.com/simulations
2025-12-29 12:59:40,110 - INFO - Login to BRAIN successfully.
2025-12-29 12:59:40,110 - ERROR - Error occurred too many times, skipping this alpha and re-logging in.
2025-12-29 12:59:40,110 - ERROR - Simulation request failed after 36 attempts.
2025-12-29 12:59:43,122 - INFO - No one is in active simulation now
2025-12-29 12:59:43,122 - INFO - Loading new alpha...
2025-12-29 12:59:43,122 - INFO - Starting simulation for alpha: ts_rank(ts_delta(current_gdp, 1), 30) with settings: {'instrumentType': 'EQUITY', 'region': 'IND', 'universe': 'TOP2000', 'delay': 1, 'decay': 7, 'neutralization': 'country', 'truncation': 0.01, 'pasteurization': 'ON', 'unitHandling': 'VERIFY', 'nanHandling': 'ON', 'language': 'FASTEXPR', 'visualization': False}
2025-12-29 12:59:43,382 - ERROR - Error in sending simulation request: 400 Client Error: Bad Request for url: https://api.worldquantbrain.com/simulations
2025-12-29 12:59:43,382 - ERROR - Error in sending simulation request. Retrying after 5s...
2025-12-29 12:59:48,633 - ERROR - Error in sending simulation request: 400 Client Error: Bad Request for url: https://api.worldquantbrain.com/simulations
2025-12-29 12:59:48,634 - ERROR - Error in sending simulation request. Retrying after 5s...
2025-12-29 12:59:53,888 - ERROR - Error in sending simulation request: 400 Client Error: Bad Request for url: https://api.worldquantbrain.com/simulations
2025-12-29 12:59:53,888 - ERROR - Error in sending simulation request. Retrying after 5s...
2025-12-29 12:59:59,140 - ERROR - Error in sending simulation request: 400 Client Error: Bad Request for url: https://api.worldquantbrain.com/simulations
2025-12-29 12:59:59,140 - ERROR - Error in sending simulation request. Retrying after 5s...
2025-12-29 13:00:04,388 - ERROR - Error in sending simulation request: 400 Client Error: Bad Request for url: https://api.worldquantbrain.com/simulations
2025-12-29 13:00:04,389 - ERROR - Error in sending simulation request. Retrying after 5s...
2025-12-29 13:00:09,656 - ERROR - Error in sending simulation request: 400 Client Error: Bad Request for url: https://api.worldquantbrain.com/simulations
2025-12-29 13:00:09,656 - ERROR - Error in sending simulation request. Retrying after 5s...
2025-12-29 13:00:14,911 - ERROR - Error in sending simulation request: 400 Client Error: Bad Request for url: https://api.worldquantbrain.com/simulations
2025-12-29 13:00:14,911 - ERROR - Error in sending simulation request. Retrying after 5s...
2025-12-29 13:00:20,188 - ERROR - Error in sending simulation request: 400 Client Error: Bad Request for url: https://api.worldquantbrain.com/simulations
2025-12-29 13:00:20,188 - ERROR - Error in sending simulation request. Retrying after 5s...
2025-12-29 13:00:25,451 - ERROR - Error in sending simulation request: 400 Client Error: Bad Request for url: https://api.worldquantbrain.com/simulations
2025-12-29 13:00:25,455 - ERROR - Error in sending simulation request. Retrying after 5s...
2025-12-29 13:00:30,743 - ERROR - Error in sending simulation request: 400 Client Error: Bad Request for url: https://api.worldquantbrain.com/simulations
2025-12-29 13:00:30,744 - ERROR - Error in sending simulation request. Retrying after 5s...
2025-12-29 13:00:36,018 - ERROR - Error in sending simulation request: 400 Client Error: Bad Request for url: https://api.worldquantbrain.com/simulations
2025-12-29 13:00:36,019 - ERROR - Error in sending simulation request. Retrying after 5s...
2025-12-29 13:00:41,266 - ERROR - Error in sending simulation request: 400 Client Error: Bad Request for url: https://api.worldquantbrain.com/simulations
2025-12-29 13:00:41,267 - ERROR - Error in sending simulation request. Retrying after 5s...
2025-12-29 13:00:46,977 - ERROR - Error in sending simulation request: 400 Client Error: Bad Request for url: https://api.worldquantbrain.com/simulations
2025-12-29 13:00:46,977 - ERROR - Error in sending simulation request. Retrying after 5s...
2025-12-29 13:00:52,220 - ERROR - Error in sending simulation request: 400 Client Error: Bad Request for url: https://api.worldquantbrain.com/simulations
2025-12-29 13:00:52,220 - ERROR - Error in sending simulation request. Retrying after 5s...
2025-12-29 13:00:57,469 - ERROR - Error in sending simulation request: 400 Client Error: Bad Request for url: https://api.worldquantbrain.com/simulations
2025-12-29 13:00:57,469 - ERROR - Error in sending simulation request. Retrying after 5s...
2025-12-29 13:01:02,707 - ERROR - Error in sending simulation request: 400 Client Error: Bad Request for url: https://api.worldquantbrain.com/simulations
2025-12-29 13:01:02,707 - ERROR - Error in sending simulation request. Retrying after 5s...
2025-12-29 13:01:07,959 - ERROR - Error in sending simulation request: 400 Client Error: Bad Request for url: https://api.worldquantbrain.com/simulations
2025-12-29 13:01:07,959 - ERROR - Error in sending simulation request. Retrying after 5s...
2025-12-29 13:01:13,203 - ERROR - Error in sending simulation request: 400 Client Error: Bad Request for url: https://api.worldquantbrain.com/simulations
2025-12-29 13:01:13,203 - ERROR - Error in sending simulation request. Retrying after 5s...
2025-12-29 13:01:18,471 - ERROR - Error in sending simulation request: 400 Client Error: Bad Request for url: https://api.worldquantbrain.com/simulations
2025-12-29 13:01:18,471 - ERROR - Error in sending simulation request. Retrying after 5s...
2025-12-29 13:01:23,744 - ERROR - Error in sending simulation request: 400 Client Error: Bad Request for url: https://api.worldquantbrain.com/simulations
2025-12-29 13:01:23,744 - ERROR - Error in sending simulation request. Retrying after 5s...
2025-12-29 13:01:28,996 - ERROR - Error in sending simulation request: 400 Client Error: Bad Request for url: https://api.worldquantbrain.com/simulations
2025-12-29 13:01:28,996 - ERROR - Error in sending simulation request. Retrying after 5s...
2025-12-29 13:01:34,248 - ERROR - Error in sending simulation request: 400 Client Error: Bad Request for url: https://api.worldquantbrain.com/simulations
2025-12-29 13:01:34,248 - ERROR - Error in sending simulation request. Retrying after 5s...
2025-12-29 13:01:39,493 - ERROR - Error in sending simulation request: 400 Client Error: Bad Request for url: https://api.worldquantbrain.com/simulations
2025-12-29 13:01:39,494 - ERROR - Error in sending simulation request. Retrying after 5s...
2025-12-29 13:01:44,744 - ERROR - Error in sending simulation request: 400 Client Error: Bad Request for url: https://api.worldquantbrain.com/simulations
2025-12-29 13:01:44,744 - ERROR - Error in sending simulation request. Retrying after 5s...
2025-12-29 13:01:49,987 - ERROR - Error in sending simulation request: 400 Client Error: Bad Request for url: https://api.worldquantbrain.com/simulations
2025-12-29 13:01:49,988 - ERROR - Error in sending simulation request. Retrying after 5s...
2025-12-29 13:01:55,238 - ERROR - Error in sending simulation request: 400 Client Error: Bad Request for url: https://api.worldquantbrain.com/simulations
2025-12-29 13:01:55,238 - ERROR - Error in sending simulation request. Retrying after 5s...
2025-12-29 13:02:00,487 - ERROR - Error in sending simulation request: 400 Client Error: Bad Request for url: https://api.worldquantbrain.com/simulations
2025-12-29 13:02:00,487 - ERROR - Error in sending simulation request. Retrying after 5s...
2025-12-29 13:02:05,740 - ERROR - Error in sending simulation request: 400 Client Error: Bad Request for url: https://api.worldquantbrain.com/simulations
2025-12-29 13:02:05,740 - ERROR - Error in sending simulation request. Retrying after 5s...
2025-12-29 13:02:10,994 - ERROR - Error in sending simulation request: 400 Client Error: Bad Request for url: https://api.worldquantbrain.com/simulations
2025-12-29 13:02:10,996 - ERROR - Error in sending simulation request. Retrying after 5s...
2025-12-29 13:02:16,237 - ERROR - Error in sending simulation request: 400 Client Error: Bad Request for url: https://api.worldquantbrain.com/simulations
2025-12-29 13:02:16,237 - ERROR - Error in sending simulation request. Retrying after 5s...
2025-12-29 13:02:21,490 - ERROR - Error in sending simulation request: 400 Client Error: Bad Request for url: https://api.worldquantbrain.com/simulations
2025-12-29 13:02:21,491 - ERROR - Error in sending simulation request. Retrying after 5s...
2025-12-29 13:02:26,735 - ERROR - Error in sending simulation request: 400 Client Error: Bad Request for url: https://api.worldquantbrain.com/simulations
2025-12-29 13:02:26,735 - ERROR - Error in sending simulation request. Retrying after 5s...
2025-12-29 13:02:32,418 - ERROR - Error in sending simulation request: 400 Client Error: Bad Request for url: https://api.worldquantbrain.com/simulations
2025-12-29 13:02:32,418 - ERROR - Error in sending simulation request. Retrying after 5s...
2025-12-29 13:02:37,664 - ERROR - Error in sending simulation request: 400 Client Error: Bad Request for url: https://api.worldquantbrain.com/simulations
2025-12-29 13:02:37,664 - ERROR - Error in sending simulation request. Retrying after 5s...
2025-12-29 13:02:43,348 - ERROR - Error in sending simulation request: 400 Client Error: Bad Request for url: https://api.worldquantbrain.com/simulations
2025-12-29 13:02:43,348 - ERROR - Error in sending simulation request. Retrying after 5s...
2025-12-29 13:02:49,061 - ERROR - Error in sending simulation request: 400 Client Error: Bad Request for url: https://api.worldquantbrain.com/simulations
2025-12-29 13:02:49,062 - ERROR - Error in sending simulation request. Retrying after 5s...
2025-12-29 13:02:55,197 - ERROR - Error in sending simulation request: 400 Client Error: Bad Request for url: https://api.worldquantbrain.com/simulations
2025-12-29 13:02:56,167 - INFO - Login to BRAIN successfully.
2025-12-29 13:02:56,167 - ERROR - Error occurred too many times, skipping this alpha and re-logging in.
2025-12-29 13:02:56,167 - ERROR - Simulation request failed after 36 attempts.
2025-12-29 13:02:59,175 - INFO - No one is in active simulation now
2025-12-29 13:02:59,175 - INFO - Loading new alpha...
2025-12-29 13:02:59,175 - INFO - Starting simulation for alpha: ts_rank(ts_delta(exchange_rate, 3), 30) with settings: {'instrumentType': 'EQUITY', 'region': 'IND', 'universe': 'TOP2000', 'delay': 1, 'decay': 7, 'neutralization': 'exchange', 'truncation': 0.01, 'pasteurization': 'ON', 'unitHandling': 'VERIFY', 'nanHandling': 'ON', 'language': 'FASTEXPR', 'visualization': False}
2025-12-29 13:02:59,430 - ERROR - Error in sending simulation request: 400 Client Error: Bad Request for url: https://api.worldquantbrain.com/simulations
2025-12-29 13:02:59,432 - ERROR - Error in sending simulation request. Retrying after 5s...
2025-12-29 13:03:04,680 - ERROR - Error in sending simulation request: 400 Client Error: Bad Request for url: https://api.worldquantbrain.com/simulations
2025-12-29 13:03:04,680 - ERROR - Error in sending simulation request. Retrying after 5s...
2025-12-29 13:03:09,928 - ERROR - Error in sending simulation request: 400 Client Error: Bad Request for url: https://api.worldquantbrain.com/simulations
2025-12-29 13:03:09,928 - ERROR - Error in sending simulation request. Retrying after 5s...
2025-12-29 13:03:16,435 - ERROR - Error in sending simulation request: 400 Client Error: Bad Request for url: https://api.worldquantbrain.com/simulations
2025-12-29 13:03:16,435 - ERROR - Error in sending simulation request. Retrying after 5s...
2025-12-29 13:03:21,692 - ERROR - Error in sending simulation request: 400 Client Error: Bad Request for url: https://api.worldquantbrain.com/simulations
2025-12-29 13:03:21,692 - ERROR - Error in sending simulation request. Retrying after 5s...
2025-12-29 13:03:26,947 - ERROR - Error in sending simulation request: 400 Client Error: Bad Request for url: https://api.worldquantbrain.com/simulations
2025-12-29 13:03:26,948 - ERROR - Error in sending simulation request. Retrying after 5s...
2025-12-29 13:03:32,193 - ERROR - Error in sending simulation request: 400 Client Error: Bad Request for url: https://api.worldquantbrain.com/simulations
2025-12-29 13:03:32,193 - ERROR - Error in sending simulation request. Retrying after 5s...
2025-12-29 13:03:37,442 - ERROR - Error in sending simulation request: 400 Client Error: Bad Request for url: https://api.worldquantbrain.com/simulations
2025-12-29 13:03:37,442 - ERROR - Error in sending simulation request. Retrying after 5s...
2025-12-29 13:03:42,692 - ERROR - Error in sending simulation request: 400 Client Error: Bad Request for url: https://api.worldquantbrain.com/simulations
2025-12-29 13:03:42,692 - ERROR - Error in sending simulation request. Retrying after 5s...
2025-12-29 13:03:47,948 - ERROR - Error in sending simulation request: 400 Client Error: Bad Request for url: https://api.worldquantbrain.com/simulations
2025-12-29 13:03:47,948 - ERROR - Error in sending simulation request. Retrying after 5s...
2025-12-29 13:03:53,197 - ERROR - Error in sending simulation request: 400 Client Error: Bad Request for url: https://api.worldquantbrain.com/simulations
2025-12-29 13:03:53,197 - ERROR - Error in sending simulation request. Retrying after 5s...
2025-12-29 13:03:58,442 - ERROR - Error in sending simulation request: 400 Client Error: Bad Request for url: https://api.worldquantbrain.com/simulations
2025-12-29 13:03:58,443 - ERROR - Error in sending simulation request. Retrying after 5s...
2025-12-29 13:04:03,692 - ERROR - Error in sending simulation request: 400 Client Error: Bad Request for url: https://api.worldquantbrain.com/simulations
2025-12-29 13:04:03,692 - ERROR - Error in sending simulation request. Retrying after 5s...
2025-12-29 13:04:08,937 - ERROR - Error in sending simulation request: 400 Client Error: Bad Request for url: https://api.worldquantbrain.com/simulations
2025-12-29 13:04:08,938 - ERROR - Error in sending simulation request. Retrying after 5s...
2025-12-29 13:04:14,183 - ERROR - Error in sending simulation request: 400 Client Error: Bad Request for url: https://api.worldquantbrain.com/simulations
2025-12-29 13:04:14,183 - ERROR - Error in sending simulation request. Retrying after 5s...
2025-12-29 13:04:19,431 - ERROR - Error in sending simulation request: 400 Client Error: Bad Request for url: https://api.worldquantbrain.com/simulations
2025-12-29 13:04:19,431 - ERROR - Error in sending simulation request. Retrying after 5s...
2025-12-29 13:04:24,673 - ERROR - Error in sending simulation request: 400 Client Error: Bad Request for url: https://api.worldquantbrain.com/simulations
2025-12-29 13:04:24,673 - ERROR - Error in sending simulation request. Retrying after 5s...
2025-12-29 13:04:29,925 - ERROR - Error in sending simulation request: 400 Client Error: Bad Request for url: https://api.worldquantbrain.com/simulations
2025-12-29 13:04:29,925 - ERROR - Error in sending simulation request. Retrying after 5s...
2025-12-29 13:04:35,620 - ERROR - Error in sending simulation request: 400 Client Error: Bad Request for url: https://api.worldquantbrain.com/simulations
2025-12-29 13:04:35,620 - ERROR - Error in sending simulation request. Retrying after 5s...
2025-12-29 13:04:40,863 - ERROR - Error in sending simulation request: 400 Client Error: Bad Request for url: https://api.worldquantbrain.com/simulations
2025-12-29 13:04:40,864 - ERROR - Error in sending simulation request. Retrying after 5s...
2025-12-29 13:04:46,565 - ERROR - Error in sending simulation request: 400 Client Error: Bad Request for url: https://api.worldquantbrain.com/simulations
2025-12-29 13:04:46,565 - ERROR - Error in sending simulation request. Retrying after 5s...
2025-12-29 13:04:51,813 - ERROR - Error in sending simulation request: 400 Client Error: Bad Request for url: https://api.worldquantbrain.com/simulations
2025-12-29 13:04:51,816 - ERROR - Error in sending simulation request. Retrying after 5s...
2025-12-29 13:04:57,062 - ERROR - Error in sending simulation request: 400 Client Error: Bad Request for url: https://api.worldquantbrain.com/simulations
2025-12-29 13:04:57,062 - ERROR - Error in sending simulation request. Retrying after 5s...
2025-12-29 13:05:02,307 - ERROR - Error in sending simulation request: 400 Client Error: Bad Request for url: https://api.worldquantbrain.com/simulations
2025-12-29 13:05:02,307 - ERROR - Error in sending simulation request. Retrying after 5s...
2025-12-29 13:05:07,563 - ERROR - Error in sending simulation request: 400 Client Error: Bad Request for url: https://api.worldquantbrain.com/simulations
2025-12-29 13:05:07,563 - ERROR - Error in sending simulation request. Retrying after 5s...
2025-12-29 13:05:12,827 - ERROR - Error in sending simulation request: 400 Client Error: Bad Request for url: https://api.worldquantbrain.com/simulations
2025-12-29 13:05:12,827 - ERROR - Error in sending simulation request. Retrying after 5s...
2025-12-29 13:05:18,077 - ERROR - Error in sending simulation request: 400 Client Error: Bad Request for url: https://api.worldquantbrain.com/simulations
2025-12-29 13:05:18,077 - ERROR - Error in sending simulation request. Retrying after 5s...
2025-12-29 13:05:23,320 - ERROR - Error in sending simulation request: 400 Client Error: Bad Request for url: https://api.worldquantbrain.com/simulations
2025-12-29 13:05:23,320 - ERROR - Error in sending simulation request. Retrying after 5s...
2025-12-29 13:05:28,603 - ERROR - Error in sending simulation request: 400 Client Error: Bad Request for url: https://api.worldquantbrain.com/simulations
2025-12-29 13:05:28,603 - ERROR - Error in sending simulation request. Retrying after 5s...
2025-12-29 13:05:33,844 - ERROR - Error in sending simulation request: 400 Client Error: Bad Request for url: https://api.worldquantbrain.com/simulations
2025-12-29 13:05:33,844 - ERROR - Error in sending simulation request. Retrying after 5s...
2025-12-29 13:05:39,091 - ERROR - Error in sending simulation request: 400 Client Error: Bad Request for url: https://api.worldquantbrain.com/simulations
2025-12-29 13:05:39,092 - ERROR - Error in sending simulation request. Retrying after 5s...
2025-12-29 13:05:44,335 - ERROR - Error in sending simulation request: 400 Client Error: Bad Request for url: https://api.worldquantbrain.com/simulations
2025-12-29 13:05:44,335 - ERROR - Error in sending simulation request. Retrying after 5s...
2025-12-29 13:05:49,579 - ERROR - Error in sending simulation request: 400 Client Error: Bad Request for url: https://api.worldquantbrain.com/simulations
2025-12-29 13:05:49,579 - ERROR - Error in sending simulation request. Retrying after 5s...
2025-12-29 13:05:54,827 - ERROR - Error in sending simulation request: 400 Client Error: Bad Request for url: https://api.worldquantbrain.com/simulations
2025-12-29 13:05:54,828 - ERROR - Error in sending simulation request. Retrying after 5s...
2025-12-29 13:06:00,078 - ERROR - Error in sending simulation request: 400 Client Error: Bad Request for url: https://api.worldquantbrain.com/simulations
2025-12-29 13:06:00,079 - ERROR - Error in sending simulation request. Retrying after 5s...
2025-12-29 13:06:05,322 - ERROR - Error in sending simulation request: 400 Client Error: Bad Request for url: https://api.worldquantbrain.com/simulations
2025-12-29 13:06:05,323 - ERROR - Error in sending simulation request. Retrying after 5s...
2025-12-29 13:06:10,571 - ERROR - Error in sending simulation request: 400 Client Error: Bad Request for url: https://api.worldquantbrain.com/simulations
2025-12-29 13:06:11,522 - INFO - Login to BRAIN successfully.
2025-12-29 13:06:11,522 - ERROR - Error occurred too many times, skipping this alpha and re-logging in.
2025-12-29 13:06:11,522 - ERROR - Simulation request failed after 36 attempts.
2025-12-29 13:06:14,532 - INFO - No one is in active simulation now
2025-12-29 13:06:14,532 - INFO - Loading new alpha...
2025-12-29 13:06:14,532 - INFO - Starting simulation for alpha: -1 * ts_zscore(ppi, 60) with settings: {'instrumentType': 'EQUITY', 'region': 'IND', 'universe': 'TOP2000', 'delay': 1, 'decay': 8, 'neutralization': 'market', 'truncation': 0.01, 'pasteurization': 'ON', 'unitHandling': 'VERIFY', 'nanHandling': 'ON', 'language': 'FASTEXPR', 'visualization': False}
2025-12-29 13:06:14,775 - ERROR - Error in sending simulation request: 400 Client Error: Bad Request for url: https://api.worldquantbrain.com/simulations
2025-12-29 13:06:14,775 - ERROR - Error in sending simulation request. Retrying after 5s...
2025-12-29 13:06:20,023 - ERROR - Error in sending simulation request: 400 Client Error: Bad Request for url: https://api.worldquantbrain.com/simulations
2025-12-29 13:06:20,023 - ERROR - Error in sending simulation request. Retrying after 5s...
2025-12-29 13:06:25,269 - ERROR - Error in sending simulation request: 400 Client Error: Bad Request for url: https://api.worldquantbrain.com/simulations
2025-12-29 13:06:25,269 - ERROR - Error in sending simulation request. Retrying after 5s...
2025-12-29 13:06:30,518 - ERROR - Error in sending simulation request: 400 Client Error: Bad Request for url: https://api.worldquantbrain.com/simulations
2025-12-29 13:06:30,518 - ERROR - Error in sending simulation request. Retrying after 5s...
2025-12-29 13:06:35,759 - ERROR - Error in sending simulation request: 400 Client Error: Bad Request for url: https://api.worldquantbrain.com/simulations
2025-12-29 13:06:35,759 - ERROR - Error in sending simulation request. Retrying after 5s...
2025-12-29 13:06:41,008 - ERROR - Error in sending simulation request: 400 Client Error: Bad Request for url: https://api.worldquantbrain.com/simulations
2025-12-29 13:06:41,008 - ERROR - Error in sending simulation request. Retrying after 5s...
2025-12-29 13:06:46,716 - ERROR - Error in sending simulation request: 400 Client Error: Bad Request for url: https://api.worldquantbrain.com/simulations
2025-12-29 13:06:46,716 - ERROR - Error in sending simulation request. Retrying after 5s...
2025-12-29 13:06:51,958 - ERROR - Error in sending simulation request: 400 Client Error: Bad Request for url: https://api.worldquantbrain.com/simulations
2025-12-29 13:06:51,959 - ERROR - Error in sending simulation request. Retrying after 5s...
2025-12-29 13:06:57,202 - ERROR - Error in sending simulation request: 400 Client Error: Bad Request for url: https://api.worldquantbrain.com/simulations
2025-12-29 13:06:57,202 - ERROR - Error in sending simulation request. Retrying after 5s...
2025-12-29 13:07:02,450 - ERROR - Error in sending simulation request: 400 Client Error: Bad Request for url: https://api.worldquantbrain.com/simulations
2025-12-29 13:07:02,450 - ERROR - Error in sending simulation request. Retrying after 5s...
2025-12-29 13:07:07,688 - ERROR - Error in sending simulation request: 400 Client Error: Bad Request for url: https://api.worldquantbrain.com/simulations
2025-12-29 13:07:07,688 - ERROR - Error in sending simulation request. Retrying after 5s...
2025-12-29 13:07:12,930 - ERROR - Error in sending simulation request: 400 Client Error: Bad Request for url: https://api.worldquantbrain.com/simulations
2025-12-29 13:07:12,931 - ERROR - Error in sending simulation request. Retrying after 5s...
2025-12-29 13:07:18,181 - ERROR - Error in sending simulation request: 400 Client Error: Bad Request for url: https://api.worldquantbrain.com/simulations
2025-12-29 13:07:18,181 - ERROR - Error in sending simulation request. Retrying after 5s...
2025-12-29 13:07:23,430 - ERROR - Error in sending simulation request: 400 Client Error: Bad Request for url: https://api.worldquantbrain.com/simulations
2025-12-29 13:07:23,430 - ERROR - Error in sending simulation request. Retrying after 5s...
2025-12-29 13:07:28,688 - ERROR - Error in sending simulation request: 400 Client Error: Bad Request for url: https://api.worldquantbrain.com/simulations
2025-12-29 13:07:28,688 - ERROR - Error in sending simulation request. Retrying after 5s...
2025-12-29 13:07:37,103 - ERROR - Error in sending simulation request: 400 Client Error: Bad Request for url: https://api.worldquantbrain.com/simulations
2025-12-29 13:07:37,103 - ERROR - Error in sending simulation request. Retrying after 5s...
2025-12-29 13:07:42,352 - ERROR - Error in sending simulation request: 400 Client Error: Bad Request for url: https://api.worldquantbrain.com/simulations
2025-12-29 13:07:42,352 - ERROR - Error in sending simulation request. Retrying after 5s...
2025-12-29 13:07:47,598 - ERROR - Error in sending simulation request: 400 Client Error: Bad Request for url: https://api.worldquantbrain.com/simulations
2025-12-29 13:07:47,598 - ERROR - Error in sending simulation request. Retrying after 5s...
2025-12-29 13:07:52,842 - ERROR - Error in sending simulation request: 400 Client Error: Bad Request for url: https://api.worldquantbrain.com/simulations
2025-12-29 13:07:52,842 - ERROR - Error in sending simulation request. Retrying after 5s...
2025-12-29 13:07:58,091 - ERROR - Error in sending simulation request: 400 Client Error: Bad Request for url: https://api.worldquantbrain.com/simulations
2025-12-29 13:07:58,092 - ERROR - Error in sending simulation request. Retrying after 5s...
2025-12-29 13:08:03,341 - ERROR - Error in sending simulation request: 400 Client Error: Bad Request for url: https://api.worldquantbrain.com/simulations
2025-12-29 13:08:03,341 - ERROR - Error in sending simulation request. Retrying after 5s...
2025-12-29 13:08:08,591 - ERROR - Error in sending simulation request: 400 Client Error: Bad Request for url: https://api.worldquantbrain.com/simulations
2025-12-29 13:08:08,591 - ERROR - Error in sending simulation request. Retrying after 5s...
2025-12-29 13:08:13,840 - ERROR - Error in sending simulation request: 400 Client Error: Bad Request for url: https://api.worldquantbrain.com/simulations
2025-12-29 13:08:13,840 - ERROR - Error in sending simulation request. Retrying after 5s...
2025-12-29 13:08:19,124 - ERROR - Error in sending simulation request: 400 Client Error: Bad Request for url: https://api.worldquantbrain.com/simulations
2025-12-29 13:08:19,125 - ERROR - Error in sending simulation request. Retrying after 5s...
2025-12-29 13:08:24,369 - ERROR - Error in sending simulation request: 400 Client Error: Bad Request for url: https://api.worldquantbrain.com/simulations
2025-12-29 13:08:24,369 - ERROR - Error in sending simulation request. Retrying after 5s...
2025-12-29 13:08:29,614 - ERROR - Error in sending simulation request: 400 Client Error: Bad Request for url: https://api.worldquantbrain.com/simulations
2025-12-29 13:08:29,614 - ERROR - Error in sending simulation request. Retrying after 5s...
2025-12-29 13:08:34,864 - ERROR - Error in sending simulation request: 400 Client Error: Bad Request for url: https://api.worldquantbrain.com/simulations
2025-12-29 13:08:34,865 - ERROR - Error in sending simulation request. Retrying after 5s...
2025-12-29 13:08:40,109 - ERROR - Error in sending simulation request: 400 Client Error: Bad Request for url: https://api.worldquantbrain.com/simulations
2025-12-29 13:08:40,109 - ERROR - Error in sending simulation request. Retrying after 5s...
2025-12-29 13:08:45,356 - ERROR - Error in sending simulation request: 400 Client Error: Bad Request for url: https://api.worldquantbrain.com/simulations
2025-12-29 13:08:45,357 - ERROR - Error in sending simulation request. Retrying after 5s...
2025-12-29 13:08:50,603 - ERROR - Error in sending simulation request: 400 Client Error: Bad Request for url: https://api.worldquantbrain.com/simulations
2025-12-29 13:08:50,603 - ERROR - Error in sending simulation request. Retrying after 5s...
2025-12-29 13:08:55,854 - ERROR - Error in sending simulation request: 400 Client Error: Bad Request for url: https://api.worldquantbrain.com/simulations
2025-12-29 13:08:55,854 - ERROR - Error in sending simulation request. Retrying after 5s...
2025-12-29 13:09:01,098 - ERROR - Error in sending simulation request: 400 Client Error: Bad Request for url: https://api.worldquantbrain.com/simulations
2025-12-29 13:09:01,098 - ERROR - Error in sending simulation request. Retrying after 5s...
2025-12-29 13:09:06,424 - ERROR - Error in sending simulation request: 400 Client Error: Bad Request for url: https://api.worldquantbrain.com/simulations
2025-12-29 13:09:06,424 - ERROR - Error in sending simulation request. Retrying after 5s...
2025-12-29 13:09:11,672 - ERROR - Error in sending simulation request: 400 Client Error: Bad Request for url: https://api.worldquantbrain.com/simulations
2025-12-29 13:09:11,672 - ERROR - Error in sending simulation request. Retrying after 5s...
2025-12-29 13:09:17,371 - ERROR - Error in sending simulation request: 400 Client Error: Bad Request for url: https://api.worldquantbrain.com/simulations
2025-12-29 13:09:17,372 - ERROR - Error in sending simulation request. Retrying after 5s...
2025-12-29 13:09:22,761 - ERROR - Error in sending simulation request: 400 Client Error: Bad Request for url: https://api.worldquantbrain.com/simulations
2025-12-29 13:09:22,762 - ERROR - Error in sending simulation request. Retrying after 5s...
2025-12-29 13:09:28,004 - ERROR - Error in sending simulation request: 400 Client Error: Bad Request for url: https://api.worldquantbrain.com/simulations
2025-12-29 13:09:29,663 - INFO - Login to BRAIN successfully.
2025-12-29 13:09:29,663 - ERROR - Error occurred too many times, skipping this alpha and re-logging in.
2025-12-29 13:09:29,663 - ERROR - Simulation request failed after 36 attempts.
2025-12-29 13:09:32,669 - INFO - No one is in active simulation now
2025-12-29 13:09:32,669 - INFO - Loading new alpha...
2025-12-29 13:09:32,669 - INFO - Starting simulation for alpha: ts_delta(model14, 3) with settings: {'instrumentType': 'EQUITY', 'region': 'IND', 'universe': 'TOP2000', 'delay': 1, 'decay': 8, 'neutralization': 'country', 'truncation': 0.01, 'pasteurization': 'ON', 'unitHandling': 'VERIFY', 'nanHandling': 'ON', 'language': 'FASTEXPR', 'visualization': False}
2025-12-29 13:09:32,923 - ERROR - Error in sending simulation request: 400 Client Error: Bad Request for url: https://api.worldquantbrain.com/simulations
2025-12-29 13:09:32,923 - ERROR - Error in sending simulation request. Retrying after 5s...
2025-12-29 13:09:38,176 - ERROR - Error in sending simulation request: 400 Client Error: Bad Request for url: https://api.worldquantbrain.com/simulations
2025-12-29 13:09:38,176 - ERROR - Error in sending simulation request. Retrying after 5s...
2025-12-29 13:09:43,432 - ERROR - Error in sending simulation request: 400 Client Error: Bad Request for url: https://api.worldquantbrain.com/simulations
2025-12-29 13:09:43,432 - ERROR - Error in sending simulation request. Retrying after 5s...
2025-12-29 13:09:48,690 - ERROR - Error in sending simulation request: 400 Client Error: Bad Request for url: https://api.worldquantbrain.com/simulations
2025-12-29 13:09:48,690 - ERROR - Error in sending simulation request. Retrying after 5s...
2025-12-29 13:09:53,943 - ERROR - Error in sending simulation request: 400 Client Error: Bad Request for url: https://api.worldquantbrain.com/simulations
2025-12-29 13:09:53,943 - ERROR - Error in sending simulation request. Retrying after 5s...
2025-12-29 13:09:59,208 - ERROR - Error in sending simulation request: 400 Client Error: Bad Request for url: https://api.worldquantbrain.com/simulations
2025-12-29 13:09:59,208 - ERROR - Error in sending simulation request. Retrying after 5s...
2025-12-29 13:10:04,459 - ERROR - Error in sending simulation request: 400 Client Error: Bad Request for url: https://api.worldquantbrain.com/simulations
2025-12-29 13:10:04,459 - ERROR - Error in sending simulation request. Retrying after 5s...
2025-12-29 13:10:09,733 - ERROR - Error in sending simulation request: 400 Client Error: Bad Request for url: https://api.worldquantbrain.com/simulations
2025-12-29 13:10:09,733 - ERROR - Error in sending simulation request. Retrying after 5s...
2025-12-29 13:10:14,985 - ERROR - Error in sending simulation request: 400 Client Error: Bad Request for url: https://api.worldquantbrain.com/simulations
2025-12-29 13:10:14,986 - ERROR - Error in sending simulation request. Retrying after 5s...
2025-12-29 13:10:20,238 - ERROR - Error in sending simulation request: 400 Client Error: Bad Request for url: https://api.worldquantbrain.com/simulations
2025-12-29 13:10:20,240 - ERROR - Error in sending simulation request. Retrying after 5s...
2025-12-29 13:10:25,499 - ERROR - Error in sending simulation request: 400 Client Error: Bad Request for url: https://api.worldquantbrain.com/simulations
2025-12-29 13:10:25,499 - ERROR - Error in sending simulation request. Retrying after 5s...
2025-12-29 13:10:30,749 - ERROR - Error in sending simulation request: 400 Client Error: Bad Request for url: https://api.worldquantbrain.com/simulations
2025-12-29 13:10:30,750 - ERROR - Error in sending simulation request. Retrying after 5s...
2025-12-29 13:10:36,017 - ERROR - Error in sending simulation request: 400 Client Error: Bad Request for url: https://api.worldquantbrain.com/simulations
2025-12-29 13:10:36,017 - ERROR - Error in sending simulation request. Retrying after 5s...
2025-12-29 13:10:41,270 - ERROR - Error in sending simulation request: 400 Client Error: Bad Request for url: https://api.worldquantbrain.com/simulations
2025-12-29 13:10:41,271 - ERROR - Error in sending simulation request. Retrying after 5s...
2025-12-29 13:10:46,592 - ERROR - Error in sending simulation request: 400 Client Error: Bad Request for url: https://api.worldquantbrain.com/simulations
2025-12-29 13:10:46,593 - ERROR - Error in sending simulation request. Retrying after 5s...
2025-12-29 13:10:51,843 - ERROR - Error in sending simulation request: 400 Client Error: Bad Request for url: https://api.worldquantbrain.com/simulations
2025-12-29 13:10:51,846 - ERROR - Error in sending simulation request. Retrying after 5s...
2025-12-29 13:10:57,099 - ERROR - Error in sending simulation request: 400 Client Error: Bad Request for url: https://api.worldquantbrain.com/simulations
2025-12-29 13:10:57,099 - ERROR - Error in sending simulation request. Retrying after 5s...
2025-12-29 13:11:02,361 - ERROR - Error in sending simulation request: 400 Client Error: Bad Request for url: https://api.worldquantbrain.com/simulations
2025-12-29 13:11:02,361 - ERROR - Error in sending simulation request. Retrying after 5s...
2025-12-29 13:11:10,770 - ERROR - Error in sending simulation request: 400 Client Error: Bad Request for url: https://api.worldquantbrain.com/simulations
2025-12-29 13:11:10,771 - ERROR - Error in sending simulation request. Retrying after 5s...
2025-12-29 13:11:16,021 - ERROR - Error in sending simulation request: 400 Client Error: Bad Request for url: https://api.worldquantbrain.com/simulations
2025-12-29 13:11:16,021 - ERROR - Error in sending simulation request. Retrying after 5s...
2025-12-29 13:11:21,274 - ERROR - Error in sending simulation request: 400 Client Error: Bad Request for url: https://api.worldquantbrain.com/simulations
2025-12-29 13:11:21,275 - ERROR - Error in sending simulation request. Retrying after 5s...
2025-12-29 13:11:26,533 - ERROR - Error in sending simulation request: 400 Client Error: Bad Request for url: https://api.worldquantbrain.com/simulations
2025-12-29 13:11:26,533 - ERROR - Error in sending simulation request. Retrying after 5s...
2025-12-29 13:11:31,783 - ERROR - Error in sending simulation request: 400 Client Error: Bad Request for url: https://api.worldquantbrain.com/simulations
2025-12-29 13:11:31,785 - ERROR - Error in sending simulation request. Retrying after 5s...
2025-12-29 13:11:37,035 - ERROR - Error in sending simulation request: 400 Client Error: Bad Request for url: https://api.worldquantbrain.com/simulations
2025-12-29 13:11:37,035 - ERROR - Error in sending simulation request. Retrying after 5s...
2025-12-29 13:11:42,285 - ERROR - Error in sending simulation request: 400 Client Error: Bad Request for url: https://api.worldquantbrain.com/simulations
2025-12-29 13:11:42,286 - ERROR - Error in sending simulation request. Retrying after 5s...
2025-12-29 13:11:47,539 - ERROR - Error in sending simulation request: 400 Client Error: Bad Request for url: https://api.worldquantbrain.com/simulations
2025-12-29 13:11:47,539 - ERROR - Error in sending simulation request. Retrying after 5s...
2025-12-29 13:11:52,798 - ERROR - Error in sending simulation request: 400 Client Error: Bad Request for url: https://api.worldquantbrain.com/simulations
2025-12-29 13:11:52,798 - ERROR - Error in sending simulation request. Retrying after 5s...
2025-12-29 13:11:58,067 - ERROR - Error in sending simulation request: 400 Client Error: Bad Request for url: https://api.worldquantbrain.com/simulations
2025-12-29 13:11:58,068 - ERROR - Error in sending simulation request. Retrying after 5s...
2025-12-29 13:12:03,319 - ERROR - Error in sending simulation request: 400 Client Error: Bad Request for url: https://api.worldquantbrain.com/simulations
2025-12-29 13:12:03,320 - ERROR - Error in sending simulation request. Retrying after 5s...
2025-12-29 13:12:08,572 - ERROR - Error in sending simulation request: 400 Client Error: Bad Request for url: https://api.worldquantbrain.com/simulations
2025-12-29 13:12:08,574 - ERROR - Error in sending simulation request. Retrying after 5s...
2025-12-29 13:12:13,824 - ERROR - Error in sending simulation request: 400 Client Error: Bad Request for url: https://api.worldquantbrain.com/simulations
2025-12-29 13:12:13,824 - ERROR - Error in sending simulation request. Retrying after 5s...
2025-12-29 13:12:19,079 - ERROR - Error in sending simulation request: 400 Client Error: Bad Request for url: https://api.worldquantbrain.com/simulations
2025-12-29 13:12:19,080 - ERROR - Error in sending simulation request. Retrying after 5s...
2025-12-29 13:12:24,339 - ERROR - Error in sending simulation request: 400 Client Error: Bad Request for url: https://api.worldquantbrain.com/simulations
2025-12-29 13:12:24,339 - ERROR - Error in sending simulation request. Retrying after 5s...
2025-12-29 13:12:29,590 - ERROR - Error in sending simulation request: 400 Client Error: Bad Request for url: https://api.worldquantbrain.com/simulations
2025-12-29 13:12:29,590 - ERROR - Error in sending simulation request. Retrying after 5s...
2025-12-29 13:12:35,154 - ERROR - Error in sending simulation request: 400 Client Error: Bad Request for url: https://api.worldquantbrain.com/simulations
2025-12-29 13:12:35,154 - ERROR - Error in sending simulation request. Retrying after 5s...
2025-12-29 13:12:40,410 - ERROR - Error in sending simulation request: 400 Client Error: Bad Request for url: https://api.worldquantbrain.com/simulations
2025-12-29 13:12:40,410 - ERROR - Error in sending simulation request. Retrying after 5s...
2025-12-29 13:12:45,682 - ERROR - Error in sending simulation request: 400 Client Error: Bad Request for url: https://api.worldquantbrain.com/simulations
2025-12-29 13:12:46,684 - INFO - Login to BRAIN successfully.
2025-12-29 13:12:46,684 - ERROR - Error occurred too many times, skipping this alpha and re-logging in.
2025-12-29 13:12:46,684 - ERROR - Simulation request failed after 36 attempts.
2025-12-29 13:12:49,689 - INFO - No one is in active simulation now
2025-12-29 13:12:49,689 - INFO - Loading new alpha...
2025-12-29 13:12:49,689 - INFO - Starting simulation for alpha: -1 * ts_zscore(cpi, 60) with settings: {'instrumentType': 'EQUITY', 'region': 'IND', 'universe': 'TOP2000', 'delay': 1, 'decay': 5, 'neutralization': 'sector', 'truncation': 0.01, 'pasteurization': 'ON', 'unitHandling': 'VERIFY', 'nanHandling': 'ON', 'language': 'FASTEXPR', 'visualization': False}
2025-12-29 13:12:49,957 - ERROR - Error in sending simulation request: 400 Client Error: Bad Request for url: https://api.worldquantbrain.com/simulations
2025-12-29 13:12:49,957 - ERROR - Error in sending simulation request. Retrying after 5s...
2025-12-29 13:12:55,212 - ERROR - Error in sending simulation request: 400 Client Error: Bad Request for url: https://api.worldquantbrain.com/simulations
2025-12-29 13:12:55,212 - ERROR - Error in sending simulation request. Retrying after 5s...
2025-12-29 13:13:00,459 - ERROR - Error in sending simulation request: 400 Client Error: Bad Request for url: https://api.worldquantbrain.com/simulations
2025-12-29 13:13:00,460 - ERROR - Error in sending simulation request. Retrying after 5s...
2025-12-29 13:13:05,710 - ERROR - Error in sending simulation request: 400 Client Error: Bad Request for url: https://api.worldquantbrain.com/simulations
2025-12-29 13:13:05,710 - ERROR - Error in sending simulation request. Retrying after 5s...
2025-12-29 13:13:11,481 - ERROR - Error in sending simulation request: 400 Client Error: Bad Request for url: https://api.worldquantbrain.com/simulations
2025-12-29 13:13:11,481 - ERROR - Error in sending simulation request. Retrying after 5s...
2025-12-29 13:13:16,731 - ERROR - Error in sending simulation request: 400 Client Error: Bad Request for url: https://api.worldquantbrain.com/simulations
2025-12-29 13:13:16,731 - ERROR - Error in sending simulation request. Retrying after 5s...
2025-12-29 13:13:21,986 - ERROR - Error in sending simulation request: 400 Client Error: Bad Request for url: https://api.worldquantbrain.com/simulations
2025-12-29 13:13:21,986 - ERROR - Error in sending simulation request. Retrying after 5s...
2025-12-29 13:13:27,233 - ERROR - Error in sending simulation request: 400 Client Error: Bad Request for url: https://api.worldquantbrain.com/simulations
2025-12-29 13:13:27,235 - ERROR - Error in sending simulation request. Retrying after 5s...
2025-12-29 13:13:32,486 - ERROR - Error in sending simulation request: 400 Client Error: Bad Request for url: https://api.worldquantbrain.com/simulations
2025-12-29 13:13:32,486 - ERROR - Error in sending simulation request. Retrying after 5s...
2025-12-29 13:13:38,202 - ERROR - Error in sending simulation request: 400 Client Error: Bad Request for url: https://api.worldquantbrain.com/simulations
2025-12-29 13:13:38,202 - ERROR - Error in sending simulation request. Retrying after 5s...
2025-12-29 13:13:43,449 - ERROR - Error in sending simulation request: 400 Client Error: Bad Request for url: https://api.worldquantbrain.com/simulations
2025-12-29 13:13:43,449 - ERROR - Error in sending simulation request. Retrying after 5s...
2025-12-29 13:13:48,715 - ERROR - Error in sending simulation request: 400 Client Error: Bad Request for url: https://api.worldquantbrain.com/simulations
2025-12-29 13:13:48,715 - ERROR - Error in sending simulation request. Retrying after 5s...
2025-12-29 13:13:54,425 - ERROR - Error in sending simulation request: 400 Client Error: Bad Request for url: https://api.worldquantbrain.com/simulations
2025-12-29 13:13:54,426 - ERROR - Error in sending simulation request. Retrying after 5s...
2025-12-29 13:13:59,693 - ERROR - Error in sending simulation request: 400 Client Error: Bad Request for url: https://api.worldquantbrain.com/simulations
2025-12-29 13:13:59,693 - ERROR - Error in sending simulation request. Retrying after 5s...
2025-12-29 13:14:04,943 - ERROR - Error in sending simulation request: 400 Client Error: Bad Request for url: https://api.worldquantbrain.com/simulations
2025-12-29 13:14:04,944 - ERROR - Error in sending simulation request. Retrying after 5s...
2025-12-29 13:14:10,189 - ERROR - Error in sending simulation request: 400 Client Error: Bad Request for url: https://api.worldquantbrain.com/simulations
2025-12-29 13:14:10,190 - ERROR - Error in sending simulation request. Retrying after 5s...
2025-12-29 13:14:15,436 - ERROR - Error in sending simulation request: 400 Client Error: Bad Request for url: https://api.worldquantbrain.com/simulations
2025-12-29 13:14:15,436 - ERROR - Error in sending simulation request. Retrying after 5s...
2025-12-29 13:14:20,687 - ERROR - Error in sending simulation request: 400 Client Error: Bad Request for url: https://api.worldquantbrain.com/simulations
2025-12-29 13:14:20,687 - ERROR - Error in sending simulation request. Retrying after 5s...
2025-12-29 13:14:25,938 - ERROR - Error in sending simulation request: 400 Client Error: Bad Request for url: https://api.worldquantbrain.com/simulations
2025-12-29 13:14:25,938 - ERROR - Error in sending simulation request. Retrying after 5s...
2025-12-29 13:14:31,184 - ERROR - Error in sending simulation request: 400 Client Error: Bad Request for url: https://api.worldquantbrain.com/simulations
2025-12-29 13:14:31,184 - ERROR - Error in sending simulation request. Retrying after 5s...
2025-12-29 13:14:36,430 - ERROR - Error in sending simulation request: 400 Client Error: Bad Request for url: https://api.worldquantbrain.com/simulations
2025-12-29 13:14:36,430 - ERROR - Error in sending simulation request. Retrying after 5s...
2025-12-29 13:14:41,671 - ERROR - Error in sending simulation request: 400 Client Error: Bad Request for url: https://api.worldquantbrain.com/simulations
2025-12-29 13:14:41,671 - ERROR - Error in sending simulation request. Retrying after 5s...
2025-12-29 13:14:46,915 - ERROR - Error in sending simulation request: 400 Client Error: Bad Request for url: https://api.worldquantbrain.com/simulations
2025-12-29 13:14:46,916 - ERROR - Error in sending simulation request. Retrying after 5s...
2025-12-29 13:14:52,162 - ERROR - Error in sending simulation request: 400 Client Error: Bad Request for url: https://api.worldquantbrain.com/simulations
2025-12-29 13:14:52,162 - ERROR - Error in sending simulation request. Retrying after 5s...
2025-12-29 13:14:57,849 - ERROR - Error in sending simulation request: 400 Client Error: Bad Request for url: https://api.worldquantbrain.com/simulations
2025-12-29 13:14:57,850 - ERROR - Error in sending simulation request. Retrying after 5s...
2025-12-29 13:15:03,099 - ERROR - Error in sending simulation request: 400 Client Error: Bad Request for url: https://api.worldquantbrain.com/simulations
2025-12-29 13:15:03,099 - ERROR - Error in sending simulation request. Retrying after 5s...
2025-12-29 13:15:08,343 - ERROR - Error in sending simulation request: 400 Client Error: Bad Request for url: https://api.worldquantbrain.com/simulations
2025-12-29 13:15:08,344 - ERROR - Error in sending simulation request. Retrying after 5s...
2025-12-29 13:15:13,597 - ERROR - Error in sending simulation request: 400 Client Error: Bad Request for url: https://api.worldquantbrain.com/simulations
2025-12-29 13:15:13,597 - ERROR - Error in sending simulation request. Retrying after 5s...
2025-12-29 13:15:18,835 - ERROR - Error in sending simulation request: 400 Client Error: Bad Request for url: https://api.worldquantbrain.com/simulations
2025-12-29 13:15:18,835 - ERROR - Error in sending simulation request. Retrying after 5s...
2025-12-29 13:15:24,102 - ERROR - Error in sending simulation request: 400 Client Error: Bad Request for url: https://api.worldquantbrain.com/simulations
2025-12-29 13:15:24,102 - ERROR - Error in sending simulation request. Retrying after 5s...
2025-12-29 13:15:29,343 - ERROR - Error in sending simulation request: 400 Client Error: Bad Request for url: https://api.worldquantbrain.com/simulations
2025-12-29 13:15:29,345 - ERROR - Error in sending simulation request. Retrying after 5s...
2025-12-29 13:15:34,599 - ERROR - Error in sending simulation request: 400 Client Error: Bad Request for url: https://api.worldquantbrain.com/simulations
2025-12-29 13:15:34,599 - ERROR - Error in sending simulation request. Retrying after 5s...
2025-12-29 13:15:39,841 - ERROR - Error in sending simulation request: 400 Client Error: Bad Request for url: https://api.worldquantbrain.com/simulations
2025-12-29 13:15:39,842 - ERROR - Error in sending simulation request. Retrying after 5s...
2025-12-29 13:15:45,114 - ERROR - Error in sending simulation request: 400 Client Error: Bad Request for url: https://api.worldquantbrain.com/simulations
2025-12-29 13:15:45,114 - ERROR - Error in sending simulation request. Retrying after 5s...
2025-12-29 13:15:50,353 - ERROR - Error in sending simulation request: 400 Client Error: Bad Request for url: https://api.worldquantbrain.com/simulations
2025-12-29 13:15:50,354 - ERROR - Error in sending simulation request. Retrying after 5s...
2025-12-29 13:15:55,680 - ERROR - Error in sending simulation request: 400 Client Error: Bad Request for url: https://api.worldquantbrain.com/simulations
2025-12-29 13:15:55,680 - ERROR - Error in sending simulation request. Retrying after 5s...
2025-12-29 13:16:00,951 - ERROR - Error in sending simulation request: 400 Client Error: Bad Request for url: https://api.worldquantbrain.com/simulations
2025-12-29 13:16:02,231 - INFO - Login to BRAIN successfully.
2025-12-29 13:16:02,231 - ERROR - Error occurred too many times, skipping this alpha and re-logging in.
2025-12-29 13:16:02,231 - ERROR - Simulation request failed after 36 attempts.
2025-12-29 13:16:05,237 - INFO - No one is in active simulation now
2025-12-29 13:16:05,237 - INFO - Loading new alpha...
2025-12-29 13:16:05,237 - INFO - Starting simulation for alpha: -1 * ts_zscore(core_inflation, 30) with settings: {'instrumentType': 'EQUITY', 'region': 'IND', 'universe': 'TOP2000', 'delay': 1, 'decay': 5, 'neutralization': 'market', 'truncation': 0.01, 'pasteurization': 'ON', 'unitHandling': 'VERIFY', 'nanHandling': 'ON', 'language': 'FASTEXPR', 'visualization': False}
2025-12-29 13:16:05,493 - ERROR - Error in sending simulation request: 400 Client Error: Bad Request for url: https://api.worldquantbrain.com/simulations
2025-12-29 13:16:05,493 - ERROR - Error in sending simulation request. Retrying after 5s...
2025-12-29 13:16:10,834 - ERROR - Error in sending simulation request: 400 Client Error: Bad Request for url: https://api.worldquantbrain.com/simulations
2025-12-29 13:16:10,834 - ERROR - Error in sending simulation request. Retrying after 5s...
2025-12-29 13:16:16,088 - ERROR - Error in sending simulation request: 400 Client Error: Bad Request for url: https://api.worldquantbrain.com/simulations
2025-12-29 13:16:16,089 - ERROR - Error in sending simulation request. Retrying after 5s...
2025-12-29 13:16:21,347 - ERROR - Error in sending simulation request: 400 Client Error: Bad Request for url: https://api.worldquantbrain.com/simulations
2025-12-29 13:16:21,348 - ERROR - Error in sending simulation request. Retrying after 5s...
2025-12-29 13:16:26,597 - ERROR - Error in sending simulation request: 400 Client Error: Bad Request for url: https://api.worldquantbrain.com/simulations
2025-12-29 13:16:26,597 - ERROR - Error in sending simulation request. Retrying after 5s...
2025-12-29 13:16:31,853 - ERROR - Error in sending simulation request: 400 Client Error: Bad Request for url: https://api.worldquantbrain.com/simulations
2025-12-29 13:16:31,853 - ERROR - Error in sending simulation request. Retrying after 5s...
2025-12-29 13:16:37,096 - ERROR - Error in sending simulation request: 400 Client Error: Bad Request for url: https://api.worldquantbrain.com/simulations
2025-12-29 13:16:37,098 - ERROR - Error in sending simulation request. Retrying after 5s...
2025-12-29 13:16:42,346 - ERROR - Error in sending simulation request: 400 Client Error: Bad Request for url: https://api.worldquantbrain.com/simulations
2025-12-29 13:16:42,346 - ERROR - Error in sending simulation request. Retrying after 5s...
2025-12-29 13:16:48,206 - ERROR - Error in sending simulation request: 400 Client Error: Bad Request for url: https://api.worldquantbrain.com/simulations
2025-12-29 13:16:48,206 - ERROR - Error in sending simulation request. Retrying after 5s...
2025-12-29 13:16:53,454 - ERROR - Error in sending simulation request: 400 Client Error: Bad Request for url: https://api.worldquantbrain.com/simulations
2025-12-29 13:16:53,454 - ERROR - Error in sending simulation request. Retrying after 5s...
2025-12-29 13:16:58,714 - ERROR - Error in sending simulation request: 400 Client Error: Bad Request for url: https://api.worldquantbrain.com/simulations
2025-12-29 13:16:58,714 - ERROR - Error in sending simulation request. Retrying after 5s...
2025-12-29 13:17:04,430 - ERROR - Error in sending simulation request: 400 Client Error: Bad Request for url: https://api.worldquantbrain.com/simulations
2025-12-29 13:17:04,430 - ERROR - Error in sending simulation request. Retrying after 5s...
2025-12-29 13:17:09,673 - ERROR - Error in sending simulation request: 400 Client Error: Bad Request for url: https://api.worldquantbrain.com/simulations
2025-12-29 13:17:09,673 - ERROR - Error in sending simulation request. Retrying after 5s...
2025-12-29 13:17:15,467 - ERROR - Error in sending simulation request: 400 Client Error: Bad Request for url: https://api.worldquantbrain.com/simulations
2025-12-29 13:17:15,468 - ERROR - Error in sending simulation request. Retrying after 5s...
2025-12-29 13:17:20,715 - ERROR - Error in sending simulation request: 400 Client Error: Bad Request for url: https://api.worldquantbrain.com/simulations
2025-12-29 13:17:20,715 - ERROR - Error in sending simulation request. Retrying after 5s...
2025-12-29 13:17:25,961 - ERROR - Error in sending simulation request: 400 Client Error: Bad Request for url: https://api.worldquantbrain.com/simulations
2025-12-29 13:17:25,961 - ERROR - Error in sending simulation request. Retrying after 5s...
2025-12-29 13:17:31,217 - ERROR - Error in sending simulation request: 400 Client Error: Bad Request for url: https://api.worldquantbrain.com/simulations
2025-12-29 13:17:31,218 - ERROR - Error in sending simulation request. Retrying after 5s...
2025-12-29 13:17:36,463 - ERROR - Error in sending simulation request: 400 Client Error: Bad Request for url: https://api.worldquantbrain.com/simulations
2025-12-29 13:17:36,463 - ERROR - Error in sending simulation request. Retrying after 5s...
2025-12-29 13:17:41,733 - ERROR - Error in sending simulation request: 400 Client Error: Bad Request for url: https://api.worldquantbrain.com/simulations
2025-12-29 13:17:41,734 - ERROR - Error in sending simulation request. Retrying after 5s...
2025-12-29 13:17:47,004 - ERROR - Error in sending simulation request: 400 Client Error: Bad Request for url: https://api.worldquantbrain.com/simulations
2025-12-29 13:17:47,004 - ERROR - Error in sending simulation request. Retrying after 5s...
2025-12-29 13:17:52,243 - ERROR - Error in sending simulation request: 400 Client Error: Bad Request for url: https://api.worldquantbrain.com/simulations
2025-12-29 13:17:52,244 - ERROR - Error in sending simulation request. Retrying after 5s...
2025-12-29 13:17:57,501 - ERROR - Error in sending simulation request: 400 Client Error: Bad Request for url: https://api.worldquantbrain.com/simulations
2025-12-29 13:17:57,501 - ERROR - Error in sending simulation request. Retrying after 5s...
2025-12-29 13:18:02,768 - ERROR - Error in sending simulation request: 400 Client Error: Bad Request for url: https://api.worldquantbrain.com/simulations
2025-12-29 13:18:02,769 - ERROR - Error in sending simulation request. Retrying after 5s...
2025-12-29 13:18:08,021 - ERROR - Error in sending simulation request: 400 Client Error: Bad Request for url: https://api.worldquantbrain.com/simulations
2025-12-29 13:18:08,021 - ERROR - Error in sending simulation request. Retrying after 5s...
2025-12-29 13:18:13,376 - ERROR - Error in sending simulation request: 400 Client Error: Bad Request for url: https://api.worldquantbrain.com/simulations
2025-12-29 13:18:13,377 - ERROR - Error in sending simulation request. Retrying after 5s...
2025-12-29 13:18:18,626 - ERROR - Error in sending simulation request: 400 Client Error: Bad Request for url: https://api.worldquantbrain.com/simulations
2025-12-29 13:18:18,626 - ERROR - Error in sending simulation request. Retrying after 5s...
2025-12-29 13:18:23,877 - ERROR - Error in sending simulation request: 400 Client Error: Bad Request for url: https://api.worldquantbrain.com/simulations
2025-12-29 13:18:23,878 - ERROR - Error in sending simulation request. Retrying after 5s...
2025-12-29 13:18:29,130 - ERROR - Error in sending simulation request: 400 Client Error: Bad Request for url: https://api.worldquantbrain.com/simulations
2025-12-29 13:18:29,130 - ERROR - Error in sending simulation request. Retrying after 5s...
2025-12-29 13:18:34,387 - ERROR - Error in sending simulation request: 400 Client Error: Bad Request for url: https://api.worldquantbrain.com/simulations
2025-12-29 13:18:34,389 - ERROR - Error in sending simulation request. Retrying after 5s...
2025-12-29 13:18:40,109 - ERROR - Error in sending simulation request: 400 Client Error: Bad Request for url: https://api.worldquantbrain.com/simulations
2025-12-29 13:18:40,110 - ERROR - Error in sending simulation request. Retrying after 5s...
2025-12-29 13:18:45,528 - ERROR - Error in sending simulation request: 400 Client Error: Bad Request for url: https://api.worldquantbrain.com/simulations
2025-12-29 13:18:45,528 - ERROR - Error in sending simulation request. Retrying after 5s...
2025-12-29 13:18:51,697 - ERROR - Error in sending simulation request: 400 Client Error: Bad Request for url: https://api.worldquantbrain.com/simulations
2025-12-29 13:18:51,698 - ERROR - Error in sending simulation request. Retrying after 5s...
2025-12-29 13:18:56,949 - ERROR - Error in sending simulation request: 400 Client Error: Bad Request for url: https://api.worldquantbrain.com/simulations
2025-12-29 13:18:56,950 - ERROR - Error in sending simulation request. Retrying after 5s...
2025-12-29 13:19:02,207 - ERROR - Error in sending simulation request: 400 Client Error: Bad Request for url: https://api.worldquantbrain.com/simulations
2025-12-29 13:19:02,207 - ERROR - Error in sending simulation request. Retrying after 5s...
2025-12-29 13:19:07,470 - ERROR - Error in sending simulation request: 400 Client Error: Bad Request for url: https://api.worldquantbrain.com/simulations
2025-12-29 13:19:07,470 - ERROR - Error in sending simulation request. Retrying after 5s...
2025-12-29 13:19:12,719 - ERROR - Error in sending simulation request: 400 Client Error: Bad Request for url: https://api.worldquantbrain.com/simulations
2025-12-29 13:19:12,719 - ERROR - Error in sending simulation request. Retrying after 5s...
2025-12-29 13:19:17,967 - ERROR - Error in sending simulation request: 400 Client Error: Bad Request for url: https://api.worldquantbrain.com/simulations
2025-12-29 13:19:19,834 - INFO - Login to BRAIN successfully.
2025-12-29 13:19:19,835 - ERROR - Error occurred too many times, skipping this alpha and re-logging in.
2025-12-29 13:19:19,835 - ERROR - Simulation request failed after 36 attempts.
2025-12-29 13:19:22,839 - INFO - No one is in active simulation now
2025-12-29 13:19:22,839 - INFO - Loading new alpha...
2025-12-29 13:19:22,839 - INFO - Starting simulation for alpha: ts_rank(ts_delta(consumer_confidence, 1), 30) with settings: {'instrumentType': 'EQUITY', 'region': 'IND', 'universe': 'TOP2000', 'delay': 1, 'decay': 7, 'neutralization': 'country', 'truncation': 0.01, 'pasteurization': 'ON', 'unitHandling': 'VERIFY', 'nanHandling': 'ON', 'language': 'FASTEXPR', 'visualization': False}
2025-12-29 13:19:23,085 - ERROR - Error in sending simulation request: 400 Client Error: Bad Request for url: https://api.worldquantbrain.com/simulations
2025-12-29 13:19:23,085 - ERROR - Error in sending simulation request. Retrying after 5s...
2025-12-29 13:19:28,892 - ERROR - Error in sending simulation request: 400 Client Error: Bad Request for url: https://api.worldquantbrain.com/simulations
2025-12-29 13:19:28,892 - ERROR - Error in sending simulation request. Retrying after 5s...
2025-12-29 13:19:34,161 - ERROR - Error in sending simulation request: 400 Client Error: Bad Request for url: https://api.worldquantbrain.com/simulations
2025-12-29 13:19:34,162 - ERROR - Error in sending simulation request. Retrying after 5s...
2025-12-29 13:19:39,416 - ERROR - Error in sending simulation request: 400 Client Error: Bad Request for url: https://api.worldquantbrain.com/simulations
2025-12-29 13:19:39,417 - ERROR - Error in sending simulation request. Retrying after 5s...
2025-12-29 13:19:44,674 - ERROR - Error in sending simulation request: 400 Client Error: Bad Request for url: https://api.worldquantbrain.com/simulations
2025-12-29 13:19:44,674 - ERROR - Error in sending simulation request. Retrying after 5s...
2025-12-29 13:19:49,925 - ERROR - Error in sending simulation request: 400 Client Error: Bad Request for url: https://api.worldquantbrain.com/simulations
2025-12-29 13:19:49,926 - ERROR - Error in sending simulation request. Retrying after 5s...
2025-12-29 13:19:55,177 - ERROR - Error in sending simulation request: 400 Client Error: Bad Request for url: https://api.worldquantbrain.com/simulations
2025-12-29 13:19:55,177 - ERROR - Error in sending simulation request. Retrying after 5s...
2025-12-29 13:20:00,436 - ERROR - Error in sending simulation request: 400 Client Error: Bad Request for url: https://api.worldquantbrain.com/simulations
2025-12-29 13:20:00,437 - ERROR - Error in sending simulation request. Retrying after 5s...
2025-12-29 13:20:05,687 - ERROR - Error in sending simulation request: 400 Client Error: Bad Request for url: https://api.worldquantbrain.com/simulations
2025-12-29 13:20:05,688 - ERROR - Error in sending simulation request. Retrying after 5s...
2025-12-29 13:20:10,937 - ERROR - Error in sending simulation request: 400 Client Error: Bad Request for url: https://api.worldquantbrain.com/simulations
2025-12-29 13:20:10,937 - ERROR - Error in sending simulation request. Retrying after 5s...
2025-12-29 13:20:16,188 - ERROR - Error in sending simulation request: 400 Client Error: Bad Request for url: https://api.worldquantbrain.com/simulations
2025-12-29 13:20:16,188 - ERROR - Error in sending simulation request. Retrying after 5s...
2025-12-29 13:20:21,432 - ERROR - Error in sending simulation request: 400 Client Error: Bad Request for url: https://api.worldquantbrain.com/simulations
2025-12-29 13:20:21,432 - ERROR - Error in sending simulation request. Retrying after 5s...
2025-12-29 13:20:28,710 - ERROR - Error in sending simulation request: 400 Client Error: Bad Request for url: https://api.worldquantbrain.com/simulations
2025-12-29 13:20:28,711 - ERROR - Error in sending simulation request. Retrying after 5s...
2025-12-29 13:20:33,973 - ERROR - Error in sending simulation request: 400 Client Error: Bad Request for url: https://api.worldquantbrain.com/simulations
2025-12-29 13:20:33,973 - ERROR - Error in sending simulation request. Retrying after 5s...
2025-12-29 13:20:39,230 - ERROR - Error in sending simulation request: 400 Client Error: Bad Request for url: https://api.worldquantbrain.com/simulations
2025-12-29 13:20:39,231 - ERROR - Error in sending simulation request. Retrying after 5s...
2025-12-29 13:20:45,664 - ERROR - Error in sending simulation request: 400 Client Error: Bad Request for url: https://api.worldquantbrain.com/simulations
2025-12-29 13:20:45,664 - ERROR - Error in sending simulation request. Retrying after 5s...
2025-12-29 13:20:50,917 - ERROR - Error in sending simulation request: 400 Client Error: Bad Request for url: https://api.worldquantbrain.com/simulations
2025-12-29 13:20:50,918 - ERROR - Error in sending simulation request. Retrying after 5s...
2025-12-29 13:20:56,184 - ERROR - Error in sending simulation request: 400 Client Error: Bad Request for url: https://api.worldquantbrain.com/simulations
2025-12-29 13:20:56,184 - ERROR - Error in sending simulation request. Retrying after 5s...
2025-12-29 13:21:01,449 - ERROR - Error in sending simulation request: 400 Client Error: Bad Request for url: https://api.worldquantbrain.com/simulations
2025-12-29 13:21:01,449 - ERROR - Error in sending simulation request. Retrying after 5s...
2025-12-29 13:21:06,838 - ERROR - Error in sending simulation request: 400 Client Error: Bad Request for url: https://api.worldquantbrain.com/simulations
2025-12-29 13:21:06,839 - ERROR - Error in sending simulation request. Retrying after 5s...
2025-12-29 13:21:12,108 - ERROR - Error in sending simulation request: 400 Client Error: Bad Request for url: https://api.worldquantbrain.com/simulations
2025-12-29 13:21:12,108 - ERROR - Error in sending simulation request. Retrying after 5s...
2025-12-29 13:21:17,361 - ERROR - Error in sending simulation request: 400 Client Error: Bad Request for url: https://api.worldquantbrain.com/simulations
2025-12-29 13:21:17,361 - ERROR - Error in sending simulation request. Retrying after 5s...
2025-12-29 13:21:23,795 - ERROR - Error in sending simulation request: 400 Client Error: Bad Request for url: https://api.worldquantbrain.com/simulations
2025-12-29 13:21:23,795 - ERROR - Error in sending simulation request. Retrying after 5s...
2025-12-29 13:21:29,500 - ERROR - Error in sending simulation request: 400 Client Error: Bad Request for url: https://api.worldquantbrain.com/simulations
2025-12-29 13:21:29,500 - ERROR - Error in sending simulation request. Retrying after 5s...
2025-12-29 13:21:34,750 - ERROR - Error in sending simulation request: 400 Client Error: Bad Request for url: https://api.worldquantbrain.com/simulations
2025-12-29 13:21:34,750 - ERROR - Error in sending simulation request. Retrying after 5s...
2025-12-29 13:21:39,995 - ERROR - Error in sending simulation request: 400 Client Error: Bad Request for url: https://api.worldquantbrain.com/simulations
2025-12-29 13:21:39,996 - ERROR - Error in sending simulation request. Retrying after 5s...
2025-12-29 13:21:45,242 - ERROR - Error in sending simulation request: 400 Client Error: Bad Request for url: https://api.worldquantbrain.com/simulations
2025-12-29 13:21:45,242 - ERROR - Error in sending simulation request. Retrying after 5s...
2025-12-29 13:21:50,492 - ERROR - Error in sending simulation request: 400 Client Error: Bad Request for url: https://api.worldquantbrain.com/simulations
2025-12-29 13:21:50,492 - ERROR - Error in sending simulation request. Retrying after 5s...
2025-12-29 13:21:56,188 - ERROR - Error in sending simulation request: 400 Client Error: Bad Request for url: https://api.worldquantbrain.com/simulations
2025-12-29 13:21:56,188 - ERROR - Error in sending simulation request. Retrying after 5s...
2025-12-29 13:22:02,969 - ERROR - Error in sending simulation request: 400 Client Error: Bad Request for url: https://api.worldquantbrain.com/simulations
2025-12-29 13:22:02,969 - ERROR - Error in sending simulation request. Retrying after 5s...
2025-12-29 13:22:08,234 - ERROR - Error in sending simulation request: 400 Client Error: Bad Request for url: https://api.worldquantbrain.com/simulations
2025-12-29 13:22:08,234 - ERROR - Error in sending simulation request. Retrying after 5s...
2025-12-29 13:22:13,521 - ERROR - Error in sending simulation request: 400 Client Error: Bad Request for url: https://api.worldquantbrain.com/simulations
2025-12-29 13:22:13,521 - ERROR - Error in sending simulation request. Retrying after 5s...
2025-12-29 13:22:18,765 - ERROR - Error in sending simulation request: 400 Client Error: Bad Request for url: https://api.worldquantbrain.com/simulations
2025-12-29 13:22:18,765 - ERROR - Error in sending simulation request. Retrying after 5s...
2025-12-29 13:22:24,011 - ERROR - Error in sending simulation request: 400 Client Error: Bad Request for url: https://api.worldquantbrain.com/simulations
2025-12-29 13:22:24,011 - ERROR - Error in sending simulation request. Retrying after 5s...
2025-12-29 13:22:29,276 - ERROR - Error in sending simulation request: 400 Client Error: Bad Request for url: https://api.worldquantbrain.com/simulations
2025-12-29 13:22:29,276 - ERROR - Error in sending simulation request. Retrying after 5s...
2025-12-29 13:22:34,524 - ERROR - Error in sending simulation request: 400 Client Error: Bad Request for url: https://api.worldquantbrain.com/simulations
2025-12-29 13:22:34,526 - ERROR - Error in sending simulation request. Retrying after 5s...
2025-12-29 13:22:39,777 - ERROR - Error in sending simulation request: 400 Client Error: Bad Request for url: https://api.worldquantbrain.com/simulations
2025-12-29 13:22:40,727 - INFO - Login to BRAIN successfully.
2025-12-29 13:22:40,727 - ERROR - Error occurred too many times, skipping this alpha and re-logging in.
2025-12-29 13:22:40,727 - ERROR - Simulation request failed after 36 attempts.
2025-12-29 13:22:43,734 - INFO - No one is in active simulation now
2025-12-29 13:22:43,735 - INFO - Loading new alpha...
2025-12-29 13:22:43,735 - INFO - Starting simulation for alpha: group_neutralize(model46 / unemployment_rate, market) with settings: {'instrumentType': 'EQUITY', 'region': 'IND', 'universe': 'TOP2000', 'delay': 1, 'decay': 4, 'neutralization': 'exchange', 'truncation': 0.01, 'pasteurization': 'ON', 'unitHandling': 'VERIFY', 'nanHandling': 'ON', 'language': 'FASTEXPR', 'visualization': False}
2025-12-29 13:22:43,972 - ERROR - Error in sending simulation request: 400 Client Error: Bad Request for url: https://api.worldquantbrain.com/simulations
2025-12-29 13:22:43,972 - ERROR - Error in sending simulation request. Retrying after 5s...
2025-12-29 13:22:49,221 - ERROR - Error in sending simulation request: 400 Client Error: Bad Request for url: https://api.worldquantbrain.com/simulations
2025-12-29 13:22:49,221 - ERROR - Error in sending simulation request. Retrying after 5s...
2025-12-29 13:22:54,461 - ERROR - Error in sending simulation request: 400 Client Error: Bad Request for url: https://api.worldquantbrain.com/simulations
2025-12-29 13:22:54,462 - ERROR - Error in sending simulation request. Retrying after 5s...
2025-12-29 13:22:59,719 - ERROR - Error in sending simulation request: 400 Client Error: Bad Request for url: https://api.worldquantbrain.com/simulations
2025-12-29 13:22:59,719 - ERROR - Error in sending simulation request. Retrying after 5s...
2025-12-29 13:23:04,965 - ERROR - Error in sending simulation request: 400 Client Error: Bad Request for url: https://api.worldquantbrain.com/simulations
2025-12-29 13:23:04,966 - ERROR - Error in sending simulation request. Retrying after 5s...
2025-12-29 13:23:10,203 - ERROR - Error in sending simulation request: 400 Client Error: Bad Request for url: https://api.worldquantbrain.com/simulations
2025-12-29 13:23:10,204 - ERROR - Error in sending simulation request. Retrying after 5s...
2025-12-29 13:23:15,448 - ERROR - Error in sending simulation request: 400 Client Error: Bad Request for url: https://api.worldquantbrain.com/simulations
2025-12-29 13:23:15,449 - ERROR - Error in sending simulation request. Retrying after 5s...
2025-12-29 13:23:20,690 - ERROR - Error in sending simulation request: 400 Client Error: Bad Request for url: https://api.worldquantbrain.com/simulations
2025-12-29 13:23:20,690 - ERROR - Error in sending simulation request. Retrying after 5s...
2025-12-29 13:23:25,938 - ERROR - Error in sending simulation request: 400 Client Error: Bad Request for url: https://api.worldquantbrain.com/simulations
2025-12-29 13:23:25,938 - ERROR - Error in sending simulation request. Retrying after 5s...
2025-12-29 13:23:31,192 - ERROR - Error in sending simulation request: 400 Client Error: Bad Request for url: https://api.worldquantbrain.com/simulations
2025-12-29 13:23:31,193 - ERROR - Error in sending simulation request. Retrying after 5s...
2025-12-29 13:23:36,478 - ERROR - Error in sending simulation request: 400 Client Error: Bad Request for url: https://api.worldquantbrain.com/simulations
2025-12-29 13:23:36,478 - ERROR - Error in sending simulation request. Retrying after 5s...
2025-12-29 13:23:41,725 - ERROR - Error in sending simulation request: 400 Client Error: Bad Request for url: https://api.worldquantbrain.com/simulations
2025-12-29 13:23:41,725 - ERROR - Error in sending simulation request. Retrying after 5s...
2025-12-29 13:23:46,973 - ERROR - Error in sending simulation request: 400 Client Error: Bad Request for url: https://api.worldquantbrain.com/simulations
2025-12-29 13:23:46,974 - ERROR - Error in sending simulation request. Retrying after 5s...
2025-12-29 13:23:52,220 - ERROR - Error in sending simulation request: 400 Client Error: Bad Request for url: https://api.worldquantbrain.com/simulations
2025-12-29 13:23:52,220 - ERROR - Error in sending simulation request. Retrying after 5s...
2025-12-29 13:23:57,469 - ERROR - Error in sending simulation request: 400 Client Error: Bad Request for url: https://api.worldquantbrain.com/simulations
2025-12-29 13:23:57,469 - ERROR - Error in sending simulation request. Retrying after 5s...
2025-12-29 13:24:03,406 - ERROR - Error in sending simulation request: 400 Client Error: Bad Request for url: https://api.worldquantbrain.com/simulations
2025-12-29 13:24:03,406 - ERROR - Error in sending simulation request. Retrying after 5s...
2025-12-29 13:24:08,652 - ERROR - Error in sending simulation request: 400 Client Error: Bad Request for url: https://api.worldquantbrain.com/simulations
2025-12-29 13:24:08,652 - ERROR - Error in sending simulation request. Retrying after 5s...
2025-12-29 13:24:13,904 - ERROR - Error in sending simulation request: 400 Client Error: Bad Request for url: https://api.worldquantbrain.com/simulations
2025-12-29 13:24:13,904 - ERROR - Error in sending simulation request. Retrying after 5s...
2025-12-29 13:24:19,147 - ERROR - Error in sending simulation request: 400 Client Error: Bad Request for url: https://api.worldquantbrain.com/simulations
2025-12-29 13:24:19,147 - ERROR - Error in sending simulation request. Retrying after 5s...
2025-12-29 13:24:24,394 - ERROR - Error in sending simulation request: 400 Client Error: Bad Request for url: https://api.worldquantbrain.com/simulations
2025-12-29 13:24:24,395 - ERROR - Error in sending simulation request. Retrying after 5s...
2025-12-29 13:24:29,637 - ERROR - Error in sending simulation request: 400 Client Error: Bad Request for url: https://api.worldquantbrain.com/simulations
2025-12-29 13:24:29,637 - ERROR - Error in sending simulation request. Retrying after 5s...
2025-12-29 13:24:34,880 - ERROR - Error in sending simulation request: 400 Client Error: Bad Request for url: https://api.worldquantbrain.com/simulations
2025-12-29 13:24:34,880 - ERROR - Error in sending simulation request. Retrying after 5s...
2025-12-29 13:24:40,151 - ERROR - Error in sending simulation request: 400 Client Error: Bad Request for url: https://api.worldquantbrain.com/simulations
2025-12-29 13:24:40,151 - ERROR - Error in sending simulation request. Retrying after 5s...
2025-12-29 13:24:45,397 - ERROR - Error in sending simulation request: 400 Client Error: Bad Request for url: https://api.worldquantbrain.com/simulations
2025-12-29 13:24:45,397 - ERROR - Error in sending simulation request. Retrying after 5s...
2025-12-29 13:24:50,640 - ERROR - Error in sending simulation request: 400 Client Error: Bad Request for url: https://api.worldquantbrain.com/simulations
2025-12-29 13:24:50,640 - ERROR - Error in sending simulation request. Retrying after 5s...
2025-12-29 13:24:55,896 - ERROR - Error in sending simulation request: 400 Client Error: Bad Request for url: https://api.worldquantbrain.com/simulations
2025-12-29 13:24:55,896 - ERROR - Error in sending simulation request. Retrying after 5s...
2025-12-29 13:25:01,149 - ERROR - Error in sending simulation request: 400 Client Error: Bad Request for url: https://api.worldquantbrain.com/simulations
2025-12-29 13:25:01,149 - ERROR - Error in sending simulation request. Retrying after 5s...
2025-12-29 13:25:06,386 - ERROR - Error in sending simulation request: 400 Client Error: Bad Request for url: https://api.worldquantbrain.com/simulations
2025-12-29 13:25:06,386 - ERROR - Error in sending simulation request. Retrying after 5s...
2025-12-29 13:25:11,655 - ERROR - Error in sending simulation request: 400 Client Error: Bad Request for url: https://api.worldquantbrain.com/simulations
2025-12-29 13:25:11,655 - ERROR - Error in sending simulation request. Retrying after 5s...
2025-12-29 13:25:16,900 - ERROR - Error in sending simulation request: 400 Client Error: Bad Request for url: https://api.worldquantbrain.com/simulations
2025-12-29 13:25:16,900 - ERROR - Error in sending simulation request. Retrying after 5s...
2025-12-29 13:25:22,153 - ERROR - Error in sending simulation request: 400 Client Error: Bad Request for url: https://api.worldquantbrain.com/simulations
2025-12-29 13:25:22,153 - ERROR - Error in sending simulation request. Retrying after 5s...
2025-12-29 13:25:27,401 - ERROR - Error in sending simulation request: 400 Client Error: Bad Request for url: https://api.worldquantbrain.com/simulations
2025-12-29 13:25:27,402 - ERROR - Error in sending simulation request. Retrying after 5s...
2025-12-29 13:25:32,660 - ERROR - Error in sending simulation request: 400 Client Error: Bad Request for url: https://api.worldquantbrain.com/simulations
2025-12-29 13:25:32,660 - ERROR - Error in sending simulation request. Retrying after 5s...
2025-12-29 13:25:37,912 - ERROR - Error in sending simulation request: 400 Client Error: Bad Request for url: https://api.worldquantbrain.com/simulations
2025-12-29 13:25:37,912 - ERROR - Error in sending simulation request. Retrying after 5s...
2025-12-29 13:25:43,157 - ERROR - Error in sending simulation request: 400 Client Error: Bad Request for url: https://api.worldquantbrain.com/simulations
2025-12-29 13:25:43,157 - ERROR - Error in sending simulation request. Retrying after 5s...
2025-12-29 13:25:48,396 - ERROR - Error in sending simulation request: 400 Client Error: Bad Request for url: https://api.worldquantbrain.com/simulations
2025-12-29 13:25:48,397 - ERROR - Error in sending simulation request. Retrying after 5s...
2025-12-29 13:25:53,673 - ERROR - Error in sending simulation request: 400 Client Error: Bad Request for url: https://api.worldquantbrain.com/simulations
2025-12-29 13:25:54,625 - INFO - Login to BRAIN successfully.
2025-12-29 13:25:54,625 - ERROR - Error occurred too many times, skipping this alpha and re-logging in.
2025-12-29 13:25:54,625 - ERROR - Simulation request failed after 36 attempts.
2025-12-29 13:25:57,628 - INFO - No one is in active simulation now
2025-12-29 13:25:57,628 - INFO - Loading new alpha...
2025-12-29 13:25:57,628 - INFO - Starting simulation for alpha: ts_cov(model6, current_gdp, 40) with settings: {'instrumentType': 'EQUITY', 'region': 'IND', 'universe': 'TOP2000', 'delay': 1, 'decay': 8, 'neutralization': 'exchange', 'truncation': 0.01, 'pasteurization': 'ON', 'unitHandling': 'VERIFY', 'nanHandling': 'ON', 'language': 'FASTEXPR', 'visualization': False}
2025-12-29 13:25:57,978 - ERROR - Error in sending simulation request: 400 Client Error: Bad Request for url: https://api.worldquantbrain.com/simulations
2025-12-29 13:25:57,978 - ERROR - Error in sending simulation request. Retrying after 5s...
2025-12-29 13:26:03,423 - ERROR - Error in sending simulation request: 400 Client Error: Bad Request for url: https://api.worldquantbrain.com/simulations
2025-12-29 13:26:03,423 - ERROR - Error in sending simulation request. Retrying after 5s...
2025-12-29 13:26:08,705 - ERROR - Error in sending simulation request: 400 Client Error: Bad Request for url: https://api.worldquantbrain.com/simulations
2025-12-29 13:26:08,705 - ERROR - Error in sending simulation request. Retrying after 5s...
2025-12-29 13:26:13,981 - ERROR - Error in sending simulation request: 400 Client Error: Bad Request for url: https://api.worldquantbrain.com/simulations
2025-12-29 13:26:13,981 - ERROR - Error in sending simulation request. Retrying after 5s...
2025-12-29 13:26:19,235 - ERROR - Error in sending simulation request: 400 Client Error: Bad Request for url: https://api.worldquantbrain.com/simulations
2025-12-29 13:26:19,235 - ERROR - Error in sending simulation request. Retrying after 5s...
2025-12-29 13:26:24,485 - ERROR - Error in sending simulation request: 400 Client Error: Bad Request for url: https://api.worldquantbrain.com/simulations
2025-12-29 13:26:24,486 - ERROR - Error in sending simulation request. Retrying after 5s...
2025-12-29 13:26:29,737 - ERROR - Error in sending simulation request: 400 Client Error: Bad Request for url: https://api.worldquantbrain.com/simulations
2025-12-29 13:26:29,737 - ERROR - Error in sending simulation request. Retrying after 5s...
2025-12-29 13:26:34,976 - ERROR - Error in sending simulation request: 400 Client Error: Bad Request for url: https://api.worldquantbrain.com/simulations
2025-12-29 13:26:34,976 - ERROR - Error in sending simulation request. Retrying after 5s...
2025-12-29 13:26:40,219 - ERROR - Error in sending simulation request: 400 Client Error: Bad Request for url: https://api.worldquantbrain.com/simulations
2025-12-29 13:26:40,219 - ERROR - Error in sending simulation request. Retrying after 5s...
2025-12-29 13:26:45,466 - ERROR - Error in sending simulation request: 400 Client Error: Bad Request for url: https://api.worldquantbrain.com/simulations
2025-12-29 13:26:45,467 - ERROR - Error in sending simulation request. Retrying after 5s...
2025-12-29 13:26:50,715 - ERROR - Error in sending simulation request: 400 Client Error: Bad Request for url: https://api.worldquantbrain.com/simulations
2025-12-29 13:26:50,715 - ERROR - Error in sending simulation request. Retrying after 5s...
2025-12-29 13:26:55,964 - ERROR - Error in sending simulation request: 400 Client Error: Bad Request for url: https://api.worldquantbrain.com/simulations
2025-12-29 13:26:55,965 - ERROR - Error in sending simulation request. Retrying after 5s...
2025-12-29 13:27:01,216 - ERROR - Error in sending simulation request: 400 Client Error: Bad Request for url: https://api.worldquantbrain.com/simulations
2025-12-29 13:27:01,216 - ERROR - Error in sending simulation request. Retrying after 5s...
2025-12-29 13:27:06,459 - ERROR - Error in sending simulation request: 400 Client Error: Bad Request for url: https://api.worldquantbrain.com/simulations
2025-12-29 13:27:06,459 - ERROR - Error in sending simulation request. Retrying after 5s...
2025-12-29 13:27:11,711 - ERROR - Error in sending simulation request: 400 Client Error: Bad Request for url: https://api.worldquantbrain.com/simulations
2025-12-29 13:27:11,711 - ERROR - Error in sending simulation request. Retrying after 5s...
2025-12-29 13:27:16,958 - ERROR - Error in sending simulation request: 400 Client Error: Bad Request for url: https://api.worldquantbrain.com/simulations
2025-12-29 13:27:16,958 - ERROR - Error in sending simulation request. Retrying after 5s...
2025-12-29 13:27:22,204 - ERROR - Error in sending simulation request: 400 Client Error: Bad Request for url: https://api.worldquantbrain.com/simulations
2025-12-29 13:27:22,205 - ERROR - Error in sending simulation request. Retrying after 5s...
2025-12-29 13:27:27,446 - ERROR - Error in sending simulation request: 400 Client Error: Bad Request for url: https://api.worldquantbrain.com/simulations
2025-12-29 13:27:27,446 - ERROR - Error in sending simulation request. Retrying after 5s...
2025-12-29 13:27:32,689 - ERROR - Error in sending simulation request: 400 Client Error: Bad Request for url: https://api.worldquantbrain.com/simulations
2025-12-29 13:27:32,690 - ERROR - Error in sending simulation request. Retrying after 5s...
2025-12-29 13:27:37,932 - ERROR - Error in sending simulation request: 400 Client Error: Bad Request for url: https://api.worldquantbrain.com/simulations
2025-12-29 13:27:37,932 - ERROR - Error in sending simulation request. Retrying after 5s...
2025-12-29 13:27:43,178 - ERROR - Error in sending simulation request: 400 Client Error: Bad Request for url: https://api.worldquantbrain.com/simulations
2025-12-29 13:27:43,178 - ERROR - Error in sending simulation request. Retrying after 5s...
2025-12-29 13:27:48,420 - ERROR - Error in sending simulation request: 400 Client Error: Bad Request for url: https://api.worldquantbrain.com/simulations
2025-12-29 13:27:48,420 - ERROR - Error in sending simulation request. Retrying after 5s...
2025-12-29 13:27:53,664 - ERROR - Error in sending simulation request: 400 Client Error: Bad Request for url: https://api.worldquantbrain.com/simulations
2025-12-29 13:27:53,664 - ERROR - Error in sending simulation request. Retrying after 5s...
2025-12-29 13:27:58,956 - ERROR - Error in sending simulation request: 400 Client Error: Bad Request for url: https://api.worldquantbrain.com/simulations
2025-12-29 13:27:58,957 - ERROR - Error in sending simulation request. Retrying after 5s...
2025-12-29 13:28:04,199 - ERROR - Error in sending simulation request: 400 Client Error: Bad Request for url: https://api.worldquantbrain.com/simulations
2025-12-29 13:28:04,200 - ERROR - Error in sending simulation request. Retrying after 5s...
2025-12-29 13:28:09,453 - ERROR - Error in sending simulation request: 400 Client Error: Bad Request for url: https://api.worldquantbrain.com/simulations
2025-12-29 13:28:09,453 - ERROR - Error in sending simulation request. Retrying after 5s...
2025-12-29 13:28:14,697 - ERROR - Error in sending simulation request: 400 Client Error: Bad Request for url: https://api.worldquantbrain.com/simulations
2025-12-29 13:28:14,698 - ERROR - Error in sending simulation request. Retrying after 5s...
2025-12-29 13:28:19,947 - ERROR - Error in sending simulation request: 400 Client Error: Bad Request for url: https://api.worldquantbrain.com/simulations
2025-12-29 13:28:19,947 - ERROR - Error in sending simulation request. Retrying after 5s...
2025-12-29 13:28:25,186 - ERROR - Error in sending simulation request: 400 Client Error: Bad Request for url: https://api.worldquantbrain.com/simulations
2025-12-29 13:28:25,186 - ERROR - Error in sending simulation request. Retrying after 5s...
2025-12-29 13:28:30,432 - ERROR - Error in sending simulation request: 400 Client Error: Bad Request for url: https://api.worldquantbrain.com/simulations
2025-12-29 13:28:30,432 - ERROR - Error in sending simulation request. Retrying after 5s...
2025-12-29 13:28:35,680 - ERROR - Error in sending simulation request: 400 Client Error: Bad Request for url: https://api.worldquantbrain.com/simulations
2025-12-29 13:28:35,680 - ERROR - Error in sending simulation request. Retrying after 5s...
2025-12-29 13:28:40,934 - ERROR - Error in sending simulation request: 400 Client Error: Bad Request for url: https://api.worldquantbrain.com/simulations
2025-12-29 13:28:40,934 - ERROR - Error in sending simulation request. Retrying after 5s...
2025-12-29 13:28:46,327 - ERROR - Error in sending simulation request: 400 Client Error: Bad Request for url: https://api.worldquantbrain.com/simulations
2025-12-29 13:28:46,328 - ERROR - Error in sending simulation request. Retrying after 5s...
2025-12-29 13:28:51,585 - ERROR - Error in sending simulation request: 400 Client Error: Bad Request for url: https://api.worldquantbrain.com/simulations
2025-12-29 13:28:51,586 - ERROR - Error in sending simulation request. Retrying after 5s...
2025-12-29 13:28:56,832 - ERROR - Error in sending simulation request: 400 Client Error: Bad Request for url: https://api.worldquantbrain.com/simulations
2025-12-29 13:28:56,832 - ERROR - Error in sending simulation request. Retrying after 5s...
2025-12-29 13:29:02,077 - ERROR - Error in sending simulation request: 400 Client Error: Bad Request for url: https://api.worldquantbrain.com/simulations
2025-12-29 13:29:02,077 - ERROR - Error in sending simulation request. Retrying after 5s...
2025-12-29 13:29:07,332 - ERROR - Error in sending simulation request: 400 Client Error: Bad Request for url: https://api.worldquantbrain.com/simulations
2025-12-29 13:29:08,272 - INFO - Login to BRAIN successfully.
2025-12-29 13:29:08,272 - ERROR - Error occurred too many times, skipping this alpha and re-logging in.
2025-12-29 13:29:08,272 - ERROR - Simulation request failed after 36 attempts.
2025-12-29 13:29:11,282 - INFO - No one is in active simulation now
2025-12-29 13:29:11,282 - INFO - Loading new alpha...
2025-12-29 13:29:11,282 - INFO - Starting simulation for alpha: ts_delta(model40, 5) with settings: {'instrumentType': 'EQUITY', 'region': 'IND', 'universe': 'TOP2000', 'delay': 1, 'decay': 4, 'neutralization': 'sector', 'truncation': 0.01, 'pasteurization': 'ON', 'unitHandling': 'VERIFY', 'nanHandling': 'ON', 'language': 'FASTEXPR', 'visualization': False}
2025-12-29 13:29:14,718 - ERROR - Error in sending simulation request: 400 Client Error: Bad Request for url: https://api.worldquantbrain.com/simulations
2025-12-29 13:29:14,718 - ERROR - Error in sending simulation request. Retrying after 5s...
2025-12-29 13:29:19,965 - ERROR - Error in sending simulation request: 400 Client Error: Bad Request for url: https://api.worldquantbrain.com/simulations
2025-12-29 13:29:19,965 - ERROR - Error in sending simulation request. Retrying after 5s...
2025-12-29 13:29:25,216 - ERROR - Error in sending simulation request: 400 Client Error: Bad Request for url: https://api.worldquantbrain.com/simulations
2025-12-29 13:29:25,216 - ERROR - Error in sending simulation request. Retrying after 5s...
2025-12-29 13:29:30,467 - ERROR - Error in sending simulation request: 400 Client Error: Bad Request for url: https://api.worldquantbrain.com/simulations
2025-12-29 13:29:30,467 - ERROR - Error in sending simulation request. Retrying after 5s...
2025-12-29 13:29:35,712 - ERROR - Error in sending simulation request: 400 Client Error: Bad Request for url: https://api.worldquantbrain.com/simulations
2025-12-29 13:29:35,712 - ERROR - Error in sending simulation request. Retrying after 5s...
2025-12-29 13:29:40,950 - ERROR - Error in sending simulation request: 400 Client Error: Bad Request for url: https://api.worldquantbrain.com/simulations
2025-12-29 13:29:40,950 - ERROR - Error in sending simulation request. Retrying after 5s...
2025-12-29 13:29:46,195 - ERROR - Error in sending simulation request: 400 Client Error: Bad Request for url: https://api.worldquantbrain.com/simulations
2025-12-29 13:29:46,195 - ERROR - Error in sending simulation request. Retrying after 5s...
2025-12-29 13:29:51,442 - ERROR - Error in sending simulation request: 400 Client Error: Bad Request for url: https://api.worldquantbrain.com/simulations
2025-12-29 13:29:51,442 - ERROR - Error in sending simulation request. Retrying after 5s...
2025-12-29 13:29:56,682 - ERROR - Error in sending simulation request: 400 Client Error: Bad Request for url: https://api.worldquantbrain.com/simulations
2025-12-29 13:29:56,682 - ERROR - Error in sending simulation request. Retrying after 5s...
2025-12-29 13:30:01,927 - ERROR - Error in sending simulation request: 400 Client Error: Bad Request for url: https://api.worldquantbrain.com/simulations
2025-12-29 13:30:01,928 - ERROR - Error in sending simulation request. Retrying after 5s...
2025-12-29 13:30:07,168 - ERROR - Error in sending simulation request: 400 Client Error: Bad Request for url: https://api.worldquantbrain.com/simulations
2025-12-29 13:30:07,168 - ERROR - Error in sending simulation request. Retrying after 5s...
2025-12-29 13:30:12,445 - ERROR - Error in sending simulation request: 400 Client Error: Bad Request for url: https://api.worldquantbrain.com/simulations
2025-12-29 13:30:12,446 - ERROR - Error in sending simulation request. Retrying after 5s...
2025-12-29 13:30:17,686 - ERROR - Error in sending simulation request: 400 Client Error: Bad Request for url: https://api.worldquantbrain.com/simulations
2025-12-29 13:30:17,686 - ERROR - Error in sending simulation request. Retrying after 5s...
2025-12-29 13:30:22,936 - ERROR - Error in sending simulation request: 400 Client Error: Bad Request for url: https://api.worldquantbrain.com/simulations
2025-12-29 13:30:22,937 - ERROR - Error in sending simulation request. Retrying after 5s...
2025-12-29 13:30:28,218 - ERROR - Error in sending simulation request: 400 Client Error: Bad Request for url: https://api.worldquantbrain.com/simulations
2025-12-29 13:30:28,218 - ERROR - Error in sending simulation request. Retrying after 5s...
2025-12-29 13:30:33,478 - ERROR - Error in sending simulation request: 400 Client Error: Bad Request for url: https://api.worldquantbrain.com/simulations
2025-12-29 13:30:33,479 - ERROR - Error in sending simulation request. Retrying after 5s...
2025-12-29 13:30:38,723 - ERROR - Error in sending simulation request: 400 Client Error: Bad Request for url: https://api.worldquantbrain.com/simulations
2025-12-29 13:30:38,723 - ERROR - Error in sending simulation request. Retrying after 5s...
2025-12-29 13:30:44,411 - ERROR - Error in sending simulation request: 400 Client Error: Bad Request for url: https://api.worldquantbrain.com/simulations
2025-12-29 13:30:44,412 - ERROR - Error in sending simulation request. Retrying after 5s...
2025-12-29 13:30:49,658 - ERROR - Error in sending simulation request: 400 Client Error: Bad Request for url: https://api.worldquantbrain.com/simulations
2025-12-29 13:30:49,659 - ERROR - Error in sending simulation request. Retrying after 5s...
2025-12-29 13:30:55,715 - ERROR - Error in sending simulation request: 400 Client Error: Bad Request for url: https://api.worldquantbrain.com/simulations
2025-12-29 13:30:55,715 - ERROR - Error in sending simulation request. Retrying after 5s...
2025-12-29 13:31:00,958 - ERROR - Error in sending simulation request: 400 Client Error: Bad Request for url: https://api.worldquantbrain.com/simulations
2025-12-29 13:31:00,959 - ERROR - Error in sending simulation request. Retrying after 5s...
2025-12-29 13:31:08,497 - ERROR - Error in sending simulation request: 400 Client Error: Bad Request for url: https://api.worldquantbrain.com/simulations
2025-12-29 13:31:08,497 - ERROR - Error in sending simulation request. Retrying after 5s...
2025-12-29 13:31:13,740 - ERROR - Error in sending simulation request: 400 Client Error: Bad Request for url: https://api.worldquantbrain.com/simulations
2025-12-29 13:31:13,740 - ERROR - Error in sending simulation request. Retrying after 5s...
2025-12-29 13:31:19,028 - ERROR - Error in sending simulation request: 400 Client Error: Bad Request for url: https://api.worldquantbrain.com/simulations
2025-12-29 13:31:19,028 - ERROR - Error in sending simulation request. Retrying after 5s...
2025-12-29 13:31:24,272 - ERROR - Error in sending simulation request: 400 Client Error: Bad Request for url: https://api.worldquantbrain.com/simulations
2025-12-29 13:31:24,272 - ERROR - Error in sending simulation request. Retrying after 5s...
2025-12-29 13:31:29,536 - ERROR - Error in sending simulation request: 400 Client Error: Bad Request for url: https://api.worldquantbrain.com/simulations
2025-12-29 13:31:29,537 - ERROR - Error in sending simulation request. Retrying after 5s...
2025-12-29 13:31:34,784 - ERROR - Error in sending simulation request: 400 Client Error: Bad Request for url: https://api.worldquantbrain.com/simulations
2025-12-29 13:31:34,784 - ERROR - Error in sending simulation request. Retrying after 5s...
2025-12-29 13:31:40,037 - ERROR - Error in sending simulation request: 400 Client Error: Bad Request for url: https://api.worldquantbrain.com/simulations
2025-12-29 13:31:40,038 - ERROR - Error in sending simulation request. Retrying after 5s...
2025-12-29 13:31:45,283 - ERROR - Error in sending simulation request: 400 Client Error: Bad Request for url: https://api.worldquantbrain.com/simulations
2025-12-29 13:31:45,283 - ERROR - Error in sending simulation request. Retrying after 5s...
2025-12-29 13:31:50,529 - ERROR - Error in sending simulation request: 400 Client Error: Bad Request for url: https://api.worldquantbrain.com/simulations
2025-12-29 13:31:50,531 - ERROR - Error in sending simulation request. Retrying after 5s...
2025-12-29 13:31:56,218 - ERROR - Error in sending simulation request: 400 Client Error: Bad Request for url: https://api.worldquantbrain.com/simulations
2025-12-29 13:31:56,219 - ERROR - Error in sending simulation request. Retrying after 5s...
2025-12-29 13:32:01,467 - ERROR - Error in sending simulation request: 400 Client Error: Bad Request for url: https://api.worldquantbrain.com/simulations
2025-12-29 13:32:01,467 - ERROR - Error in sending simulation request. Retrying after 5s...
2025-12-29 13:32:06,712 - ERROR - Error in sending simulation request: 400 Client Error: Bad Request for url: https://api.worldquantbrain.com/simulations
2025-12-29 13:32:06,712 - ERROR - Error in sending simulation request. Retrying after 5s...
2025-12-29 13:32:11,955 - ERROR - Error in sending simulation request: 400 Client Error: Bad Request for url: https://api.worldquantbrain.com/simulations
2025-12-29 13:32:11,956 - ERROR - Error in sending simulation request. Retrying after 5s...
2025-12-29 13:32:17,199 - ERROR - Error in sending simulation request: 400 Client Error: Bad Request for url: https://api.worldquantbrain.com/simulations
2025-12-29 13:32:17,199 - ERROR - Error in sending simulation request. Retrying after 5s...
2025-12-29 13:32:22,445 - ERROR - Error in sending simulation request: 400 Client Error: Bad Request for url: https://api.worldquantbrain.com/simulations
2025-12-29 13:32:22,446 - ERROR - Error in sending simulation request. Retrying after 5s...
2025-12-29 13:32:28,126 - ERROR - Error in sending simulation request: 400 Client Error: Bad Request for url: https://api.worldquantbrain.com/simulations
2025-12-29 13:32:29,077 - INFO - Login to BRAIN successfully.
2025-12-29 13:32:29,079 - ERROR - Error occurred too many times, skipping this alpha and re-logging in.
2025-12-29 13:32:29,079 - ERROR - Simulation request failed after 36 attempts.
2025-12-29 13:32:32,086 - INFO - No one is in active simulation now
2025-12-29 13:32:32,086 - INFO - Loading new alpha...
2025-12-29 13:32:32,086 - INFO - Starting simulation for alpha: ts_decay_linear(rank(interest_rate), 40) with settings: {'instrumentType': 'EQUITY', 'region': 'IND', 'universe': 'TOP2000', 'delay': 1, 'decay': 8, 'neutralization': 'sector', 'truncation': 0.01, 'pasteurization': 'ON', 'unitHandling': 'VERIFY', 'nanHandling': 'ON', 'language': 'FASTEXPR', 'visualization': False}
2025-12-29 13:32:32,329 - ERROR - Error in sending simulation request: 400 Client Error: Bad Request for url: https://api.worldquantbrain.com/simulations
2025-12-29 13:32:32,329 - ERROR - Error in sending simulation request. Retrying after 5s...
2025-12-29 13:32:37,579 - ERROR - Error in sending simulation request: 400 Client Error: Bad Request for url: https://api.worldquantbrain.com/simulations
2025-12-29 13:32:37,579 - ERROR - Error in sending simulation request. Retrying after 5s...
2025-12-29 13:32:42,828 - ERROR - Error in sending simulation request: 400 Client Error: Bad Request for url: https://api.worldquantbrain.com/simulations
2025-12-29 13:32:42,828 - ERROR - Error in sending simulation request. Retrying after 5s...
2025-12-29 13:32:48,133 - ERROR - Error in sending simulation request: 400 Client Error: Bad Request for url: https://api.worldquantbrain.com/simulations
2025-12-29 13:32:48,134 - ERROR - Error in sending simulation request. Retrying after 5s...
2025-12-29 13:32:53,379 - ERROR - Error in sending simulation request: 400 Client Error: Bad Request for url: https://api.worldquantbrain.com/simulations
2025-12-29 13:32:53,380 - ERROR - Error in sending simulation request. Retrying after 5s...
2025-12-29 13:32:58,668 - ERROR - Error in sending simulation request: 400 Client Error: Bad Request for url: https://api.worldquantbrain.com/simulations
2025-12-29 13:32:58,668 - ERROR - Error in sending simulation request. Retrying after 5s...
2025-12-29 13:33:03,916 - ERROR - Error in sending simulation request: 400 Client Error: Bad Request for url: https://api.worldquantbrain.com/simulations
2025-12-29 13:33:03,916 - ERROR - Error in sending simulation request. Retrying after 5s...
2025-12-29 13:33:09,161 - ERROR - Error in sending simulation request: 400 Client Error: Bad Request for url: https://api.worldquantbrain.com/simulations
2025-12-29 13:33:09,162 - ERROR - Error in sending simulation request. Retrying after 5s...
2025-12-29 13:33:14,407 - ERROR - Error in sending simulation request: 400 Client Error: Bad Request for url: https://api.worldquantbrain.com/simulations
2025-12-29 13:33:14,407 - ERROR - Error in sending simulation request. Retrying after 5s...
2025-12-29 13:33:19,656 - ERROR - Error in sending simulation request: 400 Client Error: Bad Request for url: https://api.worldquantbrain.com/simulations
2025-12-29 13:33:19,656 - ERROR - Error in sending simulation request. Retrying after 5s...
2025-12-29 13:33:24,902 - ERROR - Error in sending simulation request: 400 Client Error: Bad Request for url: https://api.worldquantbrain.com/simulations
2025-12-29 13:33:24,902 - ERROR - Error in sending simulation request. Retrying after 5s...
2025-12-29 13:33:33,189 - ERROR - Error in sending simulation request: 400 Client Error: Bad Request for url: https://api.worldquantbrain.com/simulations
2025-12-29 13:33:33,190 - ERROR - Error in sending simulation request. Retrying after 5s...
2025-12-29 13:33:38,435 - ERROR - Error in sending simulation request: 400 Client Error: Bad Request for url: https://api.worldquantbrain.com/simulations
2025-12-29 13:33:38,435 - ERROR - Error in sending simulation request. Retrying after 5s...
2025-12-29 13:33:43,681 - ERROR - Error in sending simulation request: 400 Client Error: Bad Request for url: https://api.worldquantbrain.com/simulations
2025-12-29 13:33:43,681 - ERROR - Error in sending simulation request. Retrying after 5s...
2025-12-29 13:33:48,934 - ERROR - Error in sending simulation request: 400 Client Error: Bad Request for url: https://api.worldquantbrain.com/simulations
2025-12-29 13:33:48,934 - ERROR - Error in sending simulation request. Retrying after 5s...
2025-12-29 13:33:54,178 - ERROR - Error in sending simulation request: 400 Client Error: Bad Request for url: https://api.worldquantbrain.com/simulations
2025-12-29 13:33:54,178 - ERROR - Error in sending simulation request. Retrying after 5s...
2025-12-29 13:33:59,427 - ERROR - Error in sending simulation request: 400 Client Error: Bad Request for url: https://api.worldquantbrain.com/simulations
2025-12-29 13:33:59,427 - ERROR - Error in sending simulation request. Retrying after 5s...
2025-12-29 13:34:04,669 - ERROR - Error in sending simulation request: 400 Client Error: Bad Request for url: https://api.worldquantbrain.com/simulations
2025-12-29 13:34:04,670 - ERROR - Error in sending simulation request. Retrying after 5s...
2025-12-29 13:34:09,917 - ERROR - Error in sending simulation request: 400 Client Error: Bad Request for url: https://api.worldquantbrain.com/simulations
2025-12-29 13:34:09,918 - ERROR - Error in sending simulation request. Retrying after 5s...
2025-12-29 13:34:15,164 - ERROR - Error in sending simulation request: 400 Client Error: Bad Request for url: https://api.worldquantbrain.com/simulations
2025-12-29 13:34:15,164 - ERROR - Error in sending simulation request. Retrying after 5s...
2025-12-29 13:34:20,410 - ERROR - Error in sending simulation request: 400 Client Error: Bad Request for url: https://api.worldquantbrain.com/simulations
2025-12-29 13:34:20,410 - ERROR - Error in sending simulation request. Retrying after 5s...
2025-12-29 13:34:25,657 - ERROR - Error in sending simulation request: 400 Client Error: Bad Request for url: https://api.worldquantbrain.com/simulations
2025-12-29 13:34:25,657 - ERROR - Error in sending simulation request. Retrying after 5s...
2025-12-29 13:34:30,902 - ERROR - Error in sending simulation request: 400 Client Error: Bad Request for url: https://api.worldquantbrain.com/simulations
2025-12-29 13:34:30,902 - ERROR - Error in sending simulation request. Retrying after 5s...
2025-12-29 13:34:36,149 - ERROR - Error in sending simulation request: 400 Client Error: Bad Request for url: https://api.worldquantbrain.com/simulations
2025-12-29 13:34:36,149 - ERROR - Error in sending simulation request. Retrying after 5s...
2025-12-29 13:34:41,392 - ERROR - Error in sending simulation request: 400 Client Error: Bad Request for url: https://api.worldquantbrain.com/simulations
2025-12-29 13:34:41,393 - ERROR - Error in sending simulation request. Retrying after 5s...
2025-12-29 13:34:46,652 - ERROR - Error in sending simulation request: 400 Client Error: Bad Request for url: https://api.worldquantbrain.com/simulations
2025-12-29 13:34:46,652 - ERROR - Error in sending simulation request. Retrying after 5s...
2025-12-29 13:34:51,897 - ERROR - Error in sending simulation request: 400 Client Error: Bad Request for url: https://api.worldquantbrain.com/simulations
2025-12-29 13:34:51,897 - ERROR - Error in sending simulation request. Retrying after 5s...
2025-12-29 13:34:57,228 - ERROR - Error in sending simulation request: 400 Client Error: Bad Request for url: https://api.worldquantbrain.com/simulations
2025-12-29 13:34:57,228 - ERROR - Error in sending simulation request. Retrying after 5s...
2025-12-29 13:35:02,482 - ERROR - Error in sending simulation request: 400 Client Error: Bad Request for url: https://api.worldquantbrain.com/simulations
2025-12-29 13:35:02,482 - ERROR - Error in sending simulation request. Retrying after 5s...
2025-12-29 13:35:07,727 - ERROR - Error in sending simulation request: 400 Client Error: Bad Request for url: https://api.worldquantbrain.com/simulations
2025-12-29 13:35:07,727 - ERROR - Error in sending simulation request. Retrying after 5s...
2025-12-29 13:35:12,974 - ERROR - Error in sending simulation request: 400 Client Error: Bad Request for url: https://api.worldquantbrain.com/simulations
2025-12-29 13:35:12,974 - ERROR - Error in sending simulation request. Retrying after 5s...
2025-12-29 13:35:18,221 - ERROR - Error in sending simulation request: 400 Client Error: Bad Request for url: https://api.worldquantbrain.com/simulations
2025-12-29 13:35:18,222 - ERROR - Error in sending simulation request. Retrying after 5s...
2025-12-29 13:35:23,470 - ERROR - Error in sending simulation request: 400 Client Error: Bad Request for url: https://api.worldquantbrain.com/simulations
2025-12-29 13:35:23,470 - ERROR - Error in sending simulation request. Retrying after 5s...
2025-12-29 13:35:28,718 - ERROR - Error in sending simulation request: 400 Client Error: Bad Request for url: https://api.worldquantbrain.com/simulations
2025-12-29 13:35:28,718 - ERROR - Error in sending simulation request. Retrying after 5s...
2025-12-29 13:35:33,963 - ERROR - Error in sending simulation request: 400 Client Error: Bad Request for url: https://api.worldquantbrain.com/simulations
2025-12-29 13:35:33,964 - ERROR - Error in sending simulation request. Retrying after 5s...
2025-12-29 13:35:39,202 - ERROR - Error in sending simulation request: 400 Client Error: Bad Request for url: https://api.worldquantbrain.com/simulations
2025-12-29 13:35:39,203 - ERROR - Error in sending simulation request. Retrying after 5s...
2025-12-29 13:35:44,458 - ERROR - Error in sending simulation request: 400 Client Error: Bad Request for url: https://api.worldquantbrain.com/simulations
2025-12-29 13:35:45,697 - INFO - Login to BRAIN successfully.
2025-12-29 13:35:45,697 - ERROR - Error occurred too many times, skipping this alpha and re-logging in.
2025-12-29 13:35:45,697 - ERROR - Simulation request failed after 36 attempts.
2025-12-29 13:35:48,700 - INFO - No one is in active simulation now
2025-12-29 13:35:48,700 - INFO - Loading new alpha...
2025-12-29 13:35:48,700 - INFO - Starting simulation for alpha: ts_rank(money_supply / ts_mean(money_supply, 60) - 1, 60) * -1 with settings: {'instrumentType': 'EQUITY', 'region': 'IND', 'universe': 'TOP2000', 'delay': 1, 'decay': 5, 'neutralization': 'sector', 'truncation': 0.01, 'pasteurization': 'ON', 'unitHandling': 'VERIFY', 'nanHandling': 'ON', 'language': 'FASTEXPR', 'visualization': False}
2025-12-29 13:35:48,965 - ERROR - Error in sending simulation request: 400 Client Error: Bad Request for url: https://api.worldquantbrain.com/simulations
2025-12-29 13:35:48,965 - ERROR - Error in sending simulation request. Retrying after 5s...
2025-12-29 13:35:54,761 - ERROR - Error in sending simulation request: 400 Client Error: Bad Request for url: https://api.worldquantbrain.com/simulations
2025-12-29 13:35:54,761 - ERROR - Error in sending simulation request. Retrying after 5s...
2025-12-29 13:36:00,008 - ERROR - Error in sending simulation request: 400 Client Error: Bad Request for url: https://api.worldquantbrain.com/simulations
2025-12-29 13:36:00,008 - ERROR - Error in sending simulation request. Retrying after 5s...
2025-12-29 13:36:05,256 - ERROR - Error in sending simulation request: 400 Client Error: Bad Request for url: https://api.worldquantbrain.com/simulations
2025-12-29 13:36:05,256 - ERROR - Error in sending simulation request. Retrying after 5s...
2025-12-29 13:36:10,515 - ERROR - Error in sending simulation request: 400 Client Error: Bad Request for url: https://api.worldquantbrain.com/simulations
2025-12-29 13:36:10,515 - ERROR - Error in sending simulation request. Retrying after 5s...
2025-12-29 13:36:20,717 - ERROR - Error in sending simulation request: 400 Client Error: Bad Request for url: https://api.worldquantbrain.com/simulations
2025-12-29 13:36:20,718 - ERROR - Error in sending simulation request. Retrying after 5s...
2025-12-29 13:36:25,968 - ERROR - Error in sending simulation request: 400 Client Error: Bad Request for url: https://api.worldquantbrain.com/simulations
2025-12-29 13:36:25,968 - ERROR - Error in sending simulation request. Retrying after 5s...
2025-12-29 13:36:31,211 - ERROR - Error in sending simulation request: 400 Client Error: Bad Request for url: https://api.worldquantbrain.com/simulations
2025-12-29 13:36:31,211 - ERROR - Error in sending simulation request. Retrying after 5s...
2025-12-29 13:36:36,463 - ERROR - Error in sending simulation request: 400 Client Error: Bad Request for url: https://api.worldquantbrain.com/simulations
2025-12-29 13:36:36,463 - ERROR - Error in sending simulation request. Retrying after 5s...
2025-12-29 13:36:41,711 - ERROR - Error in sending simulation request: 400 Client Error: Bad Request for url: https://api.worldquantbrain.com/simulations
2025-12-29 13:36:41,712 - ERROR - Error in sending simulation request. Retrying after 5s...
2025-12-29 13:36:46,950 - ERROR - Error in sending simulation request: 400 Client Error: Bad Request for url: https://api.worldquantbrain.com/simulations
2025-12-29 13:36:46,950 - ERROR - Error in sending simulation request. Retrying after 5s...
2025-12-29 13:36:52,198 - ERROR - Error in sending simulation request: 400 Client Error: Bad Request for url: https://api.worldquantbrain.com/simulations
2025-12-29 13:36:52,198 - ERROR - Error in sending simulation request. Retrying after 5s...
2025-12-29 13:36:57,611 - ERROR - Error in sending simulation request: 400 Client Error: Bad Request for url: https://api.worldquantbrain.com/simulations
2025-12-29 13:36:57,611 - ERROR - Error in sending simulation request. Retrying after 5s...
2025-12-29 13:37:02,864 - ERROR - Error in sending simulation request: 400 Client Error: Bad Request for url: https://api.worldquantbrain.com/simulations
2025-12-29 13:37:02,864 - ERROR - Error in sending simulation request. Retrying after 5s...
2025-12-29 13:37:08,114 - ERROR - Error in sending simulation request: 400 Client Error: Bad Request for url: https://api.worldquantbrain.com/simulations
2025-12-29 13:37:08,114 - ERROR - Error in sending simulation request. Retrying after 5s...
2025-12-29 13:37:13,356 - ERROR - Error in sending simulation request: 400 Client Error: Bad Request for url: https://api.worldquantbrain.com/simulations
2025-12-29 13:37:13,356 - ERROR - Error in sending simulation request. Retrying after 5s...
2025-12-29 13:37:18,607 - ERROR - Error in sending simulation request: 400 Client Error: Bad Request for url: https://api.worldquantbrain.com/simulations
2025-12-29 13:37:18,607 - ERROR - Error in sending simulation request. Retrying after 5s...
2025-12-29 13:37:23,861 - ERROR - Error in sending simulation request: 400 Client Error: Bad Request for url: https://api.worldquantbrain.com/simulations
2025-12-29 13:37:23,862 - ERROR - Error in sending simulation request. Retrying after 5s...
2025-12-29 13:37:29,118 - ERROR - Error in sending simulation request: 400 Client Error: Bad Request for url: https://api.worldquantbrain.com/simulations
2025-12-29 13:37:29,118 - ERROR - Error in sending simulation request. Retrying after 5s...
2025-12-29 13:37:34,368 - ERROR - Error in sending simulation request: 400 Client Error: Bad Request for url: https://api.worldquantbrain.com/simulations
2025-12-29 13:37:34,369 - ERROR - Error in sending simulation request. Retrying after 5s...
2025-12-29 13:37:39,620 - ERROR - Error in sending simulation request: 400 Client Error: Bad Request for url: https://api.worldquantbrain.com/simulations
2025-12-29 13:37:39,620 - ERROR - Error in sending simulation request. Retrying after 5s...
2025-12-29 13:37:44,872 - ERROR - Error in sending simulation request: 400 Client Error: Bad Request for url: https://api.worldquantbrain.com/simulations
2025-12-29 13:37:44,872 - ERROR - Error in sending simulation request. Retrying after 5s...
2025-12-29 13:37:50,123 - ERROR - Error in sending simulation request: 400 Client Error: Bad Request for url: https://api.worldquantbrain.com/simulations
2025-12-29 13:37:50,123 - ERROR - Error in sending simulation request. Retrying after 5s...
2025-12-29 13:37:55,375 - ERROR - Error in sending simulation request: 400 Client Error: Bad Request for url: https://api.worldquantbrain.com/simulations
2025-12-29 13:37:55,376 - ERROR - Error in sending simulation request. Retrying after 5s...
2025-12-29 13:38:00,619 - ERROR - Error in sending simulation request: 400 Client Error: Bad Request for url: https://api.worldquantbrain.com/simulations
2025-12-29 13:38:00,619 - ERROR - Error in sending simulation request. Retrying after 5s...
2025-12-29 13:38:05,873 - ERROR - Error in sending simulation request: 400 Client Error: Bad Request for url: https://api.worldquantbrain.com/simulations
2025-12-29 13:38:05,873 - ERROR - Error in sending simulation request. Retrying after 5s...
2025-12-29 13:38:11,120 - ERROR - Error in sending simulation request: 400 Client Error: Bad Request for url: https://api.worldquantbrain.com/simulations
2025-12-29 13:38:11,120 - ERROR - Error in sending simulation request. Retrying after 5s...
2025-12-29 13:38:16,372 - ERROR - Error in sending simulation request: 400 Client Error: Bad Request for url: https://api.worldquantbrain.com/simulations
2025-12-29 13:38:16,373 - ERROR - Error in sending simulation request. Retrying after 5s...
2025-12-29 13:38:21,621 - ERROR - Error in sending simulation request: 400 Client Error: Bad Request for url: https://api.worldquantbrain.com/simulations
2025-12-29 13:38:21,621 - ERROR - Error in sending simulation request. Retrying after 5s...
2025-12-29 13:38:26,863 - ERROR - Error in sending simulation request: 400 Client Error: Bad Request for url: https://api.worldquantbrain.com/simulations
2025-12-29 13:38:26,864 - ERROR - Error in sending simulation request. Retrying after 5s...
2025-12-29 13:38:32,106 - ERROR - Error in sending simulation request: 400 Client Error: Bad Request for url: https://api.worldquantbrain.com/simulations
2025-12-29 13:38:32,106 - ERROR - Error in sending simulation request. Retrying after 5s...
2025-12-29 13:38:37,361 - ERROR - Error in sending simulation request: 400 Client Error: Bad Request for url: https://api.worldquantbrain.com/simulations
2025-12-29 13:38:37,361 - ERROR - Error in sending simulation request. Retrying after 5s...
2025-12-29 13:38:42,613 - ERROR - Error in sending simulation request: 400 Client Error: Bad Request for url: https://api.worldquantbrain.com/simulations
2025-12-29 13:38:42,613 - ERROR - Error in sending simulation request. Retrying after 5s...
2025-12-29 13:38:47,865 - ERROR - Error in sending simulation request: 400 Client Error: Bad Request for url: https://api.worldquantbrain.com/simulations
2025-12-29 13:38:47,865 - ERROR - Error in sending simulation request. Retrying after 5s...
2025-12-29 13:38:53,127 - ERROR - Error in sending simulation request: 400 Client Error: Bad Request for url: https://api.worldquantbrain.com/simulations
2025-12-29 13:38:53,127 - ERROR - Error in sending simulation request. Retrying after 5s...
2025-12-29 13:38:58,372 - ERROR - Error in sending simulation request: 400 Client Error: Bad Request for url: https://api.worldquantbrain.com/simulations
2025-12-29 13:38:58,372 - ERROR - Error in sending simulation request. Retrying after 5s...
2025-12-29 13:39:03,658 - ERROR - Error in sending simulation request: 400 Client Error: Bad Request for url: https://api.worldquantbrain.com/simulations
2025-12-29 13:39:04,638 - INFO - Login to BRAIN successfully.
2025-12-29 13:39:04,638 - ERROR - Error occurred too many times, skipping this alpha and re-logging in.
2025-12-29 13:39:04,638 - ERROR - Simulation request failed after 36 attempts.
2025-12-29 13:39:07,651 - INFO - No one is in active simulation now
2025-12-29 13:39:07,651 - INFO - Loading new alpha...
2025-12-29 13:39:07,651 - INFO - Starting simulation for alpha: ts_std_dev(money_supply, 30) with settings: {'instrumentType': 'EQUITY', 'region': 'IND', 'universe': 'TOP2000', 'delay': 1, 'decay': 6, 'neutralization': 'country', 'truncation': 0.01, 'pasteurization': 'ON', 'unitHandling': 'VERIFY', 'nanHandling': 'ON', 'language': 'FASTEXPR', 'visualization': False}
2025-12-29 13:39:08,206 - ERROR - Error in sending simulation request: 400 Client Error: Bad Request for url: https://api.worldquantbrain.com/simulations
2025-12-29 13:39:08,206 - ERROR - Error in sending simulation request. Retrying after 5s...
2025-12-29 13:39:13,473 - ERROR - Error in sending simulation request: 400 Client Error: Bad Request for url: https://api.worldquantbrain.com/simulations
2025-12-29 13:39:13,473 - ERROR - Error in sending simulation request. Retrying after 5s...
2025-12-29 13:39:18,724 - ERROR - Error in sending simulation request: 400 Client Error: Bad Request for url: https://api.worldquantbrain.com/simulations
2025-12-29 13:39:18,724 - ERROR - Error in sending simulation request. Retrying after 5s...
2025-12-29 13:39:24,569 - ERROR - Error in sending simulation request: 400 Client Error: Bad Request for url: https://api.worldquantbrain.com/simulations
2025-12-29 13:39:24,570 - ERROR - Error in sending simulation request. Retrying after 5s...
2025-12-29 13:39:29,828 - ERROR - Error in sending simulation request: 400 Client Error: Bad Request for url: https://api.worldquantbrain.com/simulations
2025-12-29 13:39:29,828 - ERROR - Error in sending simulation request. Retrying after 5s...
2025-12-29 13:39:35,080 - ERROR - Error in sending simulation request: 400 Client Error: Bad Request for url: https://api.worldquantbrain.com/simulations
2025-12-29 13:39:35,080 - ERROR - Error in sending simulation request. Retrying after 5s...
2025-12-29 13:39:40,327 - ERROR - Error in sending simulation request: 400 Client Error: Bad Request for url: https://api.worldquantbrain.com/simulations
2025-12-29 13:39:40,327 - ERROR - Error in sending simulation request. Retrying after 5s...
2025-12-29 13:39:45,579 - ERROR - Error in sending simulation request: 400 Client Error: Bad Request for url: https://api.worldquantbrain.com/simulations
2025-12-29 13:39:45,579 - ERROR - Error in sending simulation request. Retrying after 5s...
2025-12-29 13:39:50,821 - ERROR - Error in sending simulation request: 400 Client Error: Bad Request for url: https://api.worldquantbrain.com/simulations
2025-12-29 13:39:50,821 - ERROR - Error in sending simulation request. Retrying after 5s...
2025-12-29 13:39:56,071 - ERROR - Error in sending simulation request: 400 Client Error: Bad Request for url: https://api.worldquantbrain.com/simulations
2025-12-29 13:39:56,071 - ERROR - Error in sending simulation request. Retrying after 5s...
2025-12-29 13:40:01,317 - ERROR - Error in sending simulation request: 400 Client Error: Bad Request for url: https://api.worldquantbrain.com/simulations
2025-12-29 13:40:01,317 - ERROR - Error in sending simulation request. Retrying after 5s...
2025-12-29 13:40:06,577 - ERROR - Error in sending simulation request: 400 Client Error: Bad Request for url: https://api.worldquantbrain.com/simulations
2025-12-29 13:40:06,578 - ERROR - Error in sending simulation request. Retrying after 5s...
2025-12-29 13:40:11,830 - ERROR - Error in sending simulation request: 400 Client Error: Bad Request for url: https://api.worldquantbrain.com/simulations
2025-12-29 13:40:11,830 - ERROR - Error in sending simulation request. Retrying after 5s...
2025-12-29 13:40:17,086 - ERROR - Error in sending simulation request: 400 Client Error: Bad Request for url: https://api.worldquantbrain.com/simulations
2025-12-29 13:40:17,087 - ERROR - Error in sending simulation request. Retrying after 5s...
2025-12-29 13:40:22,330 - ERROR - Error in sending simulation request: 400 Client Error: Bad Request for url: https://api.worldquantbrain.com/simulations
2025-12-29 13:40:22,330 - ERROR - Error in sending simulation request. Retrying after 5s...
2025-12-29 13:40:27,580 - ERROR - Error in sending simulation request: 400 Client Error: Bad Request for url: https://api.worldquantbrain.com/simulations
2025-12-29 13:40:27,581 - ERROR - Error in sending simulation request. Retrying after 5s...
2025-12-29 13:40:32,825 - ERROR - Error in sending simulation request: 400 Client Error: Bad Request for url: https://api.worldquantbrain.com/simulations
2025-12-29 13:40:32,825 - ERROR - Error in sending simulation request. Retrying after 5s...
2025-12-29 13:40:38,071 - ERROR - Error in sending simulation request: 400 Client Error: Bad Request for url: https://api.worldquantbrain.com/simulations
2025-12-29 13:40:38,072 - ERROR - Error in sending simulation request. Retrying after 5s...
2025-12-29 13:40:43,318 - ERROR - Error in sending simulation request: 400 Client Error: Bad Request for url: https://api.worldquantbrain.com/simulations
2025-12-29 13:40:43,318 - ERROR - Error in sending simulation request. Retrying after 5s...
2025-12-29 13:40:48,565 - ERROR - Error in sending simulation request: 400 Client Error: Bad Request for url: https://api.worldquantbrain.com/simulations
2025-12-29 13:40:48,565 - ERROR - Error in sending simulation request. Retrying after 5s...
2025-12-29 13:40:53,822 - ERROR - Error in sending simulation request: 400 Client Error: Bad Request for url: https://api.worldquantbrain.com/simulations
2025-12-29 13:40:53,822 - ERROR - Error in sending simulation request. Retrying after 5s...
2025-12-29 13:40:59,071 - ERROR - Error in sending simulation request: 400 Client Error: Bad Request for url: https://api.worldquantbrain.com/simulations
2025-12-29 13:40:59,071 - ERROR - Error in sending simulation request. Retrying after 5s...
2025-12-29 13:41:04,326 - ERROR - Error in sending simulation request: 400 Client Error: Bad Request for url: https://api.worldquantbrain.com/simulations
2025-12-29 13:41:04,327 - ERROR - Error in sending simulation request. Retrying after 5s...
2025-12-29 13:41:09,577 - ERROR - Error in sending simulation request: 400 Client Error: Bad Request for url: https://api.worldquantbrain.com/simulations
2025-12-29 13:41:09,577 - ERROR - Error in sending simulation request. Retrying after 5s...
2025-12-29 13:41:14,836 - ERROR - Error in sending simulation request: 400 Client Error: Bad Request for url: https://api.worldquantbrain.com/simulations
2025-12-29 13:41:14,837 - ERROR - Error in sending simulation request. Retrying after 5s...
2025-12-29 13:41:20,098 - ERROR - Error in sending simulation request: 400 Client Error: Bad Request for url: https://api.worldquantbrain.com/simulations
2025-12-29 13:41:20,098 - ERROR - Error in sending simulation request. Retrying after 5s...
2025-12-29 13:41:25,376 - ERROR - Error in sending simulation request: 400 Client Error: Bad Request for url: https://api.worldquantbrain.com/simulations
2025-12-29 13:41:25,376 - ERROR - Error in sending simulation request. Retrying after 5s...
2025-12-29 13:41:30,625 - ERROR - Error in sending simulation request: 400 Client Error: Bad Request for url: https://api.worldquantbrain.com/simulations
2025-12-29 13:41:30,626 - ERROR - Error in sending simulation request. Retrying after 5s...
2025-12-29 13:41:35,874 - ERROR - Error in sending simulation request: 400 Client Error: Bad Request for url: https://api.worldquantbrain.com/simulations
2025-12-29 13:41:35,874 - ERROR - Error in sending simulation request. Retrying after 5s...
2025-12-29 13:41:41,120 - ERROR - Error in sending simulation request: 400 Client Error: Bad Request for url: https://api.worldquantbrain.com/simulations
2025-12-29 13:41:41,121 - ERROR - Error in sending simulation request. Retrying after 5s...
2025-12-29 13:41:46,366 - ERROR - Error in sending simulation request: 400 Client Error: Bad Request for url: https://api.worldquantbrain.com/simulations
2025-12-29 13:41:46,367 - ERROR - Error in sending simulation request. Retrying after 5s...
2025-12-29 13:41:51,617 - ERROR - Error in sending simulation request: 400 Client Error: Bad Request for url: https://api.worldquantbrain.com/simulations
2025-12-29 13:41:51,618 - ERROR - Error in sending simulation request. Retrying after 5s...
2025-12-29 13:41:56,881 - ERROR - Error in sending simulation request: 400 Client Error: Bad Request for url: https://api.worldquantbrain.com/simulations
2025-12-29 13:41:56,881 - ERROR - Error in sending simulation request. Retrying after 5s...
2025-12-29 13:42:02,143 - ERROR - Error in sending simulation request: 400 Client Error: Bad Request for url: https://api.worldquantbrain.com/simulations
2025-12-29 13:42:02,143 - ERROR - Error in sending simulation request. Retrying after 5s...
2025-12-29 13:42:07,392 - ERROR - Error in sending simulation request: 400 Client Error: Bad Request for url: https://api.worldquantbrain.com/simulations
2025-12-29 13:42:07,392 - ERROR - Error in sending simulation request. Retrying after 5s...
2025-12-29 13:42:12,649 - ERROR - Error in sending simulation request: 400 Client Error: Bad Request for url: https://api.worldquantbrain.com/simulations
2025-12-29 13:42:12,650 - ERROR - Error in sending simulation request. Retrying after 5s...
2025-12-29 13:42:17,901 - ERROR - Error in sending simulation request: 400 Client Error: Bad Request for url: https://api.worldquantbrain.com/simulations
2025-12-29 13:42:18,844 - INFO - Login to BRAIN successfully.
2025-12-29 13:42:18,845 - ERROR - Error occurred too many times, skipping this alpha and re-logging in.
2025-12-29 13:42:18,845 - ERROR - Simulation request failed after 36 attempts.
2025-12-29 13:42:21,856 - INFO - No one is in active simulation now
2025-12-29 13:42:21,856 - INFO - Loading new alpha...
2025-12-29 13:42:21,856 - INFO - Starting simulation for alpha: ts_delta(ts_mean(unemployment_rate, 60), 1) with settings: {'instrumentType': 'EQUITY', 'region': 'IND', 'universe': 'TOP2000', 'delay': 1, 'decay': 5, 'neutralization': 'subindustry', 'truncation': 0.01, 'pasteurization': 'ON', 'unitHandling': 'VERIFY', 'nanHandling': 'ON', 'language': 'FASTEXPR', 'visualization': False}
2025-12-29 13:42:22,100 - ERROR - Error in sending simulation request: 400 Client Error: Bad Request for url: https://api.worldquantbrain.com/simulations
2025-12-29 13:42:22,100 - ERROR - Error in sending simulation request. Retrying after 5s...
2025-12-29 13:42:27,350 - ERROR - Error in sending simulation request: 400 Client Error: Bad Request for url: https://api.worldquantbrain.com/simulations
2025-12-29 13:42:27,350 - ERROR - Error in sending simulation request. Retrying after 5s...
2025-12-29 13:42:32,602 - ERROR - Error in sending simulation request: 400 Client Error: Bad Request for url: https://api.worldquantbrain.com/simulations
2025-12-29 13:42:32,602 - ERROR - Error in sending simulation request. Retrying after 5s...
2025-12-29 13:42:37,844 - ERROR - Error in sending simulation request: 400 Client Error: Bad Request for url: https://api.worldquantbrain.com/simulations
2025-12-29 13:42:37,844 - ERROR - Error in sending simulation request. Retrying after 5s...
2025-12-29 13:42:43,096 - ERROR - Error in sending simulation request: 400 Client Error: Bad Request for url: https://api.worldquantbrain.com/simulations
2025-12-29 13:42:43,096 - ERROR - Error in sending simulation request. Retrying after 5s...
2025-12-29 13:42:48,343 - ERROR - Error in sending simulation request: 400 Client Error: Bad Request for url: https://api.worldquantbrain.com/simulations
2025-12-29 13:42:48,343 - ERROR - Error in sending simulation request. Retrying after 5s...
2025-12-29 13:42:53,590 - ERROR - Error in sending simulation request: 400 Client Error: Bad Request for url: https://api.worldquantbrain.com/simulations
2025-12-29 13:42:53,591 - ERROR - Error in sending simulation request. Retrying after 5s...
2025-12-29 13:43:00,510 - ERROR - Error in sending simulation request: 400 Client Error: Bad Request for url: https://api.worldquantbrain.com/simulations
2025-12-29 13:43:00,510 - ERROR - Error in sending simulation request. Retrying after 5s...
2025-12-29 13:43:06,211 - ERROR - Error in sending simulation request: 400 Client Error: Bad Request for url: https://api.worldquantbrain.com/simulations
2025-12-29 13:43:06,212 - ERROR - Error in sending simulation request. Retrying after 5s...
2025-12-29 13:43:11,462 - ERROR - Error in sending simulation request: 400 Client Error: Bad Request for url: https://api.worldquantbrain.com/simulations
2025-12-29 13:43:11,462 - ERROR - Error in sending simulation request. Retrying after 5s...
2025-12-29 13:43:16,701 - ERROR - Error in sending simulation request: 400 Client Error: Bad Request for url: https://api.worldquantbrain.com/simulations
2025-12-29 13:43:16,701 - ERROR - Error in sending simulation request. Retrying after 5s...
2025-12-29 13:43:21,956 - ERROR - Error in sending simulation request: 400 Client Error: Bad Request for url: https://api.worldquantbrain.com/simulations
2025-12-29 13:43:21,956 - ERROR - Error in sending simulation request. Retrying after 5s...
2025-12-29 13:43:27,206 - ERROR - Error in sending simulation request: 400 Client Error: Bad Request for url: https://api.worldquantbrain.com/simulations
2025-12-29 13:43:27,207 - ERROR - Error in sending simulation request. Retrying after 5s...
2025-12-29 13:43:32,459 - ERROR - Error in sending simulation request: 400 Client Error: Bad Request for url: https://api.worldquantbrain.com/simulations
2025-12-29 13:43:32,459 - ERROR - Error in sending simulation request. Retrying after 5s...
2025-12-29 13:43:37,708 - ERROR - Error in sending simulation request: 400 Client Error: Bad Request for url: https://api.worldquantbrain.com/simulations
2025-12-29 13:43:37,709 - ERROR - Error in sending simulation request. Retrying after 5s...
2025-12-29 13:43:42,957 - ERROR - Error in sending simulation request: 400 Client Error: Bad Request for url: https://api.worldquantbrain.com/simulations
2025-12-29 13:43:42,957 - ERROR - Error in sending simulation request. Retrying after 5s...
2025-12-29 13:43:48,213 - ERROR - Error in sending simulation request: 400 Client Error: Bad Request for url: https://api.worldquantbrain.com/simulations
2025-12-29 13:43:48,213 - ERROR - Error in sending simulation request. Retrying after 5s...
2025-12-29 13:43:53,462 - ERROR - Error in sending simulation request: 400 Client Error: Bad Request for url: https://api.worldquantbrain.com/simulations
2025-12-29 13:43:53,462 - ERROR - Error in sending simulation request. Retrying after 5s...
2025-12-29 13:43:58,700 - ERROR - Error in sending simulation request: 400 Client Error: Bad Request for url: https://api.worldquantbrain.com/simulations
2025-12-29 13:43:58,700 - ERROR - Error in sending simulation request. Retrying after 5s...
2025-12-29 13:44:03,947 - ERROR - Error in sending simulation request: 400 Client Error: Bad Request for url: https://api.worldquantbrain.com/simulations
2025-12-29 13:44:03,948 - ERROR - Error in sending simulation request. Retrying after 5s...
2025-12-29 13:44:09,193 - ERROR - Error in sending simulation request: 400 Client Error: Bad Request for url: https://api.worldquantbrain.com/simulations
2025-12-29 13:44:09,193 - ERROR - Error in sending simulation request. Retrying after 5s...
2025-12-29 13:44:14,450 - ERROR - Error in sending simulation request: 400 Client Error: Bad Request for url: https://api.worldquantbrain.com/simulations
2025-12-29 13:44:14,450 - ERROR - Error in sending simulation request. Retrying after 5s...
2025-12-29 13:44:19,707 - ERROR - Error in sending simulation request: 400 Client Error: Bad Request for url: https://api.worldquantbrain.com/simulations
2025-12-29 13:44:19,707 - ERROR - Error in sending simulation request. Retrying after 5s...
2025-12-29 13:44:24,965 - ERROR - Error in sending simulation request: 400 Client Error: Bad Request for url: https://api.worldquantbrain.com/simulations
2025-12-29 13:44:24,966 - ERROR - Error in sending simulation request. Retrying after 5s...
2025-12-29 13:44:30,220 - ERROR - Error in sending simulation request: 400 Client Error: Bad Request for url: https://api.worldquantbrain.com/simulations
2025-12-29 13:44:30,221 - ERROR - Error in sending simulation request. Retrying after 5s...
2025-12-29 13:44:35,468 - ERROR - Error in sending simulation request: 400 Client Error: Bad Request for url: https://api.worldquantbrain.com/simulations
2025-12-29 13:44:35,468 - ERROR - Error in sending simulation request. Retrying after 5s...
2025-12-29 13:44:40,713 - ERROR - Error in sending simulation request: 400 Client Error: Bad Request for url: https://api.worldquantbrain.com/simulations
2025-12-29 13:44:40,713 - ERROR - Error in sending simulation request. Retrying after 5s...
2025-12-29 13:44:45,962 - ERROR - Error in sending simulation request: 400 Client Error: Bad Request for url: https://api.worldquantbrain.com/simulations
2025-12-29 13:44:45,963 - ERROR - Error in sending simulation request. Retrying after 5s...
2025-12-29 13:44:51,210 - ERROR - Error in sending simulation request: 400 Client Error: Bad Request for url: https://api.worldquantbrain.com/simulations
2025-12-29 13:44:51,210 - ERROR - Error in sending simulation request. Retrying after 5s...
2025-12-29 13:44:56,457 - ERROR - Error in sending simulation request: 400 Client Error: Bad Request for url: https://api.worldquantbrain.com/simulations
2025-12-29 13:44:56,457 - ERROR - Error in sending simulation request. Retrying after 5s...
2025-12-29 13:45:01,709 - ERROR - Error in sending simulation request: 400 Client Error: Bad Request for url: https://api.worldquantbrain.com/simulations
2025-12-29 13:45:01,710 - ERROR - Error in sending simulation request. Retrying after 5s...
2025-12-29 13:45:06,962 - ERROR - Error in sending simulation request: 400 Client Error: Bad Request for url: https://api.worldquantbrain.com/simulations
2025-12-29 13:45:06,962 - ERROR - Error in sending simulation request. Retrying after 5s...
2025-12-29 13:45:12,205 - ERROR - Error in sending simulation request: 400 Client Error: Bad Request for url: https://api.worldquantbrain.com/simulations
2025-12-29 13:45:12,206 - ERROR - Error in sending simulation request. Retrying after 5s...
2025-12-29 13:45:17,445 - ERROR - Error in sending simulation request: 400 Client Error: Bad Request for url: https://api.worldquantbrain.com/simulations
2025-12-29 13:45:17,445 - ERROR - Error in sending simulation request. Retrying after 5s...
2025-12-29 13:45:22,690 - ERROR - Error in sending simulation request: 400 Client Error: Bad Request for url: https://api.worldquantbrain.com/simulations
2025-12-29 13:45:22,694 - ERROR - Error in sending simulation request. Retrying after 5s...
2025-12-29 13:45:27,932 - ERROR - Error in sending simulation request: 400 Client Error: Bad Request for url: https://api.worldquantbrain.com/simulations
2025-12-29 13:45:27,932 - ERROR - Error in sending simulation request. Retrying after 5s...
2025-12-29 13:45:33,176 - ERROR - Error in sending simulation request: 400 Client Error: Bad Request for url: https://api.worldquantbrain.com/simulations
2025-12-29 13:45:34,136 - INFO - Login to BRAIN successfully.
2025-12-29 13:45:34,136 - ERROR - Error occurred too many times, skipping this alpha and re-logging in.
2025-12-29 13:45:34,136 - ERROR - Simulation request failed after 36 attempts.
2025-12-29 13:45:37,148 - INFO - No one is in active simulation now
2025-12-29 13:45:37,148 - INFO - Loading new alpha...
2025-12-29 13:45:37,148 - INFO - Starting simulation for alpha: ts_corr(model5, trade_balance, 40) with settings: {'instrumentType': 'EQUITY', 'region': 'IND', 'universe': 'TOP2000', 'delay': 1, 'decay': 7, 'neutralization': 'subindustry', 'truncation': 0.01, 'pasteurization': 'ON', 'unitHandling': 'VERIFY', 'nanHandling': 'ON', 'language': 'FASTEXPR', 'visualization': False}
2025-12-29 13:45:37,395 - ERROR - Error in sending simulation request: 400 Client Error: Bad Request for url: https://api.worldquantbrain.com/simulations
2025-12-29 13:45:37,395 - ERROR - Error in sending simulation request. Retrying after 5s...
2025-12-29 13:45:42,655 - ERROR - Error in sending simulation request: 400 Client Error: Bad Request for url: https://api.worldquantbrain.com/simulations
2025-12-29 13:45:42,655 - ERROR - Error in sending simulation request. Retrying after 5s...
2025-12-29 13:45:47,911 - ERROR - Error in sending simulation request: 400 Client Error: Bad Request for url: https://api.worldquantbrain.com/simulations
2025-12-29 13:45:47,911 - ERROR - Error in sending simulation request. Retrying after 5s...
2025-12-29 13:45:53,166 - ERROR - Error in sending simulation request: 400 Client Error: Bad Request for url: https://api.worldquantbrain.com/simulations
2025-12-29 13:45:53,166 - ERROR - Error in sending simulation request. Retrying after 5s...
2025-12-29 13:45:58,435 - ERROR - Error in sending simulation request: 400 Client Error: Bad Request for url: https://api.worldquantbrain.com/simulations
2025-12-29 13:45:58,435 - ERROR - Error in sending simulation request. Retrying after 5s...
2025-12-29 13:46:03,683 - ERROR - Error in sending simulation request: 400 Client Error: Bad Request for url: https://api.worldquantbrain.com/simulations
2025-12-29 13:46:03,684 - ERROR - Error in sending simulation request. Retrying after 5s...
2025-12-29 13:46:08,933 - ERROR - Error in sending simulation request: 400 Client Error: Bad Request for url: https://api.worldquantbrain.com/simulations
2025-12-29 13:46:08,934 - ERROR - Error in sending simulation request. Retrying after 5s...
2025-12-29 13:46:14,177 - ERROR - Error in sending simulation request: 400 Client Error: Bad Request for url: https://api.worldquantbrain.com/simulations
2025-12-29 13:46:14,177 - ERROR - Error in sending simulation request. Retrying after 5s...
2025-12-29 13:46:19,436 - ERROR - Error in sending simulation request: 400 Client Error: Bad Request for url: https://api.worldquantbrain.com/simulations
2025-12-29 13:46:19,437 - ERROR - Error in sending simulation request. Retrying after 5s...
2025-12-29 13:46:24,697 - ERROR - Error in sending simulation request: 400 Client Error: Bad Request for url: https://api.worldquantbrain.com/simulations
2025-12-29 13:46:24,697 - ERROR - Error in sending simulation request. Retrying after 5s...
2025-12-29 13:46:29,950 - ERROR - Error in sending simulation request: 400 Client Error: Bad Request for url: https://api.worldquantbrain.com/simulations
2025-12-29 13:46:29,951 - ERROR - Error in sending simulation request. Retrying after 5s...
2025-12-29 13:46:35,205 - ERROR - Error in sending simulation request: 400 Client Error: Bad Request for url: https://api.worldquantbrain.com/simulations
2025-12-29 13:46:35,205 - ERROR - Error in sending simulation request. Retrying after 5s...
2025-12-29 13:46:40,449 - ERROR - Error in sending simulation request: 400 Client Error: Bad Request for url: https://api.worldquantbrain.com/simulations
2025-12-29 13:46:40,449 - ERROR - Error in sending simulation request. Retrying after 5s...
2025-12-29 13:46:45,698 - ERROR - Error in sending simulation request: 400 Client Error: Bad Request for url: https://api.worldquantbrain.com/simulations
2025-12-29 13:46:45,698 - ERROR - Error in sending simulation request. Retrying after 5s...
2025-12-29 13:46:50,937 - ERROR - Error in sending simulation request: 400 Client Error: Bad Request for url: https://api.worldquantbrain.com/simulations
2025-12-29 13:46:50,938 - ERROR - Error in sending simulation request. Retrying after 5s...
2025-12-29 13:46:56,191 - ERROR - Error in sending simulation request: 400 Client Error: Bad Request for url: https://api.worldquantbrain.com/simulations
2025-12-29 13:46:56,191 - ERROR - Error in sending simulation request. Retrying after 5s...
2025-12-29 13:47:03,905 - ERROR - Error in sending simulation request: 400 Client Error: Bad Request for url: https://api.worldquantbrain.com/simulations
2025-12-29 13:47:03,906 - ERROR - Error in sending simulation request. Retrying after 5s...
2025-12-29 13:47:09,160 - ERROR - Error in sending simulation request: 400 Client Error: Bad Request for url: https://api.worldquantbrain.com/simulations
2025-12-29 13:47:09,160 - ERROR - Error in sending simulation request. Retrying after 5s...
2025-12-29 13:47:14,405 - ERROR - Error in sending simulation request: 400 Client Error: Bad Request for url: https://api.worldquantbrain.com/simulations
2025-12-29 13:47:14,406 - ERROR - Error in sending simulation request. Retrying after 5s...
2025-12-29 13:47:19,663 - ERROR - Error in sending simulation request: 400 Client Error: Bad Request for url: https://api.worldquantbrain.com/simulations
2025-12-29 13:47:19,664 - ERROR - Error in sending simulation request. Retrying after 5s...
2025-12-29 13:47:24,915 - ERROR - Error in sending simulation request: 400 Client Error: Bad Request for url: https://api.worldquantbrain.com/simulations
2025-12-29 13:47:24,916 - ERROR - Error in sending simulation request. Retrying after 5s...
2025-12-29 13:47:30,625 - ERROR - Error in sending simulation request: 400 Client Error: Bad Request for url: https://api.worldquantbrain.com/simulations
2025-12-29 13:47:30,625 - ERROR - Error in sending simulation request. Retrying after 5s...
2025-12-29 13:47:35,876 - ERROR - Error in sending simulation request: 400 Client Error: Bad Request for url: https://api.worldquantbrain.com/simulations
2025-12-29 13:47:35,877 - ERROR - Error in sending simulation request. Retrying after 5s...
2025-12-29 13:47:41,567 - ERROR - Error in sending simulation request: 400 Client Error: Bad Request for url: https://api.worldquantbrain.com/simulations
2025-12-29 13:47:41,567 - ERROR - Error in sending simulation request. Retrying after 5s...
2025-12-29 13:47:47,428 - ERROR - Error in sending simulation request: 400 Client Error: Bad Request for url: https://api.worldquantbrain.com/simulations
2025-12-29 13:47:47,428 - ERROR - Error in sending simulation request. Retrying after 5s...
2025-12-29 13:47:52,679 - ERROR - Error in sending simulation request: 400 Client Error: Bad Request for url: https://api.worldquantbrain.com/simulations
2025-12-29 13:47:52,679 - ERROR - Error in sending simulation request. Retrying after 5s...
2025-12-29 13:47:57,930 - ERROR - Error in sending simulation request: 400 Client Error: Bad Request for url: https://api.worldquantbrain.com/simulations
2025-12-29 13:47:57,930 - ERROR - Error in sending simulation request. Retrying after 5s...
2025-12-29 13:48:03,664 - ERROR - Error in sending simulation request: 400 Client Error: Bad Request for url: https://api.worldquantbrain.com/simulations
2025-12-29 13:48:03,665 - ERROR - Error in sending simulation request. Retrying after 5s...
2025-12-29 13:48:08,918 - ERROR - Error in sending simulation request: 400 Client Error: Bad Request for url: https://api.worldquantbrain.com/simulations
2025-12-29 13:48:08,918 - ERROR - Error in sending simulation request. Retrying after 5s...
2025-12-29 13:48:14,226 - ERROR - Error in sending simulation request: 400 Client Error: Bad Request for url: https://api.worldquantbrain.com/simulations
2025-12-29 13:48:14,226 - ERROR - Error in sending simulation request. Retrying after 5s...
2025-12-29 13:48:19,468 - ERROR - Error in sending simulation request: 400 Client Error: Bad Request for url: https://api.worldquantbrain.com/simulations
2025-12-29 13:48:19,468 - ERROR - Error in sending simulation request. Retrying after 5s...
2025-12-29 13:48:24,806 - ERROR - Error in sending simulation request: 400 Client Error: Bad Request for url: https://api.worldquantbrain.com/simulations
2025-12-29 13:48:24,806 - ERROR - Error in sending simulation request. Retrying after 5s...
2025-12-29 13:48:30,062 - ERROR - Error in sending simulation request: 400 Client Error: Bad Request for url: https://api.worldquantbrain.com/simulations
2025-12-29 13:48:30,062 - ERROR - Error in sending simulation request. Retrying after 5s...
2025-12-29 13:48:35,313 - ERROR - Error in sending simulation request: 400 Client Error: Bad Request for url: https://api.worldquantbrain.com/simulations
2025-12-29 13:48:35,313 - ERROR - Error in sending simulation request. Retrying after 5s...
2025-12-29 13:48:40,569 - ERROR - Error in sending simulation request: 400 Client Error: Bad Request for url: https://api.worldquantbrain.com/simulations
2025-12-29 13:48:40,570 - ERROR - Error in sending simulation request. Retrying after 5s...
2025-12-29 13:48:45,813 - ERROR - Error in sending simulation request: 400 Client Error: Bad Request for url: https://api.worldquantbrain.com/simulations
2025-12-29 13:48:45,813 - ERROR - Error in sending simulation request. Retrying after 5s...
2025-12-29 13:48:51,067 - ERROR - Error in sending simulation request: 400 Client Error: Bad Request for url: https://api.worldquantbrain.com/simulations
2025-12-29 13:48:52,030 - INFO - Login to BRAIN successfully.
2025-12-29 13:48:52,030 - ERROR - Error occurred too many times, skipping this alpha and re-logging in.
2025-12-29 13:48:52,030 - ERROR - Simulation request failed after 36 attempts.
2025-12-29 13:48:55,036 - INFO - No one is in active simulation now
2025-12-29 13:48:55,069 - INFO - Loading new alpha...
2025-12-29 13:48:55,069 - INFO - Starting simulation for alpha: ts_rank(ts_delta(model22, 5), 40) with settings: {'instrumentType': 'EQUITY', 'region': 'IND', 'universe': 'TOP2000', 'delay': 1, 'decay': 8, 'neutralization': 'exchange', 'truncation': 0.01, 'pasteurization': 'ON', 'unitHandling': 'VERIFY', 'nanHandling': 'ON', 'language': 'FASTEXPR', 'visualization': False}
2025-12-29 13:48:55,318 - ERROR - Error in sending simulation request: 400 Client Error: Bad Request for url: https://api.worldquantbrain.com/simulations
2025-12-29 13:48:55,318 - ERROR - Error in sending simulation request. Retrying after 5s...
2025-12-29 13:49:00,720 - ERROR - Error in sending simulation request: 400 Client Error: Bad Request for url: https://api.worldquantbrain.com/simulations
2025-12-29 13:49:00,720 - ERROR - Error in sending simulation request. Retrying after 5s...
2025-12-29 13:49:05,987 - ERROR - Error in sending simulation request: 400 Client Error: Bad Request for url: https://api.worldquantbrain.com/simulations
2025-12-29 13:49:05,987 - ERROR - Error in sending simulation request. Retrying after 5s...
2025-12-29 13:49:11,266 - ERROR - Error in sending simulation request: 400 Client Error: Bad Request for url: https://api.worldquantbrain.com/simulations
2025-12-29 13:49:11,267 - ERROR - Error in sending simulation request. Retrying after 5s...
2025-12-29 13:49:16,519 - ERROR - Error in sending simulation request: 400 Client Error: Bad Request for url: https://api.worldquantbrain.com/simulations
2025-12-29 13:49:16,520 - ERROR - Error in sending simulation request. Retrying after 5s...
2025-12-29 13:49:21,786 - ERROR - Error in sending simulation request: 400 Client Error: Bad Request for url: https://api.worldquantbrain.com/simulations
2025-12-29 13:49:21,787 - ERROR - Error in sending simulation request. Retrying after 5s...
2025-12-29 13:49:27,032 - ERROR - Error in sending simulation request: 400 Client Error: Bad Request for url: https://api.worldquantbrain.com/simulations
2025-12-29 13:49:27,032 - ERROR - Error in sending simulation request. Retrying after 5s...
2025-12-29 13:49:32,287 - ERROR - Error in sending simulation request: 400 Client Error: Bad Request for url: https://api.worldquantbrain.com/simulations
2025-12-29 13:49:32,287 - ERROR - Error in sending simulation request. Retrying after 5s...
2025-12-29 13:49:37,550 - ERROR - Error in sending simulation request: 400 Client Error: Bad Request for url: https://api.worldquantbrain.com/simulations
2025-12-29 13:49:37,550 - ERROR - Error in sending simulation request. Retrying after 5s...
2025-12-29 13:49:42,819 - ERROR - Error in sending simulation request: 400 Client Error: Bad Request for url: https://api.worldquantbrain.com/simulations
2025-12-29 13:49:42,820 - ERROR - Error in sending simulation request. Retrying after 5s...
2025-12-29 13:49:48,067 - ERROR - Error in sending simulation request: 400 Client Error: Bad Request for url: https://api.worldquantbrain.com/simulations
2025-12-29 13:49:48,068 - ERROR - Error in sending simulation request. Retrying after 5s...
2025-12-29 13:49:53,322 - ERROR - Error in sending simulation request: 400 Client Error: Bad Request for url: https://api.worldquantbrain.com/simulations
2025-12-29 13:49:53,322 - ERROR - Error in sending simulation request. Retrying after 5s...
2025-12-29 13:49:58,578 - ERROR - Error in sending simulation request: 400 Client Error: Bad Request for url: https://api.worldquantbrain.com/simulations
2025-12-29 13:49:58,578 - ERROR - Error in sending simulation request. Retrying after 5s...
2025-12-29 13:50:04,297 - ERROR - Error in sending simulation request: 400 Client Error: Bad Request for url: https://api.worldquantbrain.com/simulations
2025-12-29 13:50:04,298 - ERROR - Error in sending simulation request. Retrying after 5s...
2025-12-29 13:50:09,544 - ERROR - Error in sending simulation request: 400 Client Error: Bad Request for url: https://api.worldquantbrain.com/simulations
2025-12-29 13:50:09,544 - ERROR - Error in sending simulation request. Retrying after 5s...
2025-12-29 13:50:14,800 - ERROR - Error in sending simulation request: 400 Client Error: Bad Request for url: https://api.worldquantbrain.com/simulations
2025-12-29 13:50:14,801 - ERROR - Error in sending simulation request. Retrying after 5s...
2025-12-29 13:50:20,052 - ERROR - Error in sending simulation request: 400 Client Error: Bad Request for url: https://api.worldquantbrain.com/simulations
2025-12-29 13:50:20,052 - ERROR - Error in sending simulation request. Retrying after 5s...
2025-12-29 13:50:25,315 - ERROR - Error in sending simulation request: 400 Client Error: Bad Request for url: https://api.worldquantbrain.com/simulations
2025-12-29 13:50:25,316 - ERROR - Error in sending simulation request. Retrying after 5s...
2025-12-29 13:50:30,572 - ERROR - Error in sending simulation request: 400 Client Error: Bad Request for url: https://api.worldquantbrain.com/simulations
2025-12-29 13:50:30,572 - ERROR - Error in sending simulation request. Retrying after 5s...
2025-12-29 13:50:35,832 - ERROR - Error in sending simulation request: 400 Client Error: Bad Request for url: https://api.worldquantbrain.com/simulations
2025-12-29 13:50:35,832 - ERROR - Error in sending simulation request. Retrying after 5s...
2025-12-29 13:50:41,080 - ERROR - Error in sending simulation request: 400 Client Error: Bad Request for url: https://api.worldquantbrain.com/simulations
2025-12-29 13:50:41,080 - ERROR - Error in sending simulation request. Retrying after 5s...
2025-12-29 13:50:46,333 - ERROR - Error in sending simulation request: 400 Client Error: Bad Request for url: https://api.worldquantbrain.com/simulations
2025-12-29 13:50:46,334 - ERROR - Error in sending simulation request. Retrying after 5s...
2025-12-29 13:50:51,601 - ERROR - Error in sending simulation request: 400 Client Error: Bad Request for url: https://api.worldquantbrain.com/simulations
2025-12-29 13:50:51,601 - ERROR - Error in sending simulation request. Retrying after 5s...
2025-12-29 13:50:56,892 - ERROR - Error in sending simulation request: 400 Client Error: Bad Request for url: https://api.worldquantbrain.com/simulations
2025-12-29 13:50:56,893 - ERROR - Error in sending simulation request. Retrying after 5s...
2025-12-29 13:51:02,148 - ERROR - Error in sending simulation request: 400 Client Error: Bad Request for url: https://api.worldquantbrain.com/simulations
2025-12-29 13:51:02,148 - ERROR - Error in sending simulation request. Retrying after 5s...
2025-12-29 13:51:07,405 - ERROR - Error in sending simulation request: 400 Client Error: Bad Request for url: https://api.worldquantbrain.com/simulations
2025-12-29 13:51:07,405 - ERROR - Error in sending simulation request. Retrying after 5s...
2025-12-29 13:51:12,656 - ERROR - Error in sending simulation request: 400 Client Error: Bad Request for url: https://api.worldquantbrain.com/simulations
2025-12-29 13:51:12,656 - ERROR - Error in sending simulation request. Retrying after 5s...
2025-12-29 13:51:17,903 - ERROR - Error in sending simulation request: 400 Client Error: Bad Request for url: https://api.worldquantbrain.com/simulations
2025-12-29 13:51:17,904 - ERROR - Error in sending simulation request. Retrying after 5s...
2025-12-29 13:51:23,170 - ERROR - Error in sending simulation request: 400 Client Error: Bad Request for url: https://api.worldquantbrain.com/simulations
2025-12-29 13:51:23,170 - ERROR - Error in sending simulation request. Retrying after 5s...
2025-12-29 13:51:28,415 - ERROR - Error in sending simulation request: 400 Client Error: Bad Request for url: https://api.worldquantbrain.com/simulations
2025-12-29 13:51:28,416 - ERROR - Error in sending simulation request. Retrying after 5s...
2025-12-29 13:51:33,670 - ERROR - Error in sending simulation request: 400 Client Error: Bad Request for url: https://api.worldquantbrain.com/simulations
2025-12-29 13:51:33,670 - ERROR - Error in sending simulation request. Retrying after 5s...
2025-12-29 13:51:38,931 - ERROR - Error in sending simulation request: 400 Client Error: Bad Request for url: https://api.worldquantbrain.com/simulations
2025-12-29 13:51:38,932 - ERROR - Error in sending simulation request. Retrying after 5s...
2025-12-29 13:51:44,179 - ERROR - Error in sending simulation request: 400 Client Error: Bad Request for url: https://api.worldquantbrain.com/simulations
2025-12-29 13:51:44,179 - ERROR - Error in sending simulation request. Retrying after 5s...
2025-12-29 13:51:49,430 - ERROR - Error in sending simulation request: 400 Client Error: Bad Request for url: https://api.worldquantbrain.com/simulations
2025-12-29 13:51:49,430 - ERROR - Error in sending simulation request. Retrying after 5s...
2025-12-29 13:51:54,686 - ERROR - Error in sending simulation request: 400 Client Error: Bad Request for url: https://api.worldquantbrain.com/simulations
2025-12-29 13:51:54,686 - ERROR - Error in sending simulation request. Retrying after 5s...
2025-12-29 13:51:59,932 - ERROR - Error in sending simulation request: 400 Client Error: Bad Request for url: https://api.worldquantbrain.com/simulations
2025-12-29 13:51:59,932 - ERROR - Error in sending simulation request. Retrying after 5s...
2025-12-29 13:52:05,193 - ERROR - Error in sending simulation request: 400 Client Error: Bad Request for url: https://api.worldquantbrain.com/simulations
2025-12-29 13:52:06,162 - INFO - Login to BRAIN successfully.
2025-12-29 13:52:06,162 - ERROR - Error occurred too many times, skipping this alpha and re-logging in.
2025-12-29 13:52:06,162 - ERROR - Simulation request failed after 36 attempts.
2025-12-29 13:52:09,175 - INFO - No one is in active simulation now
2025-12-29 13:52:09,175 - INFO - Loading new alpha...
2025-12-29 13:52:09,175 - INFO - Starting simulation for alpha: ts_rank(ppi, 30) with settings: {'instrumentType': 'EQUITY', 'region': 'IND', 'universe': 'TOP2000', 'delay': 1, 'decay': 8, 'neutralization': 'exchange', 'truncation': 0.01, 'pasteurization': 'ON', 'unitHandling': 'VERIFY', 'nanHandling': 'ON', 'language': 'FASTEXPR', 'visualization': False}
2025-12-29 13:52:09,428 - ERROR - Error in sending simulation request: 400 Client Error: Bad Request for url: https://api.worldquantbrain.com/simulations
2025-12-29 13:52:09,428 - ERROR - Error in sending simulation request. Retrying after 5s...
2025-12-29 13:52:14,686 - ERROR - Error in sending simulation request: 400 Client Error: Bad Request for url: https://api.worldquantbrain.com/simulations
2025-12-29 13:52:14,686 - ERROR - Error in sending simulation request. Retrying after 5s...
2025-12-29 13:52:19,946 - ERROR - Error in sending simulation request: 400 Client Error: Bad Request for url: https://api.worldquantbrain.com/simulations
2025-12-29 13:52:19,947 - ERROR - Error in sending simulation request. Retrying after 5s...
2025-12-29 13:52:25,198 - ERROR - Error in sending simulation request: 400 Client Error: Bad Request for url: https://api.worldquantbrain.com/simulations
2025-12-29 13:52:25,198 - ERROR - Error in sending simulation request. Retrying after 5s...
2025-12-29 13:52:30,456 - ERROR - Error in sending simulation request: 400 Client Error: Bad Request for url: https://api.worldquantbrain.com/simulations
2025-12-29 13:52:30,456 - ERROR - Error in sending simulation request. Retrying after 5s...
2025-12-29 13:52:35,707 - ERROR - Error in sending simulation request: 400 Client Error: Bad Request for url: https://api.worldquantbrain.com/simulations
2025-12-29 13:52:35,708 - ERROR - Error in sending simulation request. Retrying after 5s...
2025-12-29 13:52:40,965 - ERROR - Error in sending simulation request: 400 Client Error: Bad Request for url: https://api.worldquantbrain.com/simulations
2025-12-29 13:52:40,965 - ERROR - Error in sending simulation request. Retrying after 5s...
2025-12-29 13:52:46,217 - ERROR - Error in sending simulation request: 400 Client Error: Bad Request for url: https://api.worldquantbrain.com/simulations
2025-12-29 13:52:46,217 - ERROR - Error in sending simulation request. Retrying after 5s...
2025-12-29 13:52:51,461 - ERROR - Error in sending simulation request: 400 Client Error: Bad Request for url: https://api.worldquantbrain.com/simulations
2025-12-29 13:52:51,462 - ERROR - Error in sending simulation request. Retrying after 5s...
2025-12-29 13:52:56,719 - ERROR - Error in sending simulation request: 400 Client Error: Bad Request for url: https://api.worldquantbrain.com/simulations
2025-12-29 13:52:56,720 - ERROR - Error in sending simulation request. Retrying after 5s...
2025-12-29 13:53:01,977 - ERROR - Error in sending simulation request: 400 Client Error: Bad Request for url: https://api.worldquantbrain.com/simulations
2025-12-29 13:53:01,977 - ERROR - Error in sending simulation request. Retrying after 5s...
2025-12-29 13:53:07,225 - ERROR - Error in sending simulation request: 400 Client Error: Bad Request for url: https://api.worldquantbrain.com/simulations
2025-12-29 13:53:07,225 - ERROR - Error in sending simulation request. Retrying after 5s...
2025-12-29 13:53:12,476 - ERROR - Error in sending simulation request: 400 Client Error: Bad Request for url: https://api.worldquantbrain.com/simulations
2025-12-29 13:53:12,476 - ERROR - Error in sending simulation request. Retrying after 5s...
2025-12-29 13:53:17,727 - ERROR - Error in sending simulation request: 400 Client Error: Bad Request for url: https://api.worldquantbrain.com/simulations
2025-12-29 13:53:17,727 - ERROR - Error in sending simulation request. Retrying after 5s...
2025-12-29 13:53:22,980 - ERROR - Error in sending simulation request: 400 Client Error: Bad Request for url: https://api.worldquantbrain.com/simulations
2025-12-29 13:53:22,981 - ERROR - Error in sending simulation request. Retrying after 5s...
2025-12-29 13:53:28,239 - ERROR - Error in sending simulation request: 400 Client Error: Bad Request for url: https://api.worldquantbrain.com/simulations
2025-12-29 13:53:28,239 - ERROR - Error in sending simulation request. Retrying after 5s...
2025-12-29 13:53:33,490 - ERROR - Error in sending simulation request: 400 Client Error: Bad Request for url: https://api.worldquantbrain.com/simulations
2025-12-29 13:53:33,490 - ERROR - Error in sending simulation request. Retrying after 5s...
2025-12-29 13:53:38,732 - ERROR - Error in sending simulation request: 400 Client Error: Bad Request for url: https://api.worldquantbrain.com/simulations
2025-12-29 13:53:38,733 - ERROR - Error in sending simulation request. Retrying after 5s...
2025-12-29 13:53:43,989 - ERROR - Error in sending simulation request: 400 Client Error: Bad Request for url: https://api.worldquantbrain.com/simulations
2025-12-29 13:53:43,989 - ERROR - Error in sending simulation request. Retrying after 5s...
2025-12-29 13:53:49,235 - ERROR - Error in sending simulation request: 400 Client Error: Bad Request for url: https://api.worldquantbrain.com/simulations
2025-12-29 13:53:49,236 - ERROR - Error in sending simulation request. Retrying after 5s...
2025-12-29 13:53:54,487 - ERROR - Error in sending simulation request: 400 Client Error: Bad Request for url: https://api.worldquantbrain.com/simulations
2025-12-29 13:53:54,487 - ERROR - Error in sending simulation request. Retrying after 5s...
2025-12-29 13:53:59,744 - ERROR - Error in sending simulation request: 400 Client Error: Bad Request for url: https://api.worldquantbrain.com/simulations
2025-12-29 13:53:59,744 - ERROR - Error in sending simulation request. Retrying after 5s...
2025-12-29 13:54:04,993 - ERROR - Error in sending simulation request: 400 Client Error: Bad Request for url: https://api.worldquantbrain.com/simulations
2025-12-29 13:54:04,994 - ERROR - Error in sending simulation request. Retrying after 5s...
2025-12-29 13:54:10,238 - ERROR - Error in sending simulation request: 400 Client Error: Bad Request for url: https://api.worldquantbrain.com/simulations
2025-12-29 13:54:10,238 - ERROR - Error in sending simulation request. Retrying after 5s...
2025-12-29 13:54:15,489 - ERROR - Error in sending simulation request: 400 Client Error: Bad Request for url: https://api.worldquantbrain.com/simulations
2025-12-29 13:54:15,490 - ERROR - Error in sending simulation request. Retrying after 5s...
2025-12-29 13:54:20,744 - ERROR - Error in sending simulation request: 400 Client Error: Bad Request for url: https://api.worldquantbrain.com/simulations
2025-12-29 13:54:20,744 - ERROR - Error in sending simulation request. Retrying after 5s...
2025-12-29 13:54:25,994 - ERROR - Error in sending simulation request: 400 Client Error: Bad Request for url: https://api.worldquantbrain.com/simulations
2025-12-29 13:54:25,994 - ERROR - Error in sending simulation request. Retrying after 5s...
2025-12-29 13:54:31,236 - ERROR - Error in sending simulation request: 400 Client Error: Bad Request for url: https://api.worldquantbrain.com/simulations
2025-12-29 13:54:31,236 - ERROR - Error in sending simulation request. Retrying after 5s...
2025-12-29 13:54:36,488 - ERROR - Error in sending simulation request: 400 Client Error: Bad Request for url: https://api.worldquantbrain.com/simulations
2025-12-29 13:54:36,488 - ERROR - Error in sending simulation request. Retrying after 5s...
2025-12-29 13:54:41,743 - ERROR - Error in sending simulation request: 400 Client Error: Bad Request for url: https://api.worldquantbrain.com/simulations
2025-12-29 13:54:41,743 - ERROR - Error in sending simulation request. Retrying after 5s...
2025-12-29 13:54:47,005 - ERROR - Error in sending simulation request: 400 Client Error: Bad Request for url: https://api.worldquantbrain.com/simulations
2025-12-29 13:54:47,006 - ERROR - Error in sending simulation request. Retrying after 5s...
2025-12-29 13:54:52,264 - ERROR - Error in sending simulation request: 400 Client Error: Bad Request for url: https://api.worldquantbrain.com/simulations
2025-12-29 13:54:52,264 - ERROR - Error in sending simulation request. Retrying after 5s...
2025-12-29 13:54:57,950 - ERROR - Error in sending simulation request: 400 Client Error: Bad Request for url: https://api.worldquantbrain.com/simulations
2025-12-29 13:54:57,950 - ERROR - Error in sending simulation request. Retrying after 5s...
2025-12-29 13:55:03,201 - ERROR - Error in sending simulation request: 400 Client Error: Bad Request for url: https://api.worldquantbrain.com/simulations
2025-12-29 13:55:03,201 - ERROR - Error in sending simulation request. Retrying after 5s...
2025-12-29 13:55:08,451 - ERROR - Error in sending simulation request: 400 Client Error: Bad Request for url: https://api.worldquantbrain.com/simulations
2025-12-29 13:55:08,452 - ERROR - Error in sending simulation request. Retrying after 5s...
2025-12-29 13:55:13,704 - ERROR - Error in sending simulation request: 400 Client Error: Bad Request for url: https://api.worldquantbrain.com/simulations
2025-12-29 13:55:13,704 - ERROR - Error in sending simulation request. Retrying after 5s...
2025-12-29 13:55:18,955 - ERROR - Error in sending simulation request: 400 Client Error: Bad Request for url: https://api.worldquantbrain.com/simulations
2025-12-29 13:55:19,898 - INFO - Login to BRAIN successfully.
2025-12-29 13:55:19,898 - ERROR - Error occurred too many times, skipping this alpha and re-logging in.
2025-12-29 13:55:19,898 - ERROR - Simulation request failed after 36 attempts.
2025-12-29 13:55:22,910 - INFO - No one is in active simulation now
2025-12-29 13:55:22,910 - INFO - Loading new alpha...
2025-12-29 13:55:22,910 - INFO - Starting simulation for alpha: rank(exchange_rate - ts_mean(exchange_rate, 60)) / ts_std_dev(exchange_rate, 60) with settings: {'instrumentType': 'EQUITY', 'region': 'IND', 'universe': 'TOP2000', 'delay': 1, 'decay': 8, 'neutralization': 'country', 'truncation': 0.01, 'pasteurization': 'ON', 'unitHandling': 'VERIFY', 'nanHandling': 'ON', 'language': 'FASTEXPR', 'visualization': False}
2025-12-29 13:55:23,149 - ERROR - Error in sending simulation request: 400 Client Error: Bad Request for url: https://api.worldquantbrain.com/simulations
2025-12-29 13:55:23,149 - ERROR - Error in sending simulation request. Retrying after 5s...
2025-12-29 13:55:28,400 - ERROR - Error in sending simulation request: 400 Client Error: Bad Request for url: https://api.worldquantbrain.com/simulations
2025-12-29 13:55:28,400 - ERROR - Error in sending simulation request. Retrying after 5s...
2025-12-29 13:55:33,665 - ERROR - Error in sending simulation request: 400 Client Error: Bad Request for url: https://api.worldquantbrain.com/simulations
2025-12-29 13:55:33,665 - ERROR - Error in sending simulation request. Retrying after 5s...
2025-12-29 13:55:38,913 - ERROR - Error in sending simulation request: 400 Client Error: Bad Request for url: https://api.worldquantbrain.com/simulations
2025-12-29 13:55:38,913 - ERROR - Error in sending simulation request. Retrying after 5s...
2025-12-29 13:55:44,158 - ERROR - Error in sending simulation request: 400 Client Error: Bad Request for url: https://api.worldquantbrain.com/simulations
2025-12-29 13:55:44,158 - ERROR - Error in sending simulation request. Retrying after 5s...
2025-12-29 13:55:49,401 - ERROR - Error in sending simulation request: 400 Client Error: Bad Request for url: https://api.worldquantbrain.com/simulations
2025-12-29 13:55:49,401 - ERROR - Error in sending simulation request. Retrying after 5s...
2025-12-29 13:55:54,651 - ERROR - Error in sending simulation request: 400 Client Error: Bad Request for url: https://api.worldquantbrain.com/simulations
2025-12-29 13:55:54,651 - ERROR - Error in sending simulation request. Retrying after 5s...
2025-12-29 13:55:59,898 - ERROR - Error in sending simulation request: 400 Client Error: Bad Request for url: https://api.worldquantbrain.com/simulations
2025-12-29 13:55:59,898 - ERROR - Error in sending simulation request. Retrying after 5s...
2025-12-29 13:56:05,149 - ERROR - Error in sending simulation request: 400 Client Error: Bad Request for url: https://api.worldquantbrain.com/simulations
2025-12-29 13:56:05,150 - ERROR - Error in sending simulation request. Retrying after 5s...
2025-12-29 13:56:10,395 - ERROR - Error in sending simulation request: 400 Client Error: Bad Request for url: https://api.worldquantbrain.com/simulations
2025-12-29 13:56:10,395 - ERROR - Error in sending simulation request. Retrying after 5s...
2025-12-29 13:56:15,646 - ERROR - Error in sending simulation request: 400 Client Error: Bad Request for url: https://api.worldquantbrain.com/simulations
2025-12-29 13:56:15,647 - ERROR - Error in sending simulation request. Retrying after 5s...
2025-12-29 13:56:20,896 - ERROR - Error in sending simulation request: 400 Client Error: Bad Request for url: https://api.worldquantbrain.com/simulations
2025-12-29 13:56:20,896 - ERROR - Error in sending simulation request. Retrying after 5s...
2025-12-29 13:56:26,147 - ERROR - Error in sending simulation request: 400 Client Error: Bad Request for url: https://api.worldquantbrain.com/simulations
2025-12-29 13:56:26,149 - ERROR - Error in sending simulation request. Retrying after 5s...
2025-12-29 13:56:31,396 - ERROR - Error in sending simulation request: 400 Client Error: Bad Request for url: https://api.worldquantbrain.com/simulations
2025-12-29 13:56:31,396 - ERROR - Error in sending simulation request. Retrying after 5s...
2025-12-29 13:56:37,224 - ERROR - Error in sending simulation request: 400 Client Error: Bad Request for url: https://api.worldquantbrain.com/simulations
2025-12-29 13:56:37,224 - ERROR - Error in sending simulation request. Retrying after 5s...
2025-12-29 13:56:42,478 - ERROR - Error in sending simulation request: 400 Client Error: Bad Request for url: https://api.worldquantbrain.com/simulations
2025-12-29 13:56:42,478 - ERROR - Error in sending simulation request. Retrying after 5s...
2025-12-29 13:56:47,729 - ERROR - Error in sending simulation request: 400 Client Error: Bad Request for url: https://api.worldquantbrain.com/simulations
2025-12-29 13:56:47,729 - ERROR - Error in sending simulation request. Retrying after 5s...
2025-12-29 13:56:52,995 - ERROR - Error in sending simulation request: 400 Client Error: Bad Request for url: https://api.worldquantbrain.com/simulations
2025-12-29 13:56:52,996 - ERROR - Error in sending simulation request. Retrying after 5s...
2025-12-29 13:56:58,239 - ERROR - Error in sending simulation request: 400 Client Error: Bad Request for url: https://api.worldquantbrain.com/simulations
2025-12-29 13:56:58,239 - ERROR - Error in sending simulation request. Retrying after 5s...
2025-12-29 13:57:03,498 - ERROR - Error in sending simulation request: 400 Client Error: Bad Request for url: https://api.worldquantbrain.com/simulations
2025-12-29 13:57:03,498 - ERROR - Error in sending simulation request. Retrying after 5s...
2025-12-29 13:57:08,742 - ERROR - Error in sending simulation request: 400 Client Error: Bad Request for url: https://api.worldquantbrain.com/simulations
2025-12-29 13:57:08,743 - ERROR - Error in sending simulation request. Retrying after 5s...
2025-12-29 13:57:13,997 - ERROR - Error in sending simulation request: 400 Client Error: Bad Request for url: https://api.worldquantbrain.com/simulations
2025-12-29 13:57:13,997 - ERROR - Error in sending simulation request. Retrying after 5s...
2025-12-29 13:57:19,248 - ERROR - Error in sending simulation request: 400 Client Error: Bad Request for url: https://api.worldquantbrain.com/simulations
2025-12-29 13:57:19,248 - ERROR - Error in sending simulation request. Retrying after 5s...
2025-12-29 13:57:24,498 - ERROR - Error in sending simulation request: 400 Client Error: Bad Request for url: https://api.worldquantbrain.com/simulations
2025-12-29 13:57:24,498 - ERROR - Error in sending simulation request. Retrying after 5s...
2025-12-29 13:57:29,749 - ERROR - Error in sending simulation request: 400 Client Error: Bad Request for url: https://api.worldquantbrain.com/simulations
2025-12-29 13:57:29,750 - ERROR - Error in sending simulation request. Retrying after 5s...
2025-12-29 13:57:34,998 - ERROR - Error in sending simulation request: 400 Client Error: Bad Request for url: https://api.worldquantbrain.com/simulations
2025-12-29 13:57:34,998 - ERROR - Error in sending simulation request. Retrying after 5s...
2025-12-29 13:57:40,263 - ERROR - Error in sending simulation request: 400 Client Error: Bad Request for url: https://api.worldquantbrain.com/simulations
2025-12-29 13:57:40,264 - ERROR - Error in sending simulation request. Retrying after 5s...
2025-12-29 13:57:45,703 - ERROR - Error in sending simulation request: 400 Client Error: Bad Request for url: https://api.worldquantbrain.com/simulations
2025-12-29 13:57:45,703 - ERROR - Error in sending simulation request. Retrying after 5s...
2025-12-29 13:57:50,963 - ERROR - Error in sending simulation request: 400 Client Error: Bad Request for url: https://api.worldquantbrain.com/simulations
2025-12-29 13:57:50,964 - ERROR - Error in sending simulation request. Retrying after 5s...
2025-12-29 13:57:56,210 - ERROR - Error in sending simulation request: 400 Client Error: Bad Request for url: https://api.worldquantbrain.com/simulations
2025-12-29 13:57:56,210 - ERROR - Error in sending simulation request. Retrying after 5s...
2025-12-29 13:58:01,463 - ERROR - Error in sending simulation request: 400 Client Error: Bad Request for url: https://api.worldquantbrain.com/simulations
2025-12-29 13:58:01,463 - ERROR - Error in sending simulation request. Retrying after 5s...
2025-12-29 13:58:06,702 - ERROR - Error in sending simulation request: 400 Client Error: Bad Request for url: https://api.worldquantbrain.com/simulations
2025-12-29 13:58:06,702 - ERROR - Error in sending simulation request. Retrying after 5s...
2025-12-29 13:58:11,943 - ERROR - Error in sending simulation request: 400 Client Error: Bad Request for url: https://api.worldquantbrain.com/simulations
2025-12-29 13:58:11,944 - ERROR - Error in sending simulation request. Retrying after 5s...
2025-12-29 13:58:17,187 - ERROR - Error in sending simulation request: 400 Client Error: Bad Request for url: https://api.worldquantbrain.com/simulations
2025-12-29 13:58:17,187 - ERROR - Error in sending simulation request. Retrying after 5s...
2025-12-29 13:58:22,450 - ERROR - Error in sending simulation request: 400 Client Error: Bad Request for url: https://api.worldquantbrain.com/simulations
2025-12-29 13:58:22,450 - ERROR - Error in sending simulation request. Retrying after 5s...
2025-12-29 13:58:27,703 - ERROR - Error in sending simulation request: 400 Client Error: Bad Request for url: https://api.worldquantbrain.com/simulations
2025-12-29 13:58:27,703 - ERROR - Error in sending simulation request. Retrying after 5s...
2025-12-29 13:58:32,946 - ERROR - Error in sending simulation request: 400 Client Error: Bad Request for url: https://api.worldquantbrain.com/simulations
2025-12-29 13:58:33,913 - INFO - Login to BRAIN successfully.
2025-12-29 13:58:33,913 - ERROR - Error occurred too many times, skipping this alpha and re-logging in.
2025-12-29 13:58:33,913 - ERROR - Simulation request failed after 36 attempts.
2025-12-29 13:58:36,917 - INFO - No one is in active simulation now
2025-12-29 13:58:36,918 - INFO - Loading new alpha...
2025-12-29 13:58:36,918 - INFO - Starting simulation for alpha: ts_scale(current_account, 30) * ts_rank(current_account, 30) with settings: {'instrumentType': 'EQUITY', 'region': 'IND', 'universe': 'TOP2000', 'delay': 1, 'decay': 4, 'neutralization': 'subindustry', 'truncation': 0.01, 'pasteurization': 'ON', 'unitHandling': 'VERIFY', 'nanHandling': 'ON', 'language': 'FASTEXPR', 'visualization': False}
2025-12-29 13:58:37,167 - ERROR - Error in sending simulation request: 400 Client Error: Bad Request for url: https://api.worldquantbrain.com/simulations
2025-12-29 13:58:37,167 - ERROR - Error in sending simulation request. Retrying after 5s...
2025-12-29 13:58:42,425 - ERROR - Error in sending simulation request: 400 Client Error: Bad Request for url: https://api.worldquantbrain.com/simulations
2025-12-29 13:58:42,425 - ERROR - Error in sending simulation request. Retrying after 5s...
2025-12-29 13:58:47,674 - ERROR - Error in sending simulation request: 400 Client Error: Bad Request for url: https://api.worldquantbrain.com/simulations
2025-12-29 13:58:47,675 - ERROR - Error in sending simulation request. Retrying after 5s...
2025-12-29 13:58:55,142 - ERROR - Error in sending simulation request: 400 Client Error: Bad Request for url: https://api.worldquantbrain.com/simulations
2025-12-29 13:58:55,142 - ERROR - Error in sending simulation request. Retrying after 5s...
2025-12-29 13:59:00,397 - ERROR - Error in sending simulation request: 400 Client Error: Bad Request for url: https://api.worldquantbrain.com/simulations
2025-12-29 13:59:00,397 - ERROR - Error in sending simulation request. Retrying after 5s...
2025-12-29 13:59:05,652 - ERROR - Error in sending simulation request: 400 Client Error: Bad Request for url: https://api.worldquantbrain.com/simulations
2025-12-29 13:59:05,653 - ERROR - Error in sending simulation request. Retrying after 5s...
2025-12-29 13:59:10,905 - ERROR - Error in sending simulation request: 400 Client Error: Bad Request for url: https://api.worldquantbrain.com/simulations
2025-12-29 13:59:10,905 - ERROR - Error in sending simulation request. Retrying after 5s...
2025-12-29 13:59:20,618 - ERROR - Error in sending simulation request: 400 Client Error: Bad Request for url: https://api.worldquantbrain.com/simulations
2025-12-29 13:59:20,619 - ERROR - Error in sending simulation request. Retrying after 5s...
2025-12-29 13:59:25,871 - ERROR - Error in sending simulation request: 400 Client Error: Bad Request for url: https://api.worldquantbrain.com/simulations
2025-12-29 13:59:25,872 - ERROR - Error in sending simulation request. Retrying after 5s...
2025-12-29 13:59:31,121 - ERROR - Error in sending simulation request: 400 Client Error: Bad Request for url: https://api.worldquantbrain.com/simulations
2025-12-29 13:59:31,121 - ERROR - Error in sending simulation request. Retrying after 5s...
2025-12-29 13:59:36,827 - ERROR - Error in sending simulation request: 400 Client Error: Bad Request for url: https://api.worldquantbrain.com/simulations
2025-12-29 13:59:36,827 - ERROR - Error in sending simulation request. Retrying after 5s...
2025-12-29 13:59:42,127 - ERROR - Error in sending simulation request: 400 Client Error: Bad Request for url: https://api.worldquantbrain.com/simulations
2025-12-29 13:59:42,127 - ERROR - Error in sending simulation request. Retrying after 5s...
2025-12-29 13:59:48,282 - ERROR - Error in sending simulation request: 400 Client Error: Bad Request for url: https://api.worldquantbrain.com/simulations
2025-12-29 13:59:48,282 - ERROR - Error in sending simulation request. Retrying after 5s...
2025-12-29 13:59:53,523 - ERROR - Error in sending simulation request: 400 Client Error: Bad Request for url: https://api.worldquantbrain.com/simulations
2025-12-29 13:59:53,523 - ERROR - Error in sending simulation request. Retrying after 5s...
2025-12-29 13:59:58,776 - ERROR - Error in sending simulation request: 400 Client Error: Bad Request for url: https://api.worldquantbrain.com/simulations
2025-12-29 13:59:58,776 - ERROR - Error in sending simulation request. Retrying after 5s...
2025-12-29 14:00:04,024 - ERROR - Error in sending simulation request: 400 Client Error: Bad Request for url: https://api.worldquantbrain.com/simulations
2025-12-29 14:00:04,024 - ERROR - Error in sending simulation request. Retrying after 5s...
2025-12-29 14:00:09,279 - ERROR - Error in sending simulation request: 400 Client Error: Bad Request for url: https://api.worldquantbrain.com/simulations
2025-12-29 14:00:09,279 - ERROR - Error in sending simulation request. Retrying after 5s...
2025-12-29 14:00:14,529 - ERROR - Error in sending simulation request: 400 Client Error: Bad Request for url: https://api.worldquantbrain.com/simulations
2025-12-29 14:00:14,530 - ERROR - Error in sending simulation request. Retrying after 5s...
2025-12-29 14:00:19,782 - ERROR - Error in sending simulation request: 400 Client Error: Bad Request for url: https://api.worldquantbrain.com/simulations
2025-12-29 14:00:19,782 - ERROR - Error in sending simulation request. Retrying after 5s...
2025-12-29 14:00:25,030 - ERROR - Error in sending simulation request: 400 Client Error: Bad Request for url: https://api.worldquantbrain.com/simulations
2025-12-29 14:00:25,031 - ERROR - Error in sending simulation request. Retrying after 5s...
2025-12-29 14:00:30,289 - ERROR - Error in sending simulation request: 400 Client Error: Bad Request for url: https://api.worldquantbrain.com/simulations
2025-12-29 14:00:30,289 - ERROR - Error in sending simulation request. Retrying after 5s...
2025-12-29 14:00:35,538 - ERROR - Error in sending simulation request: 400 Client Error: Bad Request for url: https://api.worldquantbrain.com/simulations
2025-12-29 14:00:35,539 - ERROR - Error in sending simulation request. Retrying after 5s...
2025-12-29 14:00:40,789 - ERROR - Error in sending simulation request: 400 Client Error: Bad Request for url: https://api.worldquantbrain.com/simulations
2025-12-29 14:00:40,789 - ERROR - Error in sending simulation request. Retrying after 5s...
2025-12-29 14:00:46,045 - ERROR - Error in sending simulation request: 400 Client Error: Bad Request for url: https://api.worldquantbrain.com/simulations
2025-12-29 14:00:46,045 - ERROR - Error in sending simulation request. Retrying after 5s...
2025-12-29 14:00:51,296 - ERROR - Error in sending simulation request: 400 Client Error: Bad Request for url: https://api.worldquantbrain.com/simulations
2025-12-29 14:00:51,297 - ERROR - Error in sending simulation request. Retrying after 5s...
2025-12-29 14:00:56,547 - ERROR - Error in sending simulation request: 400 Client Error: Bad Request for url: https://api.worldquantbrain.com/simulations
2025-12-29 14:00:56,547 - ERROR - Error in sending simulation request. Retrying after 5s...
2025-12-29 14:01:01,805 - ERROR - Error in sending simulation request: 400 Client Error: Bad Request for url: https://api.worldquantbrain.com/simulations
2025-12-29 14:01:01,805 - ERROR - Error in sending simulation request. Retrying after 5s...
2025-12-29 14:01:07,074 - ERROR - Error in sending simulation request: 400 Client Error: Bad Request for url: https://api.worldquantbrain.com/simulations
2025-12-29 14:01:07,074 - ERROR - Error in sending simulation request. Retrying after 5s...
2025-12-29 14:01:12,331 - ERROR - Error in sending simulation request: 400 Client Error: Bad Request for url: https://api.worldquantbrain.com/simulations
2025-12-29 14:01:12,331 - ERROR - Error in sending simulation request. Retrying after 5s...
2025-12-29 14:01:17,576 - ERROR - Error in sending simulation request: 400 Client Error: Bad Request for url: https://api.worldquantbrain.com/simulations
2025-12-29 14:01:17,576 - ERROR - Error in sending simulation request. Retrying after 5s...
2025-12-29 14:01:22,827 - ERROR - Error in sending simulation request: 400 Client Error: Bad Request for url: https://api.worldquantbrain.com/simulations
2025-12-29 14:01:22,827 - ERROR - Error in sending simulation request. Retrying after 5s...
2025-12-29 14:01:28,137 - ERROR - Error in sending simulation request: 400 Client Error: Bad Request for url: https://api.worldquantbrain.com/simulations
2025-12-29 14:01:28,137 - ERROR - Error in sending simulation request. Retrying after 5s...
2025-12-29 14:01:33,385 - ERROR - Error in sending simulation request: 400 Client Error: Bad Request for url: https://api.worldquantbrain.com/simulations
2025-12-29 14:01:33,385 - ERROR - Error in sending simulation request. Retrying after 5s...
2025-12-29 14:01:38,649 - ERROR - Error in sending simulation request: 400 Client Error: Bad Request for url: https://api.worldquantbrain.com/simulations
2025-12-29 14:01:38,650 - ERROR - Error in sending simulation request. Retrying after 5s...
2025-12-29 14:01:43,899 - ERROR - Error in sending simulation request: 400 Client Error: Bad Request for url: https://api.worldquantbrain.com/simulations
2025-12-29 14:01:43,899 - ERROR - Error in sending simulation request. Retrying after 5s...
2025-12-29 14:01:49,153 - ERROR - Error in sending simulation request: 400 Client Error: Bad Request for url: https://api.worldquantbrain.com/simulations
2025-12-29 14:01:49,154 - ERROR - Error in sending simulation request. Retrying after 5s...
2025-12-29 14:01:54,406 - ERROR - Error in sending simulation request: 400 Client Error: Bad Request for url: https://api.worldquantbrain.com/simulations
2025-12-29 14:01:55,434 - INFO - Login to BRAIN successfully.
2025-12-29 14:01:55,434 - ERROR - Error occurred too many times, skipping this alpha and re-logging in.
2025-12-29 14:01:55,434 - ERROR - Simulation request failed after 36 attempts.
2025-12-29 14:01:58,441 - INFO - No one is in active simulation now
2025-12-29 14:01:58,441 - INFO - Loading new alpha...
2025-12-29 14:01:58,441 - INFO - Starting simulation for alpha: rank(ppi - ts_mean(ppi, 30)) / ts_std_dev(ppi, 30) with settings: {'instrumentType': 'EQUITY', 'region': 'IND', 'universe': 'TOP2000', 'delay': 1, 'decay': 7, 'neutralization': 'exchange', 'truncation': 0.01, 'pasteurization': 'ON', 'unitHandling': 'VERIFY', 'nanHandling': 'ON', 'language': 'FASTEXPR', 'visualization': False}
2025-12-29 14:01:58,692 - ERROR - Error in sending simulation request: 400 Client Error: Bad Request for url: https://api.worldquantbrain.com/simulations
2025-12-29 14:01:58,692 - ERROR - Error in sending simulation request. Retrying after 5s...
2025-12-29 14:02:03,952 - ERROR - Error in sending simulation request: 400 Client Error: Bad Request for url: https://api.worldquantbrain.com/simulations
2025-12-29 14:02:03,953 - ERROR - Error in sending simulation request. Retrying after 5s...
2025-12-29 14:02:09,200 - ERROR - Error in sending simulation request: 400 Client Error: Bad Request for url: https://api.worldquantbrain.com/simulations
2025-12-29 14:02:09,200 - ERROR - Error in sending simulation request. Retrying after 5s...
2025-12-29 14:02:14,456 - ERROR - Error in sending simulation request: 400 Client Error: Bad Request for url: https://api.worldquantbrain.com/simulations
2025-12-29 14:02:14,457 - ERROR - Error in sending simulation request. Retrying after 5s...
2025-12-29 14:02:19,713 - ERROR - Error in sending simulation request: 400 Client Error: Bad Request for url: https://api.worldquantbrain.com/simulations
2025-12-29 14:02:19,713 - ERROR - Error in sending simulation request. Retrying after 5s...
2025-12-29 14:02:24,967 - ERROR - Error in sending simulation request: 400 Client Error: Bad Request for url: https://api.worldquantbrain.com/simulations
2025-12-29 14:02:24,967 - ERROR - Error in sending simulation request. Retrying after 5s...
2025-12-29 14:02:30,367 - ERROR - Error in sending simulation request: 400 Client Error: Bad Request for url: https://api.worldquantbrain.com/simulations
2025-12-29 14:02:30,368 - ERROR - Error in sending simulation request. Retrying after 5s...
2025-12-29 14:02:35,625 - ERROR - Error in sending simulation request: 400 Client Error: Bad Request for url: https://api.worldquantbrain.com/simulations
2025-12-29 14:02:35,625 - ERROR - Error in sending simulation request. Retrying after 5s...
2025-12-29 14:02:40,870 - ERROR - Error in sending simulation request: 400 Client Error: Bad Request for url: https://api.worldquantbrain.com/simulations
2025-12-29 14:02:40,871 - ERROR - Error in sending simulation request. Retrying after 5s...
2025-12-29 14:02:46,188 - ERROR - Error in sending simulation request: 400 Client Error: Bad Request for url: https://api.worldquantbrain.com/simulations
2025-12-29 14:02:46,188 - ERROR - Error in sending simulation request. Retrying after 5s...
2025-12-29 14:02:51,439 - ERROR - Error in sending simulation request: 400 Client Error: Bad Request for url: https://api.worldquantbrain.com/simulations
2025-12-29 14:02:51,439 - ERROR - Error in sending simulation request. Retrying after 5s...
2025-12-29 14:02:56,697 - ERROR - Error in sending simulation request: 400 Client Error: Bad Request for url: https://api.worldquantbrain.com/simulations
2025-12-29 14:02:56,698 - ERROR - Error in sending simulation request. Retrying after 5s...
2025-12-29 14:03:01,948 - ERROR - Error in sending simulation request: 400 Client Error: Bad Request for url: https://api.worldquantbrain.com/simulations
2025-12-29 14:03:01,949 - ERROR - Error in sending simulation request. Retrying after 5s...
2025-12-29 14:03:07,193 - ERROR - Error in sending simulation request: 400 Client Error: Bad Request for url: https://api.worldquantbrain.com/simulations
2025-12-29 14:03:07,194 - ERROR - Error in sending simulation request. Retrying after 5s...
2025-12-29 14:03:12,435 - ERROR - Error in sending simulation request: 400 Client Error: Bad Request for url: https://api.worldquantbrain.com/simulations
2025-12-29 14:03:12,435 - ERROR - Error in sending simulation request. Retrying after 5s...
2025-12-29 14:03:17,680 - ERROR - Error in sending simulation request: 400 Client Error: Bad Request for url: https://api.worldquantbrain.com/simulations
2025-12-29 14:03:17,681 - ERROR - Error in sending simulation request. Retrying after 5s...
2025-12-29 14:03:22,925 - ERROR - Error in sending simulation request: 400 Client Error: Bad Request for url: https://api.worldquantbrain.com/simulations
2025-12-29 14:03:22,925 - ERROR - Error in sending simulation request. Retrying after 5s...
2025-12-29 14:03:28,164 - ERROR - Error in sending simulation request: 400 Client Error: Bad Request for url: https://api.worldquantbrain.com/simulations
2025-12-29 14:03:28,164 - ERROR - Error in sending simulation request. Retrying after 5s...
2025-12-29 14:03:33,414 - ERROR - Error in sending simulation request: 400 Client Error: Bad Request for url: https://api.worldquantbrain.com/simulations
2025-12-29 14:03:33,415 - ERROR - Error in sending simulation request. Retrying after 5s...
2025-12-29 14:03:41,896 - ERROR - Error in sending simulation request: 400 Client Error: Bad Request for url: https://api.worldquantbrain.com/simulations
2025-12-29 14:03:41,896 - ERROR - Error in sending simulation request. Retrying after 5s...
2025-12-29 14:03:47,139 - ERROR - Error in sending simulation request: 400 Client Error: Bad Request for url: https://api.worldquantbrain.com/simulations
2025-12-29 14:03:47,139 - ERROR - Error in sending simulation request. Retrying after 5s...
2025-12-29 14:03:52,376 - ERROR - Error in sending simulation request: 400 Client Error: Bad Request for url: https://api.worldquantbrain.com/simulations
2025-12-29 14:03:52,376 - ERROR - Error in sending simulation request. Retrying after 5s...
2025-12-29 14:03:57,630 - ERROR - Error in sending simulation request: 400 Client Error: Bad Request for url: https://api.worldquantbrain.com/simulations
2025-12-29 14:03:57,630 - ERROR - Error in sending simulation request. Retrying after 5s...
2025-12-29 14:04:02,875 - ERROR - Error in sending simulation request: 400 Client Error: Bad Request for url: https://api.worldquantbrain.com/simulations
2025-12-29 14:04:02,875 - ERROR - Error in sending simulation request. Retrying after 5s...
2025-12-29 14:04:08,116 - ERROR - Error in sending simulation request: 400 Client Error: Bad Request for url: https://api.worldquantbrain.com/simulations
2025-12-29 14:04:08,116 - ERROR - Error in sending simulation request. Retrying after 5s...
2025-12-29 14:04:13,366 - ERROR - Error in sending simulation request: 400 Client Error: Bad Request for url: https://api.worldquantbrain.com/simulations
2025-12-29 14:04:13,367 - ERROR - Error in sending simulation request. Retrying after 5s...
2025-12-29 14:04:18,632 - ERROR - Error in sending simulation request: 400 Client Error: Bad Request for url: https://api.worldquantbrain.com/simulations
2025-12-29 14:04:18,632 - ERROR - Error in sending simulation request. Retrying after 5s...
2025-12-29 14:04:23,885 - ERROR - Error in sending simulation request: 400 Client Error: Bad Request for url: https://api.worldquantbrain.com/simulations
2025-12-29 14:04:23,885 - ERROR - Error in sending simulation request. Retrying after 5s...
2025-12-29 14:04:29,165 - ERROR - Error in sending simulation request: 400 Client Error: Bad Request for url: https://api.worldquantbrain.com/simulations
2025-12-29 14:04:29,165 - ERROR - Error in sending simulation request. Retrying after 5s...
2025-12-29 14:04:34,407 - ERROR - Error in sending simulation request: 400 Client Error: Bad Request for url: https://api.worldquantbrain.com/simulations
2025-12-29 14:04:34,408 - ERROR - Error in sending simulation request. Retrying after 5s...
2025-12-29 14:04:39,651 - ERROR - Error in sending simulation request: 400 Client Error: Bad Request for url: https://api.worldquantbrain.com/simulations
2025-12-29 14:04:39,651 - ERROR - Error in sending simulation request. Retrying after 5s...
2025-12-29 14:04:44,890 - ERROR - Error in sending simulation request: 400 Client Error: Bad Request for url: https://api.worldquantbrain.com/simulations
2025-12-29 14:04:44,891 - ERROR - Error in sending simulation request. Retrying after 5s...
2025-12-29 14:04:50,136 - ERROR - Error in sending simulation request: 400 Client Error: Bad Request for url: https://api.worldquantbrain.com/simulations
2025-12-29 14:04:50,137 - ERROR - Error in sending simulation request. Retrying after 5s...
2025-12-29 14:04:55,384 - ERROR - Error in sending simulation request: 400 Client Error: Bad Request for url: https://api.worldquantbrain.com/simulations
2025-12-29 14:04:55,384 - ERROR - Error in sending simulation request. Retrying after 5s...
2025-12-29 14:05:00,635 - ERROR - Error in sending simulation request: 400 Client Error: Bad Request for url: https://api.worldquantbrain.com/simulations
2025-12-29 14:05:00,635 - ERROR - Error in sending simulation request. Retrying after 5s...
2025-12-29 14:05:05,881 - ERROR - Error in sending simulation request: 400 Client Error: Bad Request for url: https://api.worldquantbrain.com/simulations
2025-12-29 14:05:05,881 - ERROR - Error in sending simulation request. Retrying after 5s...
2025-12-29 14:05:11,127 - ERROR - Error in sending simulation request: 400 Client Error: Bad Request for url: https://api.worldquantbrain.com/simulations
2025-12-29 14:05:12,093 - INFO - Login to BRAIN successfully.
2025-12-29 14:05:12,093 - ERROR - Error occurred too many times, skipping this alpha and re-logging in.
2025-12-29 14:05:12,093 - ERROR - Simulation request failed after 36 attempts.
2025-12-29 14:05:15,099 - INFO - No one is in active simulation now
2025-12-29 14:05:15,100 - INFO - Loading new alpha...
2025-12-29 14:05:15,100 - INFO - Starting simulation for alpha: ts_decay_linear(rank(consumer_confidence), 60) with settings: {'instrumentType': 'EQUITY', 'region': 'IND', 'universe': 'TOP2000', 'delay': 1, 'decay': 6, 'neutralization': 'country', 'truncation': 0.01, 'pasteurization': 'ON', 'unitHandling': 'VERIFY', 'nanHandling': 'ON', 'language': 'FASTEXPR', 'visualization': False}
2025-12-29 14:05:15,351 - ERROR - Error in sending simulation request: 400 Client Error: Bad Request for url: https://api.worldquantbrain.com/simulations
2025-12-29 14:05:15,351 - ERROR - Error in sending simulation request. Retrying after 5s...
2025-12-29 14:05:20,608 - ERROR - Error in sending simulation request: 400 Client Error: Bad Request for url: https://api.worldquantbrain.com/simulations
2025-12-29 14:05:20,608 - ERROR - Error in sending simulation request. Retrying after 5s...
2025-12-29 14:05:25,861 - ERROR - Error in sending simulation request: 400 Client Error: Bad Request for url: https://api.worldquantbrain.com/simulations
2025-12-29 14:05:25,861 - ERROR - Error in sending simulation request. Retrying after 5s...
2025-12-29 14:05:31,114 - ERROR - Error in sending simulation request: 400 Client Error: Bad Request for url: https://api.worldquantbrain.com/simulations
2025-12-29 14:05:31,114 - ERROR - Error in sending simulation request. Retrying after 5s...
2025-12-29 14:05:36,846 - ERROR - Error in sending simulation request: 400 Client Error: Bad Request for url: https://api.worldquantbrain.com/simulations
2025-12-29 14:05:36,846 - ERROR - Error in sending simulation request. Retrying after 5s...
2025-12-29 14:05:42,103 - ERROR - Error in sending simulation request: 400 Client Error: Bad Request for url: https://api.worldquantbrain.com/simulations
2025-12-29 14:05:42,103 - ERROR - Error in sending simulation request. Retrying after 5s...
2025-12-29 14:05:47,360 - ERROR - Error in sending simulation request: 400 Client Error: Bad Request for url: https://api.worldquantbrain.com/simulations
2025-12-29 14:05:47,360 - ERROR - Error in sending simulation request. Retrying after 5s...
2025-12-29 14:05:52,611 - ERROR - Error in sending simulation request: 400 Client Error: Bad Request for url: https://api.worldquantbrain.com/simulations
2025-12-29 14:05:52,611 - ERROR - Error in sending simulation request. Retrying after 5s...
2025-12-29 14:05:57,945 - ERROR - Error in sending simulation request: 400 Client Error: Bad Request for url: https://api.worldquantbrain.com/simulations
2025-12-29 14:05:57,946 - ERROR - Error in sending simulation request. Retrying after 5s...
2025-12-29 14:06:03,228 - ERROR - Error in sending simulation request: 400 Client Error: Bad Request for url: https://api.worldquantbrain.com/simulations
2025-12-29 14:06:03,228 - ERROR - Error in sending simulation request. Retrying after 5s...
2025-12-29 14:06:08,481 - ERROR - Error in sending simulation request: 400 Client Error: Bad Request for url: https://api.worldquantbrain.com/simulations
2025-12-29 14:06:08,481 - ERROR - Error in sending simulation request. Retrying after 5s...
2025-12-29 14:06:13,738 - ERROR - Error in sending simulation request: 400 Client Error: Bad Request for url: https://api.worldquantbrain.com/simulations
2025-12-29 14:06:13,738 - ERROR - Error in sending simulation request. Retrying after 5s...
2025-12-29 14:06:18,991 - ERROR - Error in sending simulation request: 400 Client Error: Bad Request for url: https://api.worldquantbrain.com/simulations
2025-12-29 14:06:18,991 - ERROR - Error in sending simulation request. Retrying after 5s...
2025-12-29 14:06:24,242 - ERROR - Error in sending simulation request: 400 Client Error: Bad Request for url: https://api.worldquantbrain.com/simulations
2025-12-29 14:06:24,242 - ERROR - Error in sending simulation request. Retrying after 5s...
2025-12-29 14:06:29,488 - ERROR - Error in sending simulation request: 400 Client Error: Bad Request for url: https://api.worldquantbrain.com/simulations
2025-12-29 14:06:29,488 - ERROR - Error in sending simulation request. Retrying after 5s...
2025-12-29 14:06:35,182 - ERROR - Error in sending simulation request: 400 Client Error: Bad Request for url: https://api.worldquantbrain.com/simulations
2025-12-29 14:06:35,182 - ERROR - Error in sending simulation request. Retrying after 5s...
2025-12-29 14:06:40,445 - ERROR - Error in sending simulation request: 400 Client Error: Bad Request for url: https://api.worldquantbrain.com/simulations
2025-12-29 14:06:40,445 - ERROR - Error in sending simulation request. Retrying after 5s...
2025-12-29 14:06:45,733 - ERROR - Error in sending simulation request: 400 Client Error: Bad Request for url: https://api.worldquantbrain.com/simulations
2025-12-29 14:06:45,733 - ERROR - Error in sending simulation request. Retrying after 5s...
2025-12-29 14:06:50,992 - ERROR - Error in sending simulation request: 400 Client Error: Bad Request for url: https://api.worldquantbrain.com/simulations
2025-12-29 14:06:50,993 - ERROR - Error in sending simulation request. Retrying after 5s...
2025-12-29 14:06:56,237 - ERROR - Error in sending simulation request: 400 Client Error: Bad Request for url: https://api.worldquantbrain.com/simulations
2025-12-29 14:06:56,238 - ERROR - Error in sending simulation request. Retrying after 5s...
2025-12-29 14:07:01,938 - ERROR - Error in sending simulation request: 400 Client Error: Bad Request for url: https://api.worldquantbrain.com/simulations
2025-12-29 14:07:01,938 - ERROR - Error in sending simulation request. Retrying after 5s...
2025-12-29 14:07:07,187 - ERROR - Error in sending simulation request: 400 Client Error: Bad Request for url: https://api.worldquantbrain.com/simulations
2025-12-29 14:07:07,187 - ERROR - Error in sending simulation request. Retrying after 5s...
2025-12-29 14:07:12,642 - ERROR - Error in sending simulation request: 400 Client Error: Bad Request for url: https://api.worldquantbrain.com/simulations
2025-12-29 14:07:12,642 - ERROR - Error in sending simulation request. Retrying after 5s...
2025-12-29 14:07:17,911 - ERROR - Error in sending simulation request: 400 Client Error: Bad Request for url: https://api.worldquantbrain.com/simulations
2025-12-29 14:07:17,911 - ERROR - Error in sending simulation request. Retrying after 5s...
2025-12-29 14:07:23,597 - ERROR - Error in sending simulation request: 400 Client Error: Bad Request for url: https://api.worldquantbrain.com/simulations
2025-12-29 14:07:23,599 - ERROR - Error in sending simulation request. Retrying after 5s...
2025-12-29 14:07:28,858 - ERROR - Error in sending simulation request: 400 Client Error: Bad Request for url: https://api.worldquantbrain.com/simulations
2025-12-29 14:07:28,858 - ERROR - Error in sending simulation request. Retrying after 5s...
2025-12-29 14:07:34,115 - ERROR - Error in sending simulation request: 400 Client Error: Bad Request for url: https://api.worldquantbrain.com/simulations
2025-12-29 14:07:34,115 - ERROR - Error in sending simulation request. Retrying after 5s...
2025-12-29 14:07:41,166 - ERROR - Error in sending simulation request: 400 Client Error: Bad Request for url: https://api.worldquantbrain.com/simulations
2025-12-29 14:07:41,166 - ERROR - Error in sending simulation request. Retrying after 5s...
2025-12-29 14:07:47,314 - ERROR - Error in sending simulation request: 400 Client Error: Bad Request for url: https://api.worldquantbrain.com/simulations
2025-12-29 14:07:47,314 - ERROR - Error in sending simulation request. Retrying after 5s...
2025-12-29 14:07:52,576 - ERROR - Error in sending simulation request: 400 Client Error: Bad Request for url: https://api.worldquantbrain.com/simulations
2025-12-29 14:07:52,577 - ERROR - Error in sending simulation request. Retrying after 5s...
2025-12-29 14:07:58,290 - ERROR - Error in sending simulation request: 400 Client Error: Bad Request for url: https://api.worldquantbrain.com/simulations
2025-12-29 14:07:58,291 - ERROR - Error in sending simulation request. Retrying after 5s...
2025-12-29 14:08:03,546 - ERROR - Error in sending simulation request: 400 Client Error: Bad Request for url: https://api.worldquantbrain.com/simulations
2025-12-29 14:08:03,546 - ERROR - Error in sending simulation request. Retrying after 5s...
2025-12-29 14:08:09,262 - ERROR - Error in sending simulation request: 400 Client Error: Bad Request for url: https://api.worldquantbrain.com/simulations
2025-12-29 14:08:09,263 - ERROR - Error in sending simulation request. Retrying after 5s...
2025-12-29 14:08:14,517 - ERROR - Error in sending simulation request: 400 Client Error: Bad Request for url: https://api.worldquantbrain.com/simulations
2025-12-29 14:08:14,517 - ERROR - Error in sending simulation request. Retrying after 5s...
2025-12-29 14:08:20,238 - ERROR - Error in sending simulation request: 400 Client Error: Bad Request for url: https://api.worldquantbrain.com/simulations
2025-12-29 14:08:20,238 - ERROR - Error in sending simulation request. Retrying after 5s...
2025-12-29 14:08:25,492 - ERROR - Error in sending simulation request: 400 Client Error: Bad Request for url: https://api.worldquantbrain.com/simulations
2025-12-29 14:08:25,492 - ERROR - Error in sending simulation request. Retrying after 5s...
2025-12-29 14:08:30,741 - ERROR - Error in sending simulation request: 400 Client Error: Bad Request for url: https://api.worldquantbrain.com/simulations
2025-12-29 14:08:31,819 - INFO - Login to BRAIN successfully.
2025-12-29 14:08:31,819 - ERROR - Error occurred too many times, skipping this alpha and re-logging in.
2025-12-29 14:08:31,819 - ERROR - Simulation request failed after 36 attempts.
2025-12-29 14:08:34,825 - INFO - No one is in active simulation now
2025-12-29 14:08:34,825 - INFO - Loading new alpha...
2025-12-29 14:08:34,825 - INFO - Starting simulation for alpha: ts_decay_linear(rank(ppi), 40) with settings: {'instrumentType': 'EQUITY', 'region': 'IND', 'universe': 'TOP2000', 'delay': 1, 'decay': 8, 'neutralization': 'exchange', 'truncation': 0.01, 'pasteurization': 'ON', 'unitHandling': 'VERIFY', 'nanHandling': 'ON', 'language': 'FASTEXPR', 'visualization': False}
2025-12-29 14:08:35,080 - ERROR - Error in sending simulation request: 400 Client Error: Bad Request for url: https://api.worldquantbrain.com/simulations
2025-12-29 14:08:35,080 - ERROR - Error in sending simulation request. Retrying after 5s...
2025-12-29 14:08:40,336 - ERROR - Error in sending simulation request: 400 Client Error: Bad Request for url: https://api.worldquantbrain.com/simulations
2025-12-29 14:08:40,337 - ERROR - Error in sending simulation request. Retrying after 5s...
2025-12-29 14:08:45,608 - ERROR - Error in sending simulation request: 400 Client Error: Bad Request for url: https://api.worldquantbrain.com/simulations
2025-12-29 14:08:45,608 - ERROR - Error in sending simulation request. Retrying after 5s...
2025-12-29 14:08:50,965 - ERROR - Error in sending simulation request: 400 Client Error: Bad Request for url: https://api.worldquantbrain.com/simulations
2025-12-29 14:08:50,965 - ERROR - Error in sending simulation request. Retrying after 5s...
2025-12-29 14:08:56,217 - ERROR - Error in sending simulation request: 400 Client Error: Bad Request for url: https://api.worldquantbrain.com/simulations
2025-12-29 14:08:56,218 - ERROR - Error in sending simulation request. Retrying after 5s...
2025-12-29 14:09:01,463 - ERROR - Error in sending simulation request: 400 Client Error: Bad Request for url: https://api.worldquantbrain.com/simulations
2025-12-29 14:09:01,463 - ERROR - Error in sending simulation request. Retrying after 5s...
2025-12-29 14:09:06,711 - ERROR - Error in sending simulation request: 400 Client Error: Bad Request for url: https://api.worldquantbrain.com/simulations
2025-12-29 14:09:06,712 - ERROR - Error in sending simulation request. Retrying after 5s...
2025-12-29 14:09:11,958 - ERROR - Error in sending simulation request: 400 Client Error: Bad Request for url: https://api.worldquantbrain.com/simulations
2025-12-29 14:09:11,958 - ERROR - Error in sending simulation request. Retrying after 5s...
2025-12-29 14:09:17,241 - ERROR - Error in sending simulation request: 400 Client Error: Bad Request for url: https://api.worldquantbrain.com/simulations
2025-12-29 14:09:17,241 - ERROR - Error in sending simulation request. Retrying after 5s...
2025-12-29 14:09:22,488 - ERROR - Error in sending simulation request: 400 Client Error: Bad Request for url: https://api.worldquantbrain.com/simulations
2025-12-29 14:09:22,488 - ERROR - Error in sending simulation request. Retrying after 5s...
2025-12-29 14:09:27,747 - ERROR - Error in sending simulation request: 400 Client Error: Bad Request for url: https://api.worldquantbrain.com/simulations
2025-12-29 14:09:27,748 - ERROR - Error in sending simulation request. Retrying after 5s...
2025-12-29 14:09:32,996 - ERROR - Error in sending simulation request: 400 Client Error: Bad Request for url: https://api.worldquantbrain.com/simulations
2025-12-29 14:09:32,998 - ERROR - Error in sending simulation request. Retrying after 5s...
2025-12-29 14:09:38,251 - ERROR - Error in sending simulation request: 400 Client Error: Bad Request for url: https://api.worldquantbrain.com/simulations
2025-12-29 14:09:38,251 - ERROR - Error in sending simulation request. Retrying after 5s...
2025-12-29 14:09:43,506 - ERROR - Error in sending simulation request: 400 Client Error: Bad Request for url: https://api.worldquantbrain.com/simulations
2025-12-29 14:09:43,506 - ERROR - Error in sending simulation request. Retrying after 5s...
2025-12-29 14:09:48,772 - ERROR - Error in sending simulation request: 400 Client Error: Bad Request for url: https://api.worldquantbrain.com/simulations
2025-12-29 14:09:48,773 - ERROR - Error in sending simulation request. Retrying after 5s...
2025-12-29 14:09:54,024 - ERROR - Error in sending simulation request: 400 Client Error: Bad Request for url: https://api.worldquantbrain.com/simulations
2025-12-29 14:09:54,024 - ERROR - Error in sending simulation request. Retrying after 5s...
2025-12-29 14:09:59,278 - ERROR - Error in sending simulation request: 400 Client Error: Bad Request for url: https://api.worldquantbrain.com/simulations
2025-12-29 14:09:59,278 - ERROR - Error in sending simulation request. Retrying after 5s...
2025-12-29 14:10:04,539 - ERROR - Error in sending simulation request: 400 Client Error: Bad Request for url: https://api.worldquantbrain.com/simulations
2025-12-29 14:10:04,540 - ERROR - Error in sending simulation request. Retrying after 5s...
2025-12-29 14:10:10,234 - ERROR - Error in sending simulation request: 400 Client Error: Bad Request for url: https://api.worldquantbrain.com/simulations
2025-12-29 14:10:10,234 - ERROR - Error in sending simulation request. Retrying after 5s...
2025-12-29 14:10:15,482 - ERROR - Error in sending simulation request: 400 Client Error: Bad Request for url: https://api.worldquantbrain.com/simulations
2025-12-29 14:10:15,482 - ERROR - Error in sending simulation request. Retrying after 5s...
2025-12-29 14:10:20,819 - ERROR - Error in sending simulation request: 400 Client Error: Bad Request for url: https://api.worldquantbrain.com/simulations
2025-12-29 14:10:20,819 - ERROR - Error in sending simulation request. Retrying after 5s...
2025-12-29 14:10:26,073 - ERROR - Error in sending simulation request: 400 Client Error: Bad Request for url: https://api.worldquantbrain.com/simulations
2025-12-29 14:10:26,073 - ERROR - Error in sending simulation request. Retrying after 5s...
2025-12-29 14:10:31,344 - ERROR - Error in sending simulation request: 400 Client Error: Bad Request for url: https://api.worldquantbrain.com/simulations
2025-12-29 14:10:31,345 - ERROR - Error in sending simulation request. Retrying after 5s...
2025-12-29 14:10:37,082 - ERROR - Error in sending simulation request: 400 Client Error: Bad Request for url: https://api.worldquantbrain.com/simulations
2025-12-29 14:10:37,082 - ERROR - Error in sending simulation request. Retrying after 5s...
2025-12-29 14:10:42,412 - ERROR - Error in sending simulation request: 400 Client Error: Bad Request for url: https://api.worldquantbrain.com/simulations
2025-12-29 14:10:42,412 - ERROR - Error in sending simulation request. Retrying after 5s...
2025-12-29 14:10:47,659 - ERROR - Error in sending simulation request: 400 Client Error: Bad Request for url: https://api.worldquantbrain.com/simulations
2025-12-29 14:10:47,659 - ERROR - Error in sending simulation request. Retrying after 5s...
2025-12-29 14:10:52,917 - ERROR - Error in sending simulation request: 400 Client Error: Bad Request for url: https://api.worldquantbrain.com/simulations
2025-12-29 14:10:52,919 - ERROR - Error in sending simulation request. Retrying after 5s...
2025-12-29 14:10:58,184 - ERROR - Error in sending simulation request: 400 Client Error: Bad Request for url: https://api.worldquantbrain.com/simulations
2025-12-29 14:10:58,185 - ERROR - Error in sending simulation request. Retrying after 5s...
2025-12-29 14:11:03,439 - ERROR - Error in sending simulation request: 400 Client Error: Bad Request for url: https://api.worldquantbrain.com/simulations
2025-12-29 14:11:03,439 - ERROR - Error in sending simulation request. Retrying after 5s...
2025-12-29 14:11:08,686 - ERROR - Error in sending simulation request: 400 Client Error: Bad Request for url: https://api.worldquantbrain.com/simulations
2025-12-29 14:11:08,687 - ERROR - Error in sending simulation request. Retrying after 5s...
2025-12-29 14:11:13,934 - ERROR - Error in sending simulation request: 400 Client Error: Bad Request for url: https://api.worldquantbrain.com/simulations
2025-12-29 14:11:13,934 - ERROR - Error in sending simulation request. Retrying after 5s...
2025-12-29 14:11:19,179 - ERROR - Error in sending simulation request: 400 Client Error: Bad Request for url: https://api.worldquantbrain.com/simulations
2025-12-29 14:11:19,179 - ERROR - Error in sending simulation request. Retrying after 5s...
2025-12-29 14:11:24,447 - ERROR - Error in sending simulation request: 400 Client Error: Bad Request for url: https://api.worldquantbrain.com/simulations
2025-12-29 14:11:24,447 - ERROR - Error in sending simulation request. Retrying after 5s...
2025-12-29 14:11:32,767 - ERROR - Error in sending simulation request: 400 Client Error: Bad Request for url: https://api.worldquantbrain.com/simulations
2025-12-29 14:11:32,768 - ERROR - Error in sending simulation request. Retrying after 5s...
2025-12-29 14:11:38,017 - ERROR - Error in sending simulation request: 400 Client Error: Bad Request for url: https://api.worldquantbrain.com/simulations
2025-12-29 14:11:38,017 - ERROR - Error in sending simulation request. Retrying after 5s...
2025-12-29 14:11:46,655 - ERROR - Error in sending simulation request: 400 Client Error: Bad Request for url: https://api.worldquantbrain.com/simulations
2025-12-29 14:11:46,656 - ERROR - Error in sending simulation request. Retrying after 5s...
2025-12-29 14:11:51,909 - ERROR - Error in sending simulation request: 400 Client Error: Bad Request for url: https://api.worldquantbrain.com/simulations
2025-12-29 14:11:52,898 - INFO - Login to BRAIN successfully.
2025-12-29 14:11:52,898 - ERROR - Error occurred too many times, skipping this alpha and re-logging in.
2025-12-29 14:11:52,898 - ERROR - Simulation request failed after 36 attempts.
2025-12-29 14:11:55,902 - INFO - No one is in active simulation now
2025-12-29 14:11:55,902 - INFO - Loading new alpha...
2025-12-29 14:11:55,902 - INFO - Starting simulation for alpha: ts_scale(retail_sales, 60) * ts_rank(retail_sales, 60) with settings: {'instrumentType': 'EQUITY', 'region': 'IND', 'universe': 'TOP2000', 'delay': 1, 'decay': 8, 'neutralization': 'exchange', 'truncation': 0.01, 'pasteurization': 'ON', 'unitHandling': 'VERIFY', 'nanHandling': 'ON', 'language': 'FASTEXPR', 'visualization': False}
2025-12-29 14:11:56,154 - ERROR - Error in sending simulation request: 400 Client Error: Bad Request for url: https://api.worldquantbrain.com/simulations
2025-12-29 14:11:56,154 - ERROR - Error in sending simulation request. Retrying after 5s...
2025-12-29 14:12:01,409 - ERROR - Error in sending simulation request: 400 Client Error: Bad Request for url: https://api.worldquantbrain.com/simulations
2025-12-29 14:12:01,409 - ERROR - Error in sending simulation request. Retrying after 5s...
2025-12-29 14:12:06,659 - ERROR - Error in sending simulation request: 400 Client Error: Bad Request for url: https://api.worldquantbrain.com/simulations
2025-12-29 14:12:06,659 - ERROR - Error in sending simulation request. Retrying after 5s...
2025-12-29 14:12:11,936 - ERROR - Error in sending simulation request: 400 Client Error: Bad Request for url: https://api.worldquantbrain.com/simulations
2025-12-29 14:12:11,937 - ERROR - Error in sending simulation request. Retrying after 5s...
2025-12-29 14:12:17,191 - ERROR - Error in sending simulation request: 400 Client Error: Bad Request for url: https://api.worldquantbrain.com/simulations
2025-12-29 14:12:17,191 - ERROR - Error in sending simulation request. Retrying after 5s...
2025-12-29 14:12:22,440 - ERROR - Error in sending simulation request: 400 Client Error: Bad Request for url: https://api.worldquantbrain.com/simulations
2025-12-29 14:12:22,440 - ERROR - Error in sending simulation request. Retrying after 5s...
2025-12-29 14:12:27,733 - ERROR - Error in sending simulation request: 400 Client Error: Bad Request for url: https://api.worldquantbrain.com/simulations
2025-12-29 14:12:27,734 - ERROR - Error in sending simulation request. Retrying after 5s...
2025-12-29 14:12:32,989 - ERROR - Error in sending simulation request: 400 Client Error: Bad Request for url: https://api.worldquantbrain.com/simulations
2025-12-29 14:12:32,990 - ERROR - Error in sending simulation request. Retrying after 5s...
2025-12-29 14:12:38,235 - ERROR - Error in sending simulation request: 400 Client Error: Bad Request for url: https://api.worldquantbrain.com/simulations
2025-12-29 14:12:38,235 - ERROR - Error in sending simulation request. Retrying after 5s...
2025-12-29 14:12:43,486 - ERROR - Error in sending simulation request: 400 Client Error: Bad Request for url: https://api.worldquantbrain.com/simulations
2025-12-29 14:12:43,486 - ERROR - Error in sending simulation request. Retrying after 5s...
2025-12-29 14:12:48,739 - ERROR - Error in sending simulation request: 400 Client Error: Bad Request for url: https://api.worldquantbrain.com/simulations
2025-12-29 14:12:48,740 - ERROR - Error in sending simulation request. Retrying after 5s...
2025-12-29 14:12:53,996 - ERROR - Error in sending simulation request: 400 Client Error: Bad Request for url: https://api.worldquantbrain.com/simulations
2025-12-29 14:12:53,997 - ERROR - Error in sending simulation request. Retrying after 5s...
2025-12-29 14:12:59,243 - ERROR - Error in sending simulation request: 400 Client Error: Bad Request for url: https://api.worldquantbrain.com/simulations
2025-12-29 14:12:59,243 - ERROR - Error in sending simulation request. Retrying after 5s...
2025-12-29 14:13:04,526 - ERROR - Error in sending simulation request: 400 Client Error: Bad Request for url: https://api.worldquantbrain.com/simulations
2025-12-29 14:13:04,527 - ERROR - Error in sending simulation request. Retrying after 5s...
2025-12-29 14:13:14,892 - ERROR - Error in sending simulation request: 400 Client Error: Bad Request for url: https://api.worldquantbrain.com/simulations
2025-12-29 14:13:14,892 - ERROR - Error in sending simulation request. Retrying after 5s...
2025-12-29 14:13:20,150 - ERROR - Error in sending simulation request: 400 Client Error: Bad Request for url: https://api.worldquantbrain.com/simulations
2025-12-29 14:13:20,151 - ERROR - Error in sending simulation request. Retrying after 5s...
2025-12-29 14:13:25,879 - ERROR - Error in sending simulation request: 400 Client Error: Bad Request for url: https://api.worldquantbrain.com/simulations
2025-12-29 14:13:25,879 - ERROR - Error in sending simulation request. Retrying after 5s...
2025-12-29 14:13:31,137 - ERROR - Error in sending simulation request: 400 Client Error: Bad Request for url: https://api.worldquantbrain.com/simulations
2025-12-29 14:13:31,137 - ERROR - Error in sending simulation request. Retrying after 5s...
2025-12-29 14:13:36,403 - ERROR - Error in sending simulation request: 400 Client Error: Bad Request for url: https://api.worldquantbrain.com/simulations
2025-12-29 14:13:36,403 - ERROR - Error in sending simulation request. Retrying after 5s...
2025-12-29 14:13:41,649 - ERROR - Error in sending simulation request: 400 Client Error: Bad Request for url: https://api.worldquantbrain.com/simulations
2025-12-29 14:13:41,650 - ERROR - Error in sending simulation request. Retrying after 5s...
2025-12-29 14:13:46,916 - ERROR - Error in sending simulation request: 400 Client Error: Bad Request for url: https://api.worldquantbrain.com/simulations
2025-12-29 14:13:46,916 - ERROR - Error in sending simulation request. Retrying after 5s...
2025-12-29 14:13:52,159 - ERROR - Error in sending simulation request: 400 Client Error: Bad Request for url: https://api.worldquantbrain.com/simulations
2025-12-29 14:13:52,159 - ERROR - Error in sending simulation request. Retrying after 5s...
2025-12-29 14:14:01,501 - ERROR - Error in sending simulation request: 400 Client Error: Bad Request for url: https://api.worldquantbrain.com/simulations
2025-12-29 14:14:01,501 - ERROR - Error in sending simulation request. Retrying after 5s...
2025-12-29 14:14:06,753 - ERROR - Error in sending simulation request: 400 Client Error: Bad Request for url: https://api.worldquantbrain.com/simulations
2025-12-29 14:14:06,753 - ERROR - Error in sending simulation request. Retrying after 5s...
2025-12-29 14:14:12,009 - ERROR - Error in sending simulation request: 400 Client Error: Bad Request for url: https://api.worldquantbrain.com/simulations
2025-12-29 14:14:12,010 - ERROR - Error in sending simulation request. Retrying after 5s...
2025-12-29 14:14:17,262 - ERROR - Error in sending simulation request: 400 Client Error: Bad Request for url: https://api.worldquantbrain.com/simulations
2025-12-29 14:14:17,262 - ERROR - Error in sending simulation request. Retrying after 5s...
2025-12-29 14:14:22,515 - ERROR - Error in sending simulation request: 400 Client Error: Bad Request for url: https://api.worldquantbrain.com/simulations
2025-12-29 14:14:22,515 - ERROR - Error in sending simulation request. Retrying after 5s...
2025-12-29 14:14:27,769 - ERROR - Error in sending simulation request: 400 Client Error: Bad Request for url: https://api.worldquantbrain.com/simulations
2025-12-29 14:14:27,769 - ERROR - Error in sending simulation request. Retrying after 5s...
2025-12-29 14:14:33,024 - ERROR - Error in sending simulation request: 400 Client Error: Bad Request for url: https://api.worldquantbrain.com/simulations
2025-12-29 14:14:33,025 - ERROR - Error in sending simulation request. Retrying after 5s...
2025-12-29 14:14:41,480 - ERROR - Error in sending simulation request: 400 Client Error: Bad Request for url: https://api.worldquantbrain.com/simulations
2025-12-29 14:14:41,480 - ERROR - Error in sending simulation request. Retrying after 5s...
2025-12-29 14:14:46,735 - ERROR - Error in sending simulation request: 400 Client Error: Bad Request for url: https://api.worldquantbrain.com/simulations
2025-12-29 14:14:46,736 - ERROR - Error in sending simulation request. Retrying after 5s...
2025-12-29 14:14:52,002 - ERROR - Error in sending simulation request: 400 Client Error: Bad Request for url: https://api.worldquantbrain.com/simulations
2025-12-29 14:14:52,002 - ERROR - Error in sending simulation request. Retrying after 5s...
2025-12-29 14:14:57,258 - ERROR - Error in sending simulation request: 400 Client Error: Bad Request for url: https://api.worldquantbrain.com/simulations
2025-12-29 14:14:57,258 - ERROR - Error in sending simulation request. Retrying after 5s...
2025-12-29 14:15:02,521 - ERROR - Error in sending simulation request: 400 Client Error: Bad Request for url: https://api.worldquantbrain.com/simulations
2025-12-29 14:15:02,521 - ERROR - Error in sending simulation request. Retrying after 5s...
2025-12-29 14:15:07,776 - ERROR - Error in sending simulation request: 400 Client Error: Bad Request for url: https://api.worldquantbrain.com/simulations
2025-12-29 14:15:07,777 - ERROR - Error in sending simulation request. Retrying after 5s...
2025-12-29 14:15:13,041 - ERROR - Error in sending simulation request: 400 Client Error: Bad Request for url: https://api.worldquantbrain.com/simulations
2025-12-29 14:15:13,041 - ERROR - Error in sending simulation request. Retrying after 5s...
2025-12-29 14:15:18,288 - ERROR - Error in sending simulation request: 400 Client Error: Bad Request for url: https://api.worldquantbrain.com/simulations
2025-12-29 14:15:19,249 - INFO - Login to BRAIN successfully.
2025-12-29 14:15:19,249 - ERROR - Error occurred too many times, skipping this alpha and re-logging in.
2025-12-29 14:15:19,249 - ERROR - Simulation request failed after 36 attempts.
2025-12-29 14:15:22,252 - INFO - No one is in active simulation now
2025-12-29 14:15:22,252 - INFO - Loading new alpha...
2025-12-29 14:15:22,252 - INFO - Starting simulation for alpha: ts_mean(model7, 60) with settings: {'instrumentType': 'EQUITY', 'region': 'IND', 'universe': 'TOP2000', 'delay': 1, 'decay': 5, 'neutralization': 'exchange', 'truncation': 0.01, 'pasteurization': 'ON', 'unitHandling': 'VERIFY', 'nanHandling': 'ON', 'language': 'FASTEXPR', 'visualization': False}
2025-12-29 14:15:22,501 - ERROR - Error in sending simulation request: 400 Client Error: Bad Request for url: https://api.worldquantbrain.com/simulations
2025-12-29 14:15:22,501 - ERROR - Error in sending simulation request. Retrying after 5s...
2025-12-29 14:15:27,748 - ERROR - Error in sending simulation request: 400 Client Error: Bad Request for url: https://api.worldquantbrain.com/simulations
2025-12-29 14:15:27,749 - ERROR - Error in sending simulation request. Retrying after 5s...
2025-12-29 14:15:33,023 - ERROR - Error in sending simulation request: 400 Client Error: Bad Request for url: https://api.worldquantbrain.com/simulations
2025-12-29 14:15:33,023 - ERROR - Error in sending simulation request. Retrying after 5s...
2025-12-29 14:15:38,274 - ERROR - Error in sending simulation request: 400 Client Error: Bad Request for url: https://api.worldquantbrain.com/simulations
2025-12-29 14:15:38,274 - ERROR - Error in sending simulation request. Retrying after 5s...
2025-12-29 14:15:43,516 - ERROR - Error in sending simulation request: 400 Client Error: Bad Request for url: https://api.worldquantbrain.com/simulations
2025-12-29 14:15:43,516 - ERROR - Error in sending simulation request. Retrying after 5s...
2025-12-29 14:15:49,226 - ERROR - Error in sending simulation request: 400 Client Error: Bad Request for url: https://api.worldquantbrain.com/simulations
2025-12-29 14:15:49,227 - ERROR - Error in sending simulation request. Retrying after 5s...
2025-12-29 14:15:54,474 - ERROR - Error in sending simulation request: 400 Client Error: Bad Request for url: https://api.worldquantbrain.com/simulations
2025-12-29 14:15:54,474 - ERROR - Error in sending simulation request. Retrying after 5s...
2025-12-29 14:15:59,718 - ERROR - Error in sending simulation request: 400 Client Error: Bad Request for url: https://api.worldquantbrain.com/simulations
2025-12-29 14:15:59,719 - ERROR - Error in sending simulation request. Retrying after 5s...
2025-12-29 14:16:04,969 - ERROR - Error in sending simulation request: 400 Client Error: Bad Request for url: https://api.worldquantbrain.com/simulations
2025-12-29 14:16:04,969 - ERROR - Error in sending simulation request. Retrying after 5s...
2025-12-29 14:16:10,216 - ERROR - Error in sending simulation request: 400 Client Error: Bad Request for url: https://api.worldquantbrain.com/simulations
2025-12-29 14:16:10,217 - ERROR - Error in sending simulation request. Retrying after 5s...
2025-12-29 14:16:15,496 - ERROR - Error in sending simulation request: 400 Client Error: Bad Request for url: https://api.worldquantbrain.com/simulations
2025-12-29 14:16:15,496 - ERROR - Error in sending simulation request. Retrying after 5s...
2025-12-29 14:16:20,743 - ERROR - Error in sending simulation request: 400 Client Error: Bad Request for url: https://api.worldquantbrain.com/simulations
2025-12-29 14:16:20,744 - ERROR - Error in sending simulation request. Retrying after 5s...
2025-12-29 14:16:25,996 - ERROR - Error in sending simulation request: 400 Client Error: Bad Request for url: https://api.worldquantbrain.com/simulations
2025-12-29 14:16:25,996 - ERROR - Error in sending simulation request. Retrying after 5s...
2025-12-29 14:16:31,300 - ERROR - Error in sending simulation request: 400 Client Error: Bad Request for url: https://api.worldquantbrain.com/simulations
2025-12-29 14:16:31,300 - ERROR - Error in sending simulation request. Retrying after 5s...
2025-12-29 14:16:36,618 - ERROR - Error in sending simulation request: 400 Client Error: Bad Request for url: https://api.worldquantbrain.com/simulations
2025-12-29 14:16:36,618 - ERROR - Error in sending simulation request. Retrying after 5s...
2025-12-29 14:16:41,860 - ERROR - Error in sending simulation request: 400 Client Error: Bad Request for url: https://api.worldquantbrain.com/simulations
2025-12-29 14:16:41,861 - ERROR - Error in sending simulation request. Retrying after 5s...
2025-12-29 14:16:47,104 - ERROR - Error in sending simulation request: 400 Client Error: Bad Request for url: https://api.worldquantbrain.com/simulations
2025-12-29 14:16:47,105 - ERROR - Error in sending simulation request. Retrying after 5s...
2025-12-29 14:16:52,350 - ERROR - Error in sending simulation request: 400 Client Error: Bad Request for url: https://api.worldquantbrain.com/simulations
2025-12-29 14:16:52,351 - ERROR - Error in sending simulation request. Retrying after 5s...
2025-12-29 14:16:57,591 - ERROR - Error in sending simulation request: 400 Client Error: Bad Request for url: https://api.worldquantbrain.com/simulations
2025-12-29 14:16:57,591 - ERROR - Error in sending simulation request. Retrying after 5s...
2025-12-29 14:17:02,852 - ERROR - Error in sending simulation request: 400 Client Error: Bad Request for url: https://api.worldquantbrain.com/simulations
2025-12-29 14:17:02,852 - ERROR - Error in sending simulation request. Retrying after 5s...
2025-12-29 14:17:08,095 - ERROR - Error in sending simulation request: 400 Client Error: Bad Request for url: https://api.worldquantbrain.com/simulations
2025-12-29 14:17:08,096 - ERROR - Error in sending simulation request. Retrying after 5s...
2025-12-29 14:17:13,341 - ERROR - Error in sending simulation request: 400 Client Error: Bad Request for url: https://api.worldquantbrain.com/simulations
2025-12-29 14:17:13,341 - ERROR - Error in sending simulation request. Retrying after 5s...
2025-12-29 14:17:18,626 - ERROR - Error in sending simulation request: 400 Client Error: Bad Request for url: https://api.worldquantbrain.com/simulations
2025-12-29 14:17:18,626 - ERROR - Error in sending simulation request. Retrying after 5s...
2025-12-29 14:17:23,872 - ERROR - Error in sending simulation request: 400 Client Error: Bad Request for url: https://api.worldquantbrain.com/simulations
2025-12-29 14:17:23,872 - ERROR - Error in sending simulation request. Retrying after 5s...
2025-12-29 14:17:29,116 - ERROR - Error in sending simulation request: 400 Client Error: Bad Request for url: https://api.worldquantbrain.com/simulations
2025-12-29 14:17:29,116 - ERROR - Error in sending simulation request. Retrying after 5s...
2025-12-29 14:17:34,359 - ERROR - Error in sending simulation request: 400 Client Error: Bad Request for url: https://api.worldquantbrain.com/simulations
2025-12-29 14:17:34,360 - ERROR - Error in sending simulation request. Retrying after 5s...
2025-12-29 14:17:39,608 - ERROR - Error in sending simulation request: 400 Client Error: Bad Request for url: https://api.worldquantbrain.com/simulations
2025-12-29 14:17:39,608 - ERROR - Error in sending simulation request. Retrying after 5s...
2025-12-29 14:17:44,855 - ERROR - Error in sending simulation request: 400 Client Error: Bad Request for url: https://api.worldquantbrain.com/simulations
2025-12-29 14:17:44,855 - ERROR - Error in sending simulation request. Retrying after 5s...
2025-12-29 14:17:50,104 - ERROR - Error in sending simulation request: 400 Client Error: Bad Request for url: https://api.worldquantbrain.com/simulations
2025-12-29 14:17:50,104 - ERROR - Error in sending simulation request. Retrying after 5s...
2025-12-29 14:17:55,360 - ERROR - Error in sending simulation request: 400 Client Error: Bad Request for url: https://api.worldquantbrain.com/simulations
2025-12-29 14:17:55,360 - ERROR - Error in sending simulation request. Retrying after 5s...
2025-12-29 14:18:00,606 - ERROR - Error in sending simulation request: 400 Client Error: Bad Request for url: https://api.worldquantbrain.com/simulations
2025-12-29 14:18:00,609 - ERROR - Error in sending simulation request. Retrying after 5s...
2025-12-29 14:18:05,852 - ERROR - Error in sending simulation request: 400 Client Error: Bad Request for url: https://api.worldquantbrain.com/simulations
2025-12-29 14:18:05,852 - ERROR - Error in sending simulation request. Retrying after 5s...
2025-12-29 14:18:11,093 - ERROR - Error in sending simulation request: 400 Client Error: Bad Request for url: https://api.worldquantbrain.com/simulations
2025-12-29 14:18:11,094 - ERROR - Error in sending simulation request. Retrying after 5s...
2025-12-29 14:18:16,337 - ERROR - Error in sending simulation request: 400 Client Error: Bad Request for url: https://api.worldquantbrain.com/simulations
2025-12-29 14:18:16,337 - ERROR - Error in sending simulation request. Retrying after 5s...
2025-12-29 14:18:21,588 - ERROR - Error in sending simulation request: 400 Client Error: Bad Request for url: https://api.worldquantbrain.com/simulations
2025-12-29 14:18:21,588 - ERROR - Error in sending simulation request. Retrying after 5s...
2025-12-29 14:18:26,842 - ERROR - Error in sending simulation request: 400 Client Error: Bad Request for url: https://api.worldquantbrain.com/simulations
2025-12-29 14:18:26,842 - ERROR - Error in sending simulation request. Retrying after 5s...
2025-12-29 14:18:32,090 - ERROR - Error in sending simulation request: 400 Client Error: Bad Request for url: https://api.worldquantbrain.com/simulations
2025-12-29 14:18:33,048 - INFO - Login to BRAIN successfully.
2025-12-29 14:18:33,048 - ERROR - Error occurred too many times, skipping this alpha and re-logging in.
2025-12-29 14:18:33,048 - ERROR - Simulation request failed after 36 attempts.
2025-12-29 14:18:36,054 - INFO - No one is in active simulation now
2025-12-29 14:18:36,054 - INFO - Loading new alpha...
2025-12-29 14:18:36,054 - INFO - Starting simulation for alpha: zscore(model46) with settings: {'instrumentType': 'EQUITY', 'region': 'IND', 'universe': 'TOP2000', 'delay': 1, 'decay': 5, 'neutralization': 'country', 'truncation': 0.01, 'pasteurization': 'ON', 'unitHandling': 'VERIFY', 'nanHandling': 'ON', 'language': 'FASTEXPR', 'visualization': False}
2025-12-29 14:18:36,302 - ERROR - Error in sending simulation request: 400 Client Error: Bad Request for url: https://api.worldquantbrain.com/simulations
2025-12-29 14:18:36,302 - ERROR - Error in sending simulation request. Retrying after 5s...
2025-12-29 14:18:41,547 - ERROR - Error in sending simulation request: 400 Client Error: Bad Request for url: https://api.worldquantbrain.com/simulations
2025-12-29 14:18:41,547 - ERROR - Error in sending simulation request. Retrying after 5s...
2025-12-29 14:18:46,796 - ERROR - Error in sending simulation request: 400 Client Error: Bad Request for url: https://api.worldquantbrain.com/simulations
2025-12-29 14:18:46,796 - ERROR - Error in sending simulation request. Retrying after 5s...
2025-12-29 14:18:52,048 - ERROR - Error in sending simulation request: 400 Client Error: Bad Request for url: https://api.worldquantbrain.com/simulations
2025-12-29 14:18:52,048 - ERROR - Error in sending simulation request. Retrying after 5s...
2025-12-29 14:18:57,300 - ERROR - Error in sending simulation request: 400 Client Error: Bad Request for url: https://api.worldquantbrain.com/simulations
2025-12-29 14:18:57,300 - ERROR - Error in sending simulation request. Retrying after 5s...
2025-12-29 14:19:02,548 - ERROR - Error in sending simulation request: 400 Client Error: Bad Request for url: https://api.worldquantbrain.com/simulations
2025-12-29 14:19:02,549 - ERROR - Error in sending simulation request. Retrying after 5s...
2025-12-29 14:19:07,801 - ERROR - Error in sending simulation request: 400 Client Error: Bad Request for url: https://api.worldquantbrain.com/simulations
2025-12-29 14:19:07,801 - ERROR - Error in sending simulation request. Retrying after 5s...
2025-12-29 14:19:13,086 - ERROR - Error in sending simulation request: 400 Client Error: Bad Request for url: https://api.worldquantbrain.com/simulations
2025-12-29 14:19:13,087 - ERROR - Error in sending simulation request. Retrying after 5s...
2025-12-29 14:19:18,331 - ERROR - Error in sending simulation request: 400 Client Error: Bad Request for url: https://api.worldquantbrain.com/simulations
2025-12-29 14:19:18,331 - ERROR - Error in sending simulation request. Retrying after 5s...
2025-12-29 14:19:24,041 - ERROR - Error in sending simulation request: 400 Client Error: Bad Request for url: https://api.worldquantbrain.com/simulations
2025-12-29 14:19:24,042 - ERROR - Error in sending simulation request. Retrying after 5s...
2025-12-29 14:19:29,290 - ERROR - Error in sending simulation request: 400 Client Error: Bad Request for url: https://api.worldquantbrain.com/simulations
2025-12-29 14:19:29,290 - ERROR - Error in sending simulation request. Retrying after 5s...
2025-12-29 14:19:34,543 - ERROR - Error in sending simulation request: 400 Client Error: Bad Request for url: https://api.worldquantbrain.com/simulations
2025-12-29 14:19:34,543 - ERROR - Error in sending simulation request. Retrying after 5s...
2025-12-29 14:19:39,790 - ERROR - Error in sending simulation request: 400 Client Error: Bad Request for url: https://api.worldquantbrain.com/simulations
2025-12-29 14:19:39,791 - ERROR - Error in sending simulation request. Retrying after 5s...
2025-12-29 14:19:45,040 - ERROR - Error in sending simulation request: 400 Client Error: Bad Request for url: https://api.worldquantbrain.com/simulations
2025-12-29 14:19:45,040 - ERROR - Error in sending simulation request. Retrying after 5s...
2025-12-29 14:19:50,289 - ERROR - Error in sending simulation request: 400 Client Error: Bad Request for url: https://api.worldquantbrain.com/simulations
2025-12-29 14:19:50,290 - ERROR - Error in sending simulation request. Retrying after 5s...
2025-12-29 14:19:55,536 - ERROR - Error in sending simulation request: 400 Client Error: Bad Request for url: https://api.worldquantbrain.com/simulations
2025-12-29 14:19:55,536 - ERROR - Error in sending simulation request. Retrying after 5s...
2025-12-29 14:20:00,787 - ERROR - Error in sending simulation request: 400 Client Error: Bad Request for url: https://api.worldquantbrain.com/simulations
2025-12-29 14:20:00,787 - ERROR - Error in sending simulation request. Retrying after 5s...
2025-12-29 14:20:06,038 - ERROR - Error in sending simulation request: 400 Client Error: Bad Request for url: https://api.worldquantbrain.com/simulations
2025-12-29 14:20:06,038 - ERROR - Error in sending simulation request. Retrying after 5s...
2025-12-29 14:20:11,288 - ERROR - Error in sending simulation request: 400 Client Error: Bad Request for url: https://api.worldquantbrain.com/simulations
2025-12-29 14:20:11,288 - ERROR - Error in sending simulation request. Retrying after 5s...
2025-12-29 14:20:16,530 - ERROR - Error in sending simulation request: 400 Client Error: Bad Request for url: https://api.worldquantbrain.com/simulations
2025-12-29 14:20:16,530 - ERROR - Error in sending simulation request. Retrying after 5s...
2025-12-29 14:20:21,777 - ERROR - Error in sending simulation request: 400 Client Error: Bad Request for url: https://api.worldquantbrain.com/simulations
2025-12-29 14:20:21,778 - ERROR - Error in sending simulation request. Retrying after 5s...
2025-12-29 14:20:27,031 - ERROR - Error in sending simulation request: 400 Client Error: Bad Request for url: https://api.worldquantbrain.com/simulations
2025-12-29 14:20:27,031 - ERROR - Error in sending simulation request. Retrying after 5s...
2025-12-29 14:20:32,283 - ERROR - Error in sending simulation request: 400 Client Error: Bad Request for url: https://api.worldquantbrain.com/simulations
2025-12-29 14:20:32,284 - ERROR - Error in sending simulation request. Retrying after 5s...
2025-12-29 14:20:37,532 - ERROR - Error in sending simulation request: 400 Client Error: Bad Request for url: https://api.worldquantbrain.com/simulations
2025-12-29 14:20:37,533 - ERROR - Error in sending simulation request. Retrying after 5s...
2025-12-29 14:20:42,783 - ERROR - Error in sending simulation request: 400 Client Error: Bad Request for url: https://api.worldquantbrain.com/simulations
2025-12-29 14:20:42,783 - ERROR - Error in sending simulation request. Retrying after 5s...
2025-12-29 14:20:48,029 - ERROR - Error in sending simulation request: 400 Client Error: Bad Request for url: https://api.worldquantbrain.com/simulations
2025-12-29 14:20:48,030 - ERROR - Error in sending simulation request. Retrying after 5s...
2025-12-29 14:20:53,283 - ERROR - Error in sending simulation request: 400 Client Error: Bad Request for url: https://api.worldquantbrain.com/simulations
2025-12-29 14:20:53,283 - ERROR - Error in sending simulation request. Retrying after 5s...
2025-12-29 14:20:58,532 - ERROR - Error in sending simulation request: 400 Client Error: Bad Request for url: https://api.worldquantbrain.com/simulations
2025-12-29 14:20:58,532 - ERROR - Error in sending simulation request. Retrying after 5s...
2025-12-29 14:21:03,782 - ERROR - Error in sending simulation request: 400 Client Error: Bad Request for url: https://api.worldquantbrain.com/simulations
2025-12-29 14:21:03,782 - ERROR - Error in sending simulation request. Retrying after 5s...
2025-12-29 14:21:09,032 - ERROR - Error in sending simulation request: 400 Client Error: Bad Request for url: https://api.worldquantbrain.com/simulations
2025-12-29 14:21:09,032 - ERROR - Error in sending simulation request. Retrying after 5s...
2025-12-29 14:21:14,284 - ERROR - Error in sending simulation request: 400 Client Error: Bad Request for url: https://api.worldquantbrain.com/simulations
2025-12-29 14:21:14,285 - ERROR - Error in sending simulation request. Retrying after 5s...
2025-12-29 14:21:19,528 - ERROR - Error in sending simulation request: 400 Client Error: Bad Request for url: https://api.worldquantbrain.com/simulations
2025-12-29 14:21:19,529 - ERROR - Error in sending simulation request. Retrying after 5s...
2025-12-29 14:21:28,002 - ERROR - Error in sending simulation request: 400 Client Error: Bad Request for url: https://api.worldquantbrain.com/simulations
2025-12-29 14:21:28,003 - ERROR - Error in sending simulation request. Retrying after 5s...
2025-12-29 14:21:33,255 - ERROR - Error in sending simulation request: 400 Client Error: Bad Request for url: https://api.worldquantbrain.com/simulations
2025-12-29 14:21:33,256 - ERROR - Error in sending simulation request. Retrying after 5s...
2025-12-29 14:21:38,529 - ERROR - Error in sending simulation request: 400 Client Error: Bad Request for url: https://api.worldquantbrain.com/simulations
2025-12-29 14:21:38,529 - ERROR - Error in sending simulation request. Retrying after 5s...
2025-12-29 14:21:43,776 - ERROR - Error in sending simulation request: 400 Client Error: Bad Request for url: https://api.worldquantbrain.com/simulations
2025-12-29 14:21:43,776 - ERROR - Error in sending simulation request. Retrying after 5s...
2025-12-29 14:21:49,027 - ERROR - Error in sending simulation request: 400 Client Error: Bad Request for url: https://api.worldquantbrain.com/simulations
2025-12-29 14:21:50,017 - INFO - Login to BRAIN successfully.
2025-12-29 14:21:50,017 - ERROR - Error occurred too many times, skipping this alpha and re-logging in.
2025-12-29 14:21:50,017 - ERROR - Simulation request failed after 36 attempts.
2025-12-29 14:21:53,023 - INFO - No one is in active simulation now
2025-12-29 14:21:53,023 - INFO - Loading new alpha...
2025-12-29 14:21:53,023 - INFO - Starting simulation for alpha: group_neutralize(ts_rank(model47, 30) + ts_rank(unemployment_rate, 30), exchange) with settings: {'instrumentType': 'EQUITY', 'region': 'IND', 'universe': 'TOP2000', 'delay': 1, 'decay': 7, 'neutralization': 'market', 'truncation': 0.01, 'pasteurization': 'ON', 'unitHandling': 'VERIFY', 'nanHandling': 'ON', 'language': 'FASTEXPR', 'visualization': False}
2025-12-29 14:21:53,279 - ERROR - Error in sending simulation request: 400 Client Error: Bad Request for url: https://api.worldquantbrain.com/simulations
2025-12-29 14:21:53,279 - ERROR - Error in sending simulation request. Retrying after 5s...
2025-12-29 14:21:58,529 - ERROR - Error in sending simulation request: 400 Client Error: Bad Request for url: https://api.worldquantbrain.com/simulations
2025-12-29 14:21:58,529 - ERROR - Error in sending simulation request. Retrying after 5s...
2025-12-29 14:22:03,768 - ERROR - Error in sending simulation request: 400 Client Error: Bad Request for url: https://api.worldquantbrain.com/simulations
2025-12-29 14:22:03,768 - ERROR - Error in sending simulation request. Retrying after 5s...
2025-12-29 14:22:09,039 - ERROR - Error in sending simulation request: 400 Client Error: Bad Request for url: https://api.worldquantbrain.com/simulations
2025-12-29 14:22:09,039 - ERROR - Error in sending simulation request. Retrying after 5s...
2025-12-29 14:22:14,293 - ERROR - Error in sending simulation request: 400 Client Error: Bad Request for url: https://api.worldquantbrain.com/simulations
2025-12-29 14:22:14,294 - ERROR - Error in sending simulation request. Retrying after 5s...
2025-12-29 14:22:19,542 - ERROR - Error in sending simulation request: 400 Client Error: Bad Request for url: https://api.worldquantbrain.com/simulations
2025-12-29 14:22:19,542 - ERROR - Error in sending simulation request. Retrying after 5s...
2025-12-29 14:22:24,793 - ERROR - Error in sending simulation request: 400 Client Error: Bad Request for url: https://api.worldquantbrain.com/simulations
2025-12-29 14:22:24,794 - ERROR - Error in sending simulation request. Retrying after 5s...
2025-12-29 14:22:30,042 - ERROR - Error in sending simulation request: 400 Client Error: Bad Request for url: https://api.worldquantbrain.com/simulations
2025-12-29 14:22:30,042 - ERROR - Error in sending simulation request. Retrying after 5s...
2025-12-29 14:22:35,289 - ERROR - Error in sending simulation request: 400 Client Error: Bad Request for url: https://api.worldquantbrain.com/simulations
2025-12-29 14:22:35,290 - ERROR - Error in sending simulation request. Retrying after 5s...
2025-12-29 14:22:40,546 - ERROR - Error in sending simulation request: 400 Client Error: Bad Request for url: https://api.worldquantbrain.com/simulations
2025-12-29 14:22:40,546 - ERROR - Error in sending simulation request. Retrying after 5s...
2025-12-29 14:22:45,788 - ERROR - Error in sending simulation request: 400 Client Error: Bad Request for url: https://api.worldquantbrain.com/simulations
2025-12-29 14:22:45,788 - ERROR - Error in sending simulation request. Retrying after 5s...
2025-12-29 14:22:51,055 - ERROR - Error in sending simulation request: 400 Client Error: Bad Request for url: https://api.worldquantbrain.com/simulations
2025-12-29 14:22:51,056 - ERROR - Error in sending simulation request. Retrying after 5s...
2025-12-29 14:22:56,307 - ERROR - Error in sending simulation request: 400 Client Error: Bad Request for url: https://api.worldquantbrain.com/simulations
2025-12-29 14:22:56,307 - ERROR - Error in sending simulation request. Retrying after 5s...
2025-12-29 14:23:01,565 - ERROR - Error in sending simulation request: 400 Client Error: Bad Request for url: https://api.worldquantbrain.com/simulations
2025-12-29 14:23:01,565 - ERROR - Error in sending simulation request. Retrying after 5s...
2025-12-29 14:23:06,813 - ERROR - Error in sending simulation request: 400 Client Error: Bad Request for url: https://api.worldquantbrain.com/simulations
2025-12-29 14:23:06,813 - ERROR - Error in sending simulation request. Retrying after 5s...
2025-12-29 14:23:12,057 - ERROR - Error in sending simulation request: 400 Client Error: Bad Request for url: https://api.worldquantbrain.com/simulations
2025-12-29 14:23:12,057 - ERROR - Error in sending simulation request. Retrying after 5s...
2025-12-29 14:23:17,300 - ERROR - Error in sending simulation request: 400 Client Error: Bad Request for url: https://api.worldquantbrain.com/simulations
2025-12-29 14:23:17,300 - ERROR - Error in sending simulation request. Retrying after 5s...
2025-12-29 14:23:22,544 - ERROR - Error in sending simulation request: 400 Client Error: Bad Request for url: https://api.worldquantbrain.com/simulations
2025-12-29 14:23:22,545 - ERROR - Error in sending simulation request. Retrying after 5s...
2025-12-29 14:23:27,789 - ERROR - Error in sending simulation request: 400 Client Error: Bad Request for url: https://api.worldquantbrain.com/simulations
2025-12-29 14:23:27,789 - ERROR - Error in sending simulation request. Retrying after 5s...
2025-12-29 14:23:33,117 - ERROR - Error in sending simulation request: 400 Client Error: Bad Request for url: https://api.worldquantbrain.com/simulations
2025-12-29 14:23:33,117 - ERROR - Error in sending simulation request. Retrying after 5s...
2025-12-29 14:23:38,361 - ERROR - Error in sending simulation request: 400 Client Error: Bad Request for url: https://api.worldquantbrain.com/simulations
2025-12-29 14:23:38,361 - ERROR - Error in sending simulation request. Retrying after 5s...
2025-12-29 14:23:43,610 - ERROR - Error in sending simulation request: 400 Client Error: Bad Request for url: https://api.worldquantbrain.com/simulations
2025-12-29 14:23:43,610 - ERROR - Error in sending simulation request. Retrying after 5s...
2025-12-29 14:23:48,853 - ERROR - Error in sending simulation request: 400 Client Error: Bad Request for url: https://api.worldquantbrain.com/simulations
2025-12-29 14:23:48,853 - ERROR - Error in sending simulation request. Retrying after 5s...
2025-12-29 14:23:54,099 - ERROR - Error in sending simulation request: 400 Client Error: Bad Request for url: https://api.worldquantbrain.com/simulations
2025-12-29 14:23:54,100 - ERROR - Error in sending simulation request. Retrying after 5s...
2025-12-29 14:23:59,342 - ERROR - Error in sending simulation request: 400 Client Error: Bad Request for url: https://api.worldquantbrain.com/simulations
2025-12-29 14:23:59,342 - ERROR - Error in sending simulation request. Retrying after 5s...
2025-12-29 14:24:04,588 - ERROR - Error in sending simulation request: 400 Client Error: Bad Request for url: https://api.worldquantbrain.com/simulations
2025-12-29 14:24:04,589 - ERROR - Error in sending simulation request. Retrying after 5s...
2025-12-29 14:24:09,832 - ERROR - Error in sending simulation request: 400 Client Error: Bad Request for url: https://api.worldquantbrain.com/simulations
2025-12-29 14:24:09,832 - ERROR - Error in sending simulation request. Retrying after 5s...
2025-12-29 14:24:15,080 - ERROR - Error in sending simulation request: 400 Client Error: Bad Request for url: https://api.worldquantbrain.com/simulations
2025-12-29 14:24:15,081 - ERROR - Error in sending simulation request. Retrying after 5s...
2025-12-29 14:24:20,344 - ERROR - Error in sending simulation request: 400 Client Error: Bad Request for url: https://api.worldquantbrain.com/simulations
2025-12-29 14:24:20,344 - ERROR - Error in sending simulation request. Retrying after 5s...
2025-12-29 14:24:25,593 - ERROR - Error in sending simulation request: 400 Client Error: Bad Request for url: https://api.worldquantbrain.com/simulations
2025-12-29 14:24:25,593 - ERROR - Error in sending simulation request. Retrying after 5s...
2025-12-29 14:24:30,838 - ERROR - Error in sending simulation request: 400 Client Error: Bad Request for url: https://api.worldquantbrain.com/simulations
2025-12-29 14:24:30,838 - ERROR - Error in sending simulation request. Retrying after 5s...
2025-12-29 14:24:36,091 - ERROR - Error in sending simulation request: 400 Client Error: Bad Request for url: https://api.worldquantbrain.com/simulations
2025-12-29 14:24:36,092 - ERROR - Error in sending simulation request. Retrying after 5s...
2025-12-29 14:24:41,335 - ERROR - Error in sending simulation request: 400 Client Error: Bad Request for url: https://api.worldquantbrain.com/simulations
2025-12-29 14:24:41,335 - ERROR - Error in sending simulation request. Retrying after 5s...
2025-12-29 14:24:46,587 - ERROR - Error in sending simulation request: 400 Client Error: Bad Request for url: https://api.worldquantbrain.com/simulations
2025-12-29 14:24:46,587 - ERROR - Error in sending simulation request. Retrying after 5s...
2025-12-29 14:24:51,834 - ERROR - Error in sending simulation request: 400 Client Error: Bad Request for url: https://api.worldquantbrain.com/simulations
2025-12-29 14:24:51,834 - ERROR - Error in sending simulation request. Retrying after 5s...
2025-12-29 14:24:57,083 - ERROR - Error in sending simulation request: 400 Client Error: Bad Request for url: https://api.worldquantbrain.com/simulations
2025-12-29 14:24:57,083 - ERROR - Error in sending simulation request. Retrying after 5s...
2025-12-29 14:25:02,331 - ERROR - Error in sending simulation request: 400 Client Error: Bad Request for url: https://api.worldquantbrain.com/simulations
2025-12-29 14:25:03,318 - INFO - Login to BRAIN successfully.
2025-12-29 14:25:03,318 - ERROR - Error occurred too many times, skipping this alpha and re-logging in.
2025-12-29 14:25:03,318 - ERROR - Simulation request failed after 36 attempts.
2025-12-29 14:25:06,319 - INFO - No one is in active simulation now
2025-12-29 14:25:06,319 - INFO - Loading new alpha...
2025-12-29 14:25:06,319 - INFO - Starting simulation for alpha: group_neutralize(ts_delta(government_debt, 3) - ts_mean(ts_delta(government_debt, 1), 40), industry) with settings: {'instrumentType': 'EQUITY', 'region': 'IND', 'universe': 'TOP2000', 'delay': 1, 'decay': 4, 'neutralization': 'market', 'truncation': 0.01, 'pasteurization': 'ON', 'unitHandling': 'VERIFY', 'nanHandling': 'ON', 'language': 'FASTEXPR', 'visualization': False}
2025-12-29 14:25:06,569 - ERROR - Error in sending simulation request: 400 Client Error: Bad Request for url: https://api.worldquantbrain.com/simulations
2025-12-29 14:25:06,569 - ERROR - Error in sending simulation request. Retrying after 5s...
2025-12-29 14:25:11,826 - ERROR - Error in sending simulation request: 400 Client Error: Bad Request for url: https://api.worldquantbrain.com/simulations
2025-12-29 14:25:11,826 - ERROR - Error in sending simulation request. Retrying after 5s...
2025-12-29 14:25:17,073 - ERROR - Error in sending simulation request: 400 Client Error: Bad Request for url: https://api.worldquantbrain.com/simulations
2025-12-29 14:25:17,074 - ERROR - Error in sending simulation request. Retrying after 5s...
2025-12-29 14:25:22,319 - ERROR - Error in sending simulation request: 400 Client Error: Bad Request for url: https://api.worldquantbrain.com/simulations
2025-12-29 14:25:22,319 - ERROR - Error in sending simulation request. Retrying after 5s...
2025-12-29 14:25:27,573 - ERROR - Error in sending simulation request: 400 Client Error: Bad Request for url: https://api.worldquantbrain.com/simulations
2025-12-29 14:25:27,573 - ERROR - Error in sending simulation request. Retrying after 5s...
2025-12-29 14:25:32,828 - ERROR - Error in sending simulation request: 400 Client Error: Bad Request for url: https://api.worldquantbrain.com/simulations
2025-12-29 14:25:32,828 - ERROR - Error in sending simulation request. Retrying after 5s...
2025-12-29 14:25:38,082 - ERROR - Error in sending simulation request: 400 Client Error: Bad Request for url: https://api.worldquantbrain.com/simulations
2025-12-29 14:25:38,083 - ERROR - Error in sending simulation request. Retrying after 5s...
2025-12-29 14:25:43,342 - ERROR - Error in sending simulation request: 400 Client Error: Bad Request for url: https://api.worldquantbrain.com/simulations
2025-12-29 14:25:43,342 - ERROR - Error in sending simulation request. Retrying after 5s...
2025-12-29 14:25:48,639 - ERROR - Error in sending simulation request: 400 Client Error: Bad Request for url: https://api.worldquantbrain.com/simulations
2025-12-29 14:25:48,639 - ERROR - Error in sending simulation request. Retrying after 5s...
2025-12-29 14:25:53,889 - ERROR - Error in sending simulation request: 400 Client Error: Bad Request for url: https://api.worldquantbrain.com/simulations
2025-12-29 14:25:53,890 - ERROR - Error in sending simulation request. Retrying after 5s...
2025-12-29 14:25:59,136 - ERROR - Error in sending simulation request: 400 Client Error: Bad Request for url: https://api.worldquantbrain.com/simulations
2025-12-29 14:25:59,136 - ERROR - Error in sending simulation request. Retrying after 5s...
2025-12-29 14:26:04,377 - ERROR - Error in sending simulation request: 400 Client Error: Bad Request for url: https://api.worldquantbrain.com/simulations
2025-12-29 14:26:04,378 - ERROR - Error in sending simulation request. Retrying after 5s...
2025-12-29 14:26:09,640 - ERROR - Error in sending simulation request: 400 Client Error: Bad Request for url: https://api.worldquantbrain.com/simulations
2025-12-29 14:26:09,640 - ERROR - Error in sending simulation request. Retrying after 5s...
2025-12-29 14:26:14,888 - ERROR - Error in sending simulation request: 400 Client Error: Bad Request for url: https://api.worldquantbrain.com/simulations
2025-12-29 14:26:14,888 - ERROR - Error in sending simulation request. Retrying after 5s...
2025-12-29 14:26:20,143 - ERROR - Error in sending simulation request: 400 Client Error: Bad Request for url: https://api.worldquantbrain.com/simulations
2025-12-29 14:26:20,143 - ERROR - Error in sending simulation request. Retrying after 5s...
2025-12-29 14:26:25,849 - ERROR - Error in sending simulation request: 400 Client Error: Bad Request for url: https://api.worldquantbrain.com/simulations
2025-12-29 14:26:25,850 - ERROR - Error in sending simulation request. Retrying after 5s...
2025-12-29 14:26:31,105 - ERROR - Error in sending simulation request: 400 Client Error: Bad Request for url: https://api.worldquantbrain.com/simulations
2025-12-29 14:26:31,106 - ERROR - Error in sending simulation request. Retrying after 5s...
2025-12-29 14:26:36,378 - ERROR - Error in sending simulation request: 400 Client Error: Bad Request for url: https://api.worldquantbrain.com/simulations
2025-12-29 14:26:36,378 - ERROR - Error in sending simulation request. Retrying after 5s...
2025-12-29 14:26:41,626 - ERROR - Error in sending simulation request: 400 Client Error: Bad Request for url: https://api.worldquantbrain.com/simulations
2025-12-29 14:26:41,626 - ERROR - Error in sending simulation request. Retrying after 5s...
2025-12-29 14:26:46,875 - ERROR - Error in sending simulation request: 400 Client Error: Bad Request for url: https://api.worldquantbrain.com/simulations
2025-12-29 14:26:46,876 - ERROR - Error in sending simulation request. Retrying after 5s...
2025-12-29 14:26:52,121 - ERROR - Error in sending simulation request: 400 Client Error: Bad Request for url: https://api.worldquantbrain.com/simulations
2025-12-29 14:26:52,121 - ERROR - Error in sending simulation request. Retrying after 5s...
2025-12-29 14:26:57,371 - ERROR - Error in sending simulation request: 400 Client Error: Bad Request for url: https://api.worldquantbrain.com/simulations
2025-12-29 14:26:57,371 - ERROR - Error in sending simulation request. Retrying after 5s...
2025-12-29 14:27:02,619 - ERROR - Error in sending simulation request: 400 Client Error: Bad Request for url: https://api.worldquantbrain.com/simulations
2025-12-29 14:27:02,619 - ERROR - Error in sending simulation request. Retrying after 5s...
2025-12-29 14:27:07,867 - ERROR - Error in sending simulation request: 400 Client Error: Bad Request for url: https://api.worldquantbrain.com/simulations
2025-12-29 14:27:07,868 - ERROR - Error in sending simulation request. Retrying after 5s...
2025-12-29 14:27:13,116 - ERROR - Error in sending simulation request: 400 Client Error: Bad Request for url: https://api.worldquantbrain.com/simulations
2025-12-29 14:27:13,116 - ERROR - Error in sending simulation request. Retrying after 5s...
2025-12-29 14:27:18,365 - ERROR - Error in sending simulation request: 400 Client Error: Bad Request for url: https://api.worldquantbrain.com/simulations
2025-12-29 14:27:18,365 - ERROR - Error in sending simulation request. Retrying after 5s...
2025-12-29 14:27:23,610 - ERROR - Error in sending simulation request: 400 Client Error: Bad Request for url: https://api.worldquantbrain.com/simulations
2025-12-29 14:27:23,611 - ERROR - Error in sending simulation request. Retrying after 5s...
2025-12-29 14:27:28,853 - ERROR - Error in sending simulation request: 400 Client Error: Bad Request for url: https://api.worldquantbrain.com/simulations
2025-12-29 14:27:28,853 - ERROR - Error in sending simulation request. Retrying after 5s...
2025-12-29 14:27:34,099 - ERROR - Error in sending simulation request: 400 Client Error: Bad Request for url: https://api.worldquantbrain.com/simulations
2025-12-29 14:27:34,100 - ERROR - Error in sending simulation request. Retrying after 5s...
2025-12-29 14:27:39,344 - ERROR - Error in sending simulation request: 400 Client Error: Bad Request for url: https://api.worldquantbrain.com/simulations
2025-12-29 14:27:39,345 - ERROR - Error in sending simulation request. Retrying after 5s...
2025-12-29 14:27:44,634 - ERROR - Error in sending simulation request: 400 Client Error: Bad Request for url: https://api.worldquantbrain.com/simulations
2025-12-29 14:27:44,636 - ERROR - Error in sending simulation request. Retrying after 5s...
2025-12-29 14:27:49,910 - ERROR - Error in sending simulation request: 400 Client Error: Bad Request for url: https://api.worldquantbrain.com/simulations
2025-12-29 14:27:49,910 - ERROR - Error in sending simulation request. Retrying after 5s...
2025-12-29 14:27:55,153 - ERROR - Error in sending simulation request: 400 Client Error: Bad Request for url: https://api.worldquantbrain.com/simulations
2025-12-29 14:27:55,153 - ERROR - Error in sending simulation request. Retrying after 5s...
2025-12-29 14:28:00,395 - ERROR - Error in sending simulation request: 400 Client Error: Bad Request for url: https://api.worldquantbrain.com/simulations
2025-12-29 14:28:00,395 - ERROR - Error in sending simulation request. Retrying after 5s...
2025-12-29 14:28:05,651 - ERROR - Error in sending simulation request: 400 Client Error: Bad Request for url: https://api.worldquantbrain.com/simulations
2025-12-29 14:28:05,651 - ERROR - Error in sending simulation request. Retrying after 5s...
2025-12-29 14:28:10,895 - ERROR - Error in sending simulation request: 400 Client Error: Bad Request for url: https://api.worldquantbrain.com/simulations
2025-12-29 14:28:10,896 - ERROR - Error in sending simulation request. Retrying after 5s...
2025-12-29 14:28:16,150 - ERROR - Error in sending simulation request: 400 Client Error: Bad Request for url: https://api.worldquantbrain.com/simulations
2025-12-29 14:28:17,112 - INFO - Login to BRAIN successfully.
2025-12-29 14:28:17,114 - ERROR - Error occurred too many times, skipping this alpha and re-logging in.
2025-12-29 14:28:17,114 - ERROR - Simulation request failed after 36 attempts.
2025-12-29 14:28:20,120 - INFO - No one is in active simulation now
2025-12-29 14:28:20,120 - INFO - Loading new alpha...
2025-12-29 14:28:20,120 - INFO - Starting simulation for alpha: ts_zscore(model45, 30) with settings: {'instrumentType': 'EQUITY', 'region': 'IND', 'universe': 'TOP2000', 'delay': 1, 'decay': 7, 'neutralization': 'market', 'truncation': 0.01, 'pasteurization': 'ON', 'unitHandling': 'VERIFY', 'nanHandling': 'ON', 'language': 'FASTEXPR', 'visualization': False}
2025-12-29 14:28:20,365 - ERROR - Error in sending simulation request: 400 Client Error: Bad Request for url: https://api.worldquantbrain.com/simulations
2025-12-29 14:28:20,365 - ERROR - Error in sending simulation request. Retrying after 5s...
2025-12-29 14:28:25,616 - ERROR - Error in sending simulation request: 400 Client Error: Bad Request for url: https://api.worldquantbrain.com/simulations
2025-12-29 14:28:25,616 - ERROR - Error in sending simulation request. Retrying after 5s...
2025-12-29 14:28:30,934 - ERROR - Error in sending simulation request: 400 Client Error: Bad Request for url: https://api.worldquantbrain.com/simulations
2025-12-29 14:28:30,934 - ERROR - Error in sending simulation request. Retrying after 5s...
2025-12-29 14:28:36,207 - ERROR - Error in sending simulation request: 400 Client Error: Bad Request for url: https://api.worldquantbrain.com/simulations
2025-12-29 14:28:36,207 - ERROR - Error in sending simulation request. Retrying after 5s...
2025-12-29 14:28:41,458 - ERROR - Error in sending simulation request: 400 Client Error: Bad Request for url: https://api.worldquantbrain.com/simulations
2025-12-29 14:28:41,458 - ERROR - Error in sending simulation request. Retrying after 5s...
2025-12-29 14:28:46,703 - ERROR - Error in sending simulation request: 400 Client Error: Bad Request for url: https://api.worldquantbrain.com/simulations
2025-12-29 14:28:46,704 - ERROR - Error in sending simulation request. Retrying after 5s...
2025-12-29 14:28:51,955 - ERROR - Error in sending simulation request: 400 Client Error: Bad Request for url: https://api.worldquantbrain.com/simulations
2025-12-29 14:28:51,955 - ERROR - Error in sending simulation request. Retrying after 5s...
2025-12-29 14:28:58,141 - ERROR - Error in sending simulation request: 400 Client Error: Bad Request for url: https://api.worldquantbrain.com/simulations
2025-12-29 14:28:58,141 - ERROR - Error in sending simulation request. Retrying after 5s...
2025-12-29 14:29:03,391 - ERROR - Error in sending simulation request: 400 Client Error: Bad Request for url: https://api.worldquantbrain.com/simulations
2025-12-29 14:29:03,391 - ERROR - Error in sending simulation request. Retrying after 5s...
2025-12-29 14:29:08,637 - ERROR - Error in sending simulation request: 400 Client Error: Bad Request for url: https://api.worldquantbrain.com/simulations
2025-12-29 14:29:08,637 - ERROR - Error in sending simulation request. Retrying after 5s...
2025-12-29 14:29:13,888 - ERROR - Error in sending simulation request: 400 Client Error: Bad Request for url: https://api.worldquantbrain.com/simulations
2025-12-29 14:29:13,888 - ERROR - Error in sending simulation request. Retrying after 5s...
2025-12-29 14:29:19,136 - ERROR - Error in sending simulation request: 400 Client Error: Bad Request for url: https://api.worldquantbrain.com/simulations
2025-12-29 14:29:19,136 - ERROR - Error in sending simulation request. Retrying after 5s...
2025-12-29 14:29:24,829 - ERROR - Error in sending simulation request: 400 Client Error: Bad Request for url: https://api.worldquantbrain.com/simulations
2025-12-29 14:29:24,829 - ERROR - Error in sending simulation request. Retrying after 5s...
2025-12-29 14:29:30,080 - ERROR - Error in sending simulation request: 400 Client Error: Bad Request for url: https://api.worldquantbrain.com/simulations
2025-12-29 14:29:30,080 - ERROR - Error in sending simulation request. Retrying after 5s...
2025-12-29 14:29:35,466 - ERROR - Error in sending simulation request: 400 Client Error: Bad Request for url: https://api.worldquantbrain.com/simulations
2025-12-29 14:29:35,467 - ERROR - Error in sending simulation request. Retrying after 5s...
2025-12-29 14:29:41,152 - ERROR - Error in sending simulation request: 400 Client Error: Bad Request for url: https://api.worldquantbrain.com/simulations
2025-12-29 14:29:41,152 - ERROR - Error in sending simulation request. Retrying after 5s...
2025-12-29 14:29:46,565 - ERROR - Error in sending simulation request: 400 Client Error: Bad Request for url: https://api.worldquantbrain.com/simulations
2025-12-29 14:29:46,566 - ERROR - Error in sending simulation request. Retrying after 5s...
2025-12-29 14:29:51,859 - ERROR - Error in sending simulation request: 400 Client Error: Bad Request for url: https://api.worldquantbrain.com/simulations
2025-12-29 14:29:51,860 - ERROR - Error in sending simulation request. Retrying after 5s...
2025-12-29 14:29:57,103 - ERROR - Error in sending simulation request: 400 Client Error: Bad Request for url: https://api.worldquantbrain.com/simulations
2025-12-29 14:29:57,104 - ERROR - Error in sending simulation request. Retrying after 5s...
2025-12-29 14:30:02,354 - ERROR - Error in sending simulation request: 400 Client Error: Bad Request for url: https://api.worldquantbrain.com/simulations
2025-12-29 14:30:02,354 - ERROR - Error in sending simulation request. Retrying after 5s...
2025-12-29 14:30:07,604 - ERROR - Error in sending simulation request: 400 Client Error: Bad Request for url: https://api.worldquantbrain.com/simulations
2025-12-29 14:30:07,604 - ERROR - Error in sending simulation request. Retrying after 5s...
2025-12-29 14:30:12,857 - ERROR - Error in sending simulation request: 400 Client Error: Bad Request for url: https://api.worldquantbrain.com/simulations
2025-12-29 14:30:12,858 - ERROR - Error in sending simulation request. Retrying after 5s...
2025-12-29 14:30:18,102 - ERROR - Error in sending simulation request: 400 Client Error: Bad Request for url: https://api.worldquantbrain.com/simulations
2025-12-29 14:30:18,102 - ERROR - Error in sending simulation request. Retrying after 5s...
2025-12-29 14:30:23,355 - ERROR - Error in sending simulation request: 400 Client Error: Bad Request for url: https://api.worldquantbrain.com/simulations
2025-12-29 14:30:23,355 - ERROR - Error in sending simulation request. Retrying after 5s...
2025-12-29 14:30:29,056 - ERROR - Error in sending simulation request: 400 Client Error: Bad Request for url: https://api.worldquantbrain.com/simulations
2025-12-29 14:30:29,056 - ERROR - Error in sending simulation request. Retrying after 5s...
2025-12-29 14:30:34,307 - ERROR - Error in sending simulation request: 400 Client Error: Bad Request for url: https://api.worldquantbrain.com/simulations
2025-12-29 14:30:34,307 - ERROR - Error in sending simulation request. Retrying after 5s...
2025-12-29 14:30:39,550 - ERROR - Error in sending simulation request: 400 Client Error: Bad Request for url: https://api.worldquantbrain.com/simulations
2025-12-29 14:30:39,551 - ERROR - Error in sending simulation request. Retrying after 5s...
2025-12-29 14:30:44,793 - ERROR - Error in sending simulation request: 400 Client Error: Bad Request for url: https://api.worldquantbrain.com/simulations
2025-12-29 14:30:44,793 - ERROR - Error in sending simulation request. Retrying after 5s...
2025-12-29 14:30:50,036 - ERROR - Error in sending simulation request: 400 Client Error: Bad Request for url: https://api.worldquantbrain.com/simulations
2025-12-29 14:30:50,037 - ERROR - Error in sending simulation request. Retrying after 5s...
2025-12-29 14:30:55,285 - ERROR - Error in sending simulation request: 400 Client Error: Bad Request for url: https://api.worldquantbrain.com/simulations
2025-12-29 14:30:55,286 - ERROR - Error in sending simulation request. Retrying after 5s...
2025-12-29 14:31:00,540 - ERROR - Error in sending simulation request: 400 Client Error: Bad Request for url: https://api.worldquantbrain.com/simulations
2025-12-29 14:31:00,540 - ERROR - Error in sending simulation request. Retrying after 5s...
2025-12-29 14:31:05,790 - ERROR - Error in sending simulation request: 400 Client Error: Bad Request for url: https://api.worldquantbrain.com/simulations
2025-12-29 14:31:05,790 - ERROR - Error in sending simulation request. Retrying after 5s...
2025-12-29 14:31:11,037 - ERROR - Error in sending simulation request: 400 Client Error: Bad Request for url: https://api.worldquantbrain.com/simulations
2025-12-29 14:31:11,038 - ERROR - Error in sending simulation request. Retrying after 5s...
2025-12-29 14:31:16,283 - ERROR - Error in sending simulation request: 400 Client Error: Bad Request for url: https://api.worldquantbrain.com/simulations
2025-12-29 14:31:16,283 - ERROR - Error in sending simulation request. Retrying after 5s...
2025-12-29 14:31:21,554 - ERROR - Error in sending simulation request: 400 Client Error: Bad Request for url: https://api.worldquantbrain.com/simulations
2025-12-29 14:31:21,555 - ERROR - Error in sending simulation request. Retrying after 5s...
2025-12-29 14:31:26,802 - ERROR - Error in sending simulation request: 400 Client Error: Bad Request for url: https://api.worldquantbrain.com/simulations
2025-12-29 14:31:26,802 - ERROR - Error in sending simulation request. Retrying after 5s...
2025-12-29 14:31:32,053 - ERROR - Error in sending simulation request: 400 Client Error: Bad Request for url: https://api.worldquantbrain.com/simulations
2025-12-29 14:31:33,103 - INFO - Login to BRAIN successfully.
2025-12-29 14:31:33,103 - ERROR - Error occurred too many times, skipping this alpha and re-logging in.
2025-12-29 14:31:33,103 - ERROR - Simulation request failed after 36 attempts.
2025-12-29 14:31:36,105 - INFO - No one is in active simulation now
2025-12-29 14:31:36,105 - INFO - Loading new alpha...
2025-12-29 14:31:36,105 - INFO - Starting simulation for alpha: ts_rank(housing_starts / ts_mean(housing_starts, 40) - 1, 40) * -1 with settings: {'instrumentType': 'EQUITY', 'region': 'IND', 'universe': 'TOP2000', 'delay': 1, 'decay': 8, 'neutralization': 'subindustry', 'truncation': 0.01, 'pasteurization': 'ON', 'unitHandling': 'VERIFY', 'nanHandling': 'ON', 'language': 'FASTEXPR', 'visualization': False}
2025-12-29 14:31:36,452 - ERROR - Error in sending simulation request: 400 Client Error: Bad Request for url: https://api.worldquantbrain.com/simulations
2025-12-29 14:31:36,452 - ERROR - Error in sending simulation request. Retrying after 5s...
2025-12-29 14:31:41,697 - ERROR - Error in sending simulation request: 400 Client Error: Bad Request for url: https://api.worldquantbrain.com/simulations
2025-12-29 14:31:41,697 - ERROR - Error in sending simulation request. Retrying after 5s...
2025-12-29 14:31:46,946 - ERROR - Error in sending simulation request: 400 Client Error: Bad Request for url: https://api.worldquantbrain.com/simulations
2025-12-29 14:31:46,947 - ERROR - Error in sending simulation request. Retrying after 5s...
2025-12-29 14:31:52,198 - ERROR - Error in sending simulation request: 400 Client Error: Bad Request for url: https://api.worldquantbrain.com/simulations
2025-12-29 14:31:52,198 - ERROR - Error in sending simulation request. Retrying after 5s...
2025-12-29 14:31:57,444 - ERROR - Error in sending simulation request: 400 Client Error: Bad Request for url: https://api.worldquantbrain.com/simulations
2025-12-29 14:31:57,444 - ERROR - Error in sending simulation request. Retrying after 5s...
2025-12-29 14:32:02,698 - ERROR - Error in sending simulation request: 400 Client Error: Bad Request for url: https://api.worldquantbrain.com/simulations
2025-12-29 14:32:02,698 - ERROR - Error in sending simulation request. Retrying after 5s...
2025-12-29 14:32:07,954 - ERROR - Error in sending simulation request: 400 Client Error: Bad Request for url: https://api.worldquantbrain.com/simulations
2025-12-29 14:32:07,954 - ERROR - Error in sending simulation request. Retrying after 5s...
2025-12-29 14:32:15,768 - ERROR - Error in sending simulation request: 400 Client Error: Bad Request for url: https://api.worldquantbrain.com/simulations
2025-12-29 14:32:15,768 - ERROR - Error in sending simulation request. Retrying after 5s...
2025-12-29 14:32:21,225 - ERROR - Error in sending simulation request: 400 Client Error: Bad Request for url: https://api.worldquantbrain.com/simulations
2025-12-29 14:32:21,225 - ERROR - Error in sending simulation request. Retrying after 5s...
